Frame,Visibility,X,Y
0,1,457,195
1,1,457,194
2,1,466,165
3,1,476,139
4,1,483,117
5,1,491,94
6,1,498,74
7,1,507,57
8,1,514,40
9,1,522,26
10,1,529,13
11,1,537,3
12,0,0,0
13,0,0,0
14,0,0,0
15,0,0,0
16,0,0,0
17,0,0,0
18,0,0,0
19,0,0,0
20,0,0,0
21,0,0,0
22,0,0,0
23,0,0,0
24,1,645,5
25,1,652,18
26,1,658,34
27,1,663,48
28,1,675,86
29,1,682,107
30,1,686,128
31,1,649,195
32,1,622,235
33,1,607,256
34,1,594,278
35,1,588,286
36,1,585,293
37,1,582,299
38,1,581,306
39,1,585,297
40,1,588,289
41,1,589,277
42,1,596,267
43,1,600,260
44,1,605,250
45,1,608,246
46,1,612,243
47,1,615,241
48,1,620,241
49,1,626,241
50,1,630,245
51,1,630,246
52,1,635,252
53,1,637,258
54,1,641,266
55,1,645,280
56,1,648,291
57,1,649,303
58,1,652,314
59,1,629,302
60,1,611,289
61,1,600,278
62,1,592,272
63,1,585,263
64,1,578,258
65,1,567,256
66,1,562,258
67,1,558,258
68,1,553,260
69,1,547,263
70,1,540,272
71,1,536,274
72,1,534,280
73,1,532,289
74,1,528,293
75,1,525,302
76,1,523,309
77,1,515,311
78,1,510,296
79,1,506,272
80,1,495,252
81,1,480,218
82,1,476,204
83,1,468,190
84,1,463,178
85,1,457,170
86,1,444,153
87,1,438,144
88,1,431,141
89,1,425,137
90,1,420,136
91,1,408,136
92,1,401,136
93,1,395,139
94,1,390,144
95,1,382,153
96,1,376,161
97,1,468,228
98,1,499,246
99,1,521,260
100,1,534,270
101,1,543,278
102,1,560,291
103,1,566,297
104,1,570,306
105,1,575,311
106,1,578,316
107,1,586,323
108,1,592,320
109,1,596,306
110,1,600,299
111,1,603,293
112,1,611,286
113,1,615,282
114,1,618,282
115,1,622,280
116,1,623,280
117,1,627,282
118,1,630,280
119,1,633,282
120,1,633,282
121,1,633,286
122,1,633,289
123,1,635,297
124,1,635,303
125,1,637,309
126,1,637,314
127,1,637,323
128,1,637,340
129,1,637,347
130,1,637,357
131,1,638,368
132,0,0,0
133,0,0,0
134,0,0,0
135,0,0,0
136,0,0,0
137,0,0,0
138,0,0,0
139,0,0,0
140,0,0,0
141,0,0,0
142,0,0,0
143,0,0,0
144,0,0,0
145,1,645,9
146,1,645,34
147,1,648,58
148,1,652,82
149,1,610,207
150,1,620,245
151,1,612,270
152,1,607,286
153,1,605,299
154,1,600,316
155,1,599,326
156,1,600,331
157,1,597,340
158,1,596,347
159,1,596,352
160,1,596,348
161,0,0,0
162,0,0,0
163,0,0,0
164,0,0,0
165,0,0,0
166,0,0,0
167,0,0,0
168,0,0,0
169,0,0,0
170,0,0,0
171,0,0,0
172,0,0,0
173,0,0,0
174,0,0,0
175,0,0,0
176,0,0,0
177,0,0,0
178,0,0,0
179,1,502,24
180,1,499,26
181,1,495,30
182,1,491,35
183,1,488,40
184,1,484,51
185,1,483,60
186,1,478,86
187,1,474,99
188,1,472,117
189,1,468,136
190,1,433,222
191,1,410,277
192,1,405,289
193,1,401,302
194,1,399,311
195,1,397,318
196,1,393,336
197,1,393,340
198,1,393,347
199,1,391,357
200,1,393,352
201,1,392,336
202,1,403,318
203,1,403,309
204,1,408,308
205,1,419,284
206,1,421,275
207,1,420,230
208,1,432,214
209,1,444,184
210,1,457,135
211,1,457,135
212,1,457,135
213,1,457,135
214,1,457,135
215,1,448,153
216,1,431,158
217,1,409,159
218,1,407,154
219,1,393,163
220,1,385,170
221,1,380,175
222,1,379,182
223,1,377,188
224,1,378,195
225,1,380,204
226,1,382,212
227,1,382,221
228,1,367,245
229,1,355,255
230,1,345,263
231,1,335,274
232,1,326,282
233,1,309,306
234,1,301,320
235,1,294,337
236,1,285,352
237,1,279,369
238,1,298,327
239,1,311,306
240,1,318,289
241,1,326,277
242,1,333,267
243,1,339,260
244,1,348,252
245,1,352,248
246,1,355,248
247,1,360,248
248,1,361,250
249,1,367,255
250,1,371,258
251,1,373,262
252,1,375,267
253,1,378,272
254,1,382,284
255,1,384,291
256,1,386,299
257,1,388,306
258,1,390,314
259,1,397,306
260,1,399,296
261,1,403,289
262,1,406,278
263,1,408,272
264,1,406,270
265,1,410,263
266,1,412,260
267,1,416,260
268,1,416,260
269,1,420,262
270,1,421,267
271,1,423,272
272,1,425,277
273,1,427,284
274,1,427,291
275,1,429,300
276,1,439,307
277,1,449,316
278,1,459,314
279,1,468,307
280,1,476,297
281,1,480,289
282,1,491,278
283,1,499,272
284,1,508,270
285,1,514,267
286,1,528,263
287,1,534,263
288,1,540,266
289,1,545,267
290,1,551,270
291,1,562,278
292,1,566,282
293,1,570,289
294,1,573,297
295,1,577,306
296,1,585,320
297,1,588,330
298,1,592,340
299,1,596,350
300,1,597,359
301,1,603,369
302,1,603,368
303,1,603,368
304,1,603,365
305,1,603,365
306,1,603,365
307,1,603,365
308,1,605,368
309,1,608,374
310,1,611,374
311,1,612,374
312,1,612,374
313,1,615,374
314,1,615,374
315,1,615,374
316,1,615,374
317,1,615,374
318,1,615,374
319,1,615,374
320,1,615,374
321,1,615,374
322,1,435,177
323,1,435,180
324,1,435,188
325,1,435,194
326,1,435,201
327,1,436,209
328,1,487,234
329,1,508,241
330,1,525,252
331,1,547,262
332,1,563,272
333,1,596,293
334,1,611,306
335,1,626,320
336,1,641,336
337,1,653,350
338,1,682,384
339,1,695,403
340,1,702,410
341,1,682,365
342,1,669,340
343,1,649,302
344,1,643,289
345,1,637,278
346,1,630,272
347,1,626,266
348,1,622,260
349,1,612,256
350,1,608,255
351,1,607,255
352,1,603,256
353,1,600,258
354,1,596,263
355,1,594,270
356,1,592,274
357,1,592,280
358,1,588,289
359,1,585,302
360,1,585,309
361,1,585,320
362,1,589,328
363,1,590,321
364,1,592,306
365,1,592,296
366,1,594,286
367,1,597,282
368,1,600,274
369,1,600,270
370,1,603,262
371,1,605,260
372,1,607,260
373,1,607,260
374,1,608,260
375,1,611,263
376,1,615,267
377,1,615,272
378,1,618,278
379,1,620,286
380,1,622,303
381,1,623,312
382,1,626,323
383,1,607,299
384,1,585,258
385,1,553,207
386,1,540,190
387,1,529,175
388,1,521,161
389,1,513,153
390,1,508,144
391,1,495,133
392,1,488,128
393,1,484,125
394,1,480,124
395,1,476,122
396,1,470,122
397,1,466,124
398,1,465,125
399,1,461,128
400,1,457,131
401,1,453,139
402,1,451,144
403,1,450,151
404,1,450,156
405,1,448,161
406,1,444,177
407,1,444,184
408,1,442,192
409,1,442,199
410,1,440,209
411,1,440,218
412,1,403,256
413,1,390,272
414,1,376,284
415,1,363,302
416,1,352,316
417,1,330,350
418,1,318,368
419,1,307,391
420,1,309,361
421,1,318,334
422,1,331,296
423,1,335,284
424,1,339,274
425,1,341,267
426,1,345,263
427,1,348,258
428,1,352,256
429,1,354,256
430,1,355,258
431,1,358,260
432,1,360,262
433,1,363,270
434,1,365,274
435,1,367,280
436,1,369,286
437,1,371,293
438,1,375,309
439,1,376,316
440,1,375,328
441,1,376,339
442,1,378,339
443,1,378,323
444,1,376,311
445,1,375,302
446,1,376,291
447,1,375,282
448,1,373,272
449,1,371,272
450,1,367,267
451,1,367,266
452,1,365,266
453,1,363,266
454,1,373,193
455,1,386,138
456,1,402,102
457,1,411,79
458,1,414,68
459,1,405,71
460,1,399,74
461,1,393,82
462,1,388,92
463,1,382,102
464,1,371,125
465,1,365,139
466,1,358,154
467,1,350,170
468,1,353,189
469,1,358,224
470,1,371,261
471,1,384,286
472,1,379,302
473,1,381,309
474,1,380,308
475,1,376,299
476,1,371,289
477,1,367,278
478,1,361,272
479,1,360,263
480,1,352,252
481,1,348,248
482,1,345,245
483,1,341,245
484,1,339,243
485,1,333,245
486,1,330,248
487,1,326,252
488,1,322,256
489,1,318,263
490,1,313,278
491,1,309,289
492,1,307,297
493,1,309,296
494,1,315,282
495,1,318,274
496,1,322,263
497,1,324,260
498,1,328,260
499,1,330,262
500,1,333,263
501,1,339,270
502,1,341,272
503,1,343,277
504,1,345,282
505,1,346,289
506,1,350,302
507,1,352,309
508,1,354,316
509,1,355,327
510,1,355,337
511,1,360,343
512,1,355,327
513,1,354,312
514,1,354,306
515,1,358,296
516,1,355,289
517,1,354,277
518,1,354,272
519,1,352,270
520,1,350,267
521,1,348,266
522,1,348,266
523,1,348,267
524,1,348,272
525,1,348,274
526,1,346,280
527,1,345,296
528,1,345,303
529,1,345,312
530,1,345,318
531,1,343,309
532,1,343,289
533,1,341,282
534,1,341,277
535,1,341,272
536,1,341,270
537,1,341,267
538,1,341,266
539,1,341,267
540,1,341,272
541,1,341,274
542,1,339,278
543,1,337,289
544,1,339,291
545,1,339,299
546,1,341,306
547,1,341,314
548,1,341,334
549,1,339,334
550,1,341,318
551,1,339,309
552,1,339,297
553,1,343,289
554,1,341,282
555,1,341,278
556,1,343,272
557,1,345,272
558,1,346,272
559,1,346,274
560,1,346,278
561,1,346,280
562,1,346,284
563,1,348,289
564,1,352,299
565,1,352,309
566,1,352,316
567,1,352,325
568,1,352,336
569,1,350,357
570,1,352,368
571,1,350,378
572,1,350,382
573,1,348,382
574,1,348,381
575,1,346,378
576,1,345,381
577,1,343,381
578,1,341,384
579,1,337,386
580,1,335,386
581,1,333,386
582,1,333,388
583,1,333,388
584,1,333,388
585,1,333,388
586,1,333,388
587,1,333,388
588,1,333,388
589,1,333,388
590,1,335,388
591,1,337,388
592,1,341,386
593,1,340,382
594,1,351,374
595,1,372,341
596,1,433,203
597,1,503,172
598,1,561,141
599,1,598,93
600,1,593,59
601,1,576,46
602,1,551,39
603,1,84,43
604,0,0,0
605,1,88,40
606,1,90,37
607,1,75,47
608,1,92,37
609,0,0,0
610,1,90,43
611,1,90,47
612,1,185,90
613,1,200,85
614,1,237,93
615,1,276,107
616,1,328,118
617,1,379,124
618,1,421,131
619,1,455,136
620,1,457,135
621,1,457,135
622,1,457,135
623,1,457,135
624,1,457,135
625,1,457,135
626,1,457,135
627,1,457,135
628,1,457,135
629,1,457,135
630,1,457,135
631,1,457,135
632,1,457,135
633,1,457,135
634,1,457,135
635,1,457,135
636,1,457,135
637,1,457,135
638,1,457,135
639,1,457,135
640,1,457,135
641,1,457,135
642,1,457,135
643,1,457,135
644,1,457,135
645,1,457,135
646,1,457,135
647,1,457,135
648,1,457,135
649,1,457,135
650,1,457,135
651,1,457,135
652,1,457,135
653,1,457,135
654,1,457,135
655,1,457,135
656,1,457,135
657,1,457,135
658,1,457,135
659,1,457,135
660,1,457,135
661,1,457,135
662,1,457,135
663,1,457,135
664,1,457,135
665,1,457,135
666,1,457,135
667,1,457,135
668,1,457,135
669,1,457,135
670,1,457,135
671,1,457,135
672,1,457,135
673,1,457,135
674,1,457,135
675,1,457,135
676,1,457,135
677,1,457,135
678,1,457,135
679,1,457,135
680,1,457,135
681,1,457,135
682,1,457,135
683,1,457,135
684,1,457,135
685,1,457,135
686,1,457,135
687,1,457,135
688,1,457,135
689,1,457,135
690,1,457,135
691,1,457,135
692,1,457,135
693,1,457,135
694,1,457,135
695,1,457,135
696,1,457,135
697,1,457,135
698,1,457,135
699,1,457,135
700,1,457,135
701,1,457,135
702,1,457,135
703,1,457,135
704,1,457,135
705,1,457,135
706,1,457,135
707,1,457,135
708,1,457,135
709,1,457,135
710,1,457,135
711,1,457,135
712,1,477,178
713,1,483,195
714,1,486,219
715,1,484,260
716,1,492,283
717,1,501,292
718,1,500,302
719,1,500,304
720,1,502,301
721,1,498,297
722,1,495,289
723,1,488,282
724,1,480,280
725,1,476,278
726,1,472,278
727,1,463,277
728,1,459,278
729,1,453,280
730,1,450,284
731,1,444,289
732,1,435,303
733,1,431,309
734,1,428,311
735,1,421,298
736,1,420,267
737,1,414,218
738,1,412,201
739,1,412,188
740,1,410,178
741,1,408,171
742,1,408,160
743,1,406,156
744,1,406,153
745,1,406,153
746,1,406,151
747,1,406,153
748,1,406,154
749,1,406,156
750,1,406,158
751,1,406,161
752,1,406,165
753,1,408,175
754,1,408,180
755,1,408,188
756,1,408,194
757,1,408,201
758,1,410,215
759,1,412,222
760,1,412,229
761,1,412,239
762,1,412,248
763,1,397,255
764,1,390,256
765,1,382,258
766,1,376,262
767,1,371,266
768,1,365,270
769,1,354,282
770,1,348,289
771,1,343,299
772,1,337,309
773,1,331,320
774,1,346,311
775,1,360,291
776,1,371,284
777,1,378,280
778,1,386,277
779,1,397,272
780,1,405,272
781,1,408,272
782,1,412,274
783,1,416,278
784,1,421,284
785,1,425,289
786,1,427,293
787,1,431,299
788,1,433,306
789,1,435,309
790,1,442,289
791,1,444,278
792,1,446,274
793,1,448,272
794,1,450,270
795,1,453,266
796,1,455,266
797,1,457,267
798,1,459,270
799,1,461,272
800,1,463,282
801,1,465,289
802,1,463,293
803,1,456,284
804,1,451,263
805,1,436,229
806,1,431,218
807,1,427,209
808,1,423,204
809,1,420,197
810,1,418,195
811,1,414,192
812,1,412,192
813,1,410,192
814,1,408,194
815,1,408,195
816,1,405,199
817,1,405,205
818,1,405,209
819,1,403,212
820,1,403,218
821,1,403,229
822,1,403,238
823,1,403,243
824,1,403,250
825,1,420,228
826,1,450,184
827,1,465,168
828,1,476,151
829,1,487,137
830,1,498,125
831,1,510,117
832,1,529,99
833,1,540,92
834,1,548,88
835,1,558,82
836,1,570,80
837,1,585,80
838,1,596,82
839,1,605,85
840,1,615,88
841,1,623,96
842,1,645,113
843,1,652,124
844,1,660,136
845,1,671,151
846,1,678,165
847,1,669,193
848,1,657,217
849,1,641,241
850,1,630,248
851,1,626,255
852,1,620,260
853,1,615,272
854,1,612,277
855,1,611,282
856,1,611,289
857,1,608,293
858,1,607,306
859,1,607,311
860,1,611,306
861,1,612,291
862,1,615,282
863,1,622,272
864,1,623,270
865,1,626,266
866,1,630,263
867,1,630,263
868,1,635,263
869,1,638,267
870,1,641,270
871,1,645,274
872,1,645,280
873,1,648,289
874,1,652,306
875,1,653,314
876,1,656,323
877,1,652,323
878,1,645,306
879,1,637,289
880,1,633,280
881,1,633,277
882,1,630,272
883,1,633,272
884,1,630,272
885,1,630,272
886,1,630,277
887,1,627,280
888,1,627,284
889,1,626,293
890,1,623,302
891,1,623,306
892,1,623,316
893,1,623,323
894,1,623,331
895,1,623,350
896,1,623,357
897,1,611,306
898,1,603,260
899,1,600,229
900,1,588,175
901,1,585,153
902,1,581,131
903,1,577,113
904,1,573,96
905,1,566,65
906,1,563,52
907,1,560,43
908,1,555,34
909,1,555,24
910,1,548,11
911,1,545,7
912,1,543,3
913,1,540,3
914,1,537,1
915,1,532,3
916,1,525,7
917,1,525,11
918,1,521,18
919,1,517,28
920,1,513,37
921,1,510,62
922,1,506,77
923,1,503,92
924,1,502,111
925,1,499,128
926,1,505,216
927,1,536,252
928,1,545,282
929,1,548,296
930,1,553,306
931,1,555,320
932,1,558,327
933,1,560,331
934,1,563,316
935,1,562,306
936,1,566,291
937,1,566,272
938,1,567,267
939,1,570,260
940,1,570,256
941,1,570,252
942,1,573,246
943,1,573,245
944,1,575,246
945,1,575,246
946,1,577,250
947,1,577,258
948,1,578,263
949,1,578,272
950,1,581,277
951,1,585,272
952,1,594,263
953,1,600,262
954,1,603,262
955,1,603,262
956,1,603,263
957,1,603,267
958,1,607,274
959,1,608,278
960,1,611,282
961,1,611,289
962,1,612,297
963,1,615,312
964,1,615,320
965,1,615,330
966,1,618,340
967,1,618,348
968,1,620,357
969,1,623,340
970,1,623,330
971,1,626,323
972,1,630,314
973,1,630,303
974,1,630,299
975,1,633,296
976,1,633,293
977,1,633,291
978,1,633,291
979,1,635,291
980,1,635,293
981,1,637,297
982,1,637,303
983,1,637,306
984,1,637,312
985,1,637,314
986,1,637,316
987,1,637,318
988,1,635,323
989,1,635,340
990,1,635,347
991,1,631,346
992,1,621,338
993,1,608,325
994,1,601,312
995,1,578,291
996,1,564,269
997,1,559,251
998,1,538,230
999,1,504,190
1000,1,457,135
1001,1,457,135
1002,1,457,135
1003,1,457,135
1004,1,457,135
1005,1,457,135
1006,1,522,191
1007,1,544,212
1008,1,555,259
1009,1,577,301
1010,1,581,336
1011,1,604,351
1012,1,616,368
1013,1,622,379
1014,1,627,384
1015,1,633,388
1016,1,633,386
1017,1,635,384
1018,1,635,386
1019,1,625,380
1020,1,599,366
1021,1,570,342
1022,1,537,322
1023,1,519,311
1024,1,510,302
1025,1,513,293
1026,1,518,280
1027,1,521,278
1028,1,523,277
1029,1,525,274
1030,1,529,274
1031,1,534,277
1032,1,536,278
1033,1,540,282
1034,1,540,289
1035,1,545,296
1036,1,548,311
1037,1,552,320
1038,1,525,280
1039,1,510,250
1040,1,492,228
1041,1,480,211
1042,1,465,188
1043,1,457,178
1044,1,451,172
1045,1,446,170
1046,1,440,165
1047,1,433,161
1048,1,429,161
1049,1,427,161
1050,1,423,161
1051,1,421,163
1052,1,416,170
1053,1,416,172
1054,1,412,177
1055,1,412,182
1056,1,410,188
1057,1,408,199
1058,1,406,205
1059,1,405,212
1060,1,405,218
1061,1,405,226
1062,1,403,235
1063,1,403,250
1064,1,401,252
1065,1,401,215
1066,1,403,188
1067,1,403,168
1068,1,403,130
1069,1,403,113
1070,1,405,99
1071,1,405,89
1072,1,405,73
1073,1,405,58
1074,1,406,51
1075,1,408,44
1076,1,408,39
1077,1,408,35
1078,1,410,32
1079,1,410,32
1080,1,410,34
1081,1,410,35
1082,1,412,39
1083,1,410,47
1084,1,410,62
1085,1,410,77
1086,1,410,88
1087,1,410,103
1088,1,410,120
1089,1,410,156
1090,1,399,177
1091,1,386,184
1092,1,378,190
1093,1,373,197
1094,1,367,211
1095,1,363,218
1096,1,361,224
1097,1,360,232
1098,1,358,239
1099,1,355,255
1100,1,355,262
1101,1,354,270
1102,1,354,278
1103,1,354,284
1104,1,354,296
1105,1,352,314
1106,1,354,323
1107,1,354,334
1108,1,354,343
1109,1,354,352
1110,1,345,306
1111,1,339,282
1112,1,335,260
1113,1,331,241
1114,1,328,222
1115,1,320,190
1116,1,318,177
1117,1,313,163
1118,1,309,153
1119,1,307,143
1120,1,300,128
1121,1,298,122
1122,1,294,117
1123,1,290,114
1124,1,288,113
1125,1,283,111
1126,1,277,114
1127,1,271,119
1128,1,268,124
1129,1,264,131
1130,1,258,141
1131,1,253,163
1132,1,249,177
1133,1,245,192
1134,1,243,205
1135,1,307,239
1136,1,341,258
1137,1,350,263
1138,1,358,272
1139,1,363,274
1140,1,367,280
1141,1,375,289
1142,1,378,296
1143,1,382,302
1144,1,378,296
1145,1,371,282
1146,1,365,272
1147,1,355,262
1148,1,350,256
1149,1,345,252
1150,1,341,250
1151,1,337,250
1152,1,328,252
1153,1,324,256
1154,1,350,262
1155,1,380,258
1156,1,399,260
1157,1,425,263
1158,1,433,267
1159,1,440,272
1160,1,446,272
1161,1,451,277
1162,1,459,284
1163,1,470,278
1164,1,480,278
1165,1,488,274
1166,1,498,274
1167,1,506,277
1168,1,523,282
1169,1,529,284
1170,1,537,291
1171,1,545,297
1172,1,551,306
1173,1,537,284
1174,1,532,277
1175,1,529,272
1176,1,525,272
1177,1,525,274
1178,1,518,277
1179,1,517,278
1180,1,514,282
1181,1,513,284
1182,1,513,289
1183,1,510,303
1184,1,510,309
1185,1,508,311
1186,1,507,312
1187,1,505,313
1188,1,511,325
1189,1,504,327
1190,1,497,328
1191,1,496,320
1192,1,500,315
1193,1,499,311
1194,1,499,293
1195,1,498,289
1196,1,498,282
1197,1,495,280
1198,1,495,278
1199,1,495,277
1200,1,492,277
1201,1,491,278
1202,1,491,278
1203,1,491,284
1204,1,487,293
1205,1,487,299
1206,1,484,309
1207,1,484,316
1208,1,484,325
1209,1,484,336
1210,1,461,255
1211,1,455,235
1212,1,450,218
1213,1,446,205
1214,1,442,195
1215,1,438,178
1216,1,435,172
1217,1,433,170
1218,1,431,165
1219,1,429,163
1220,1,427,163
1221,1,425,163
1222,1,423,163
1223,1,423,165
1224,1,421,170
1225,1,420,175
1226,1,420,180
1227,1,420,184
1228,1,420,190
1229,1,418,195
1230,1,418,204
1231,1,418,216
1232,1,418,224
1233,1,395,241
1234,1,378,255
1235,1,363,266
1236,1,337,289
1237,1,326,302
1238,1,313,316
1239,1,301,331
1240,1,292,347
1241,1,287,354
1242,1,298,323
1243,1,315,291
1244,1,324,272
1245,1,333,258
1246,1,346,239
1247,1,352,234
1248,1,358,228
1249,1,363,226
1250,1,365,224
1251,1,369,224
1252,1,376,226
1253,1,378,228
1254,1,380,229
1255,1,384,234
1256,1,386,239
1257,1,391,248
1258,1,393,256
1259,1,395,263
1260,1,416,260
1261,1,435,258
1262,1,468,255
1263,1,483,255
1264,1,498,256
1265,1,513,260
1266,1,525,263
1267,1,555,274
1268,1,567,282
1269,1,558,246
1270,1,547,216
1271,1,543,199
1272,1,537,184
1273,1,532,171
1274,1,529,165
1275,1,528,163
1276,1,528,161
1277,1,525,161
1278,1,525,163
1279,1,525,165
1280,1,525,168
1281,1,525,171
1282,1,525,172
1283,1,525,182
1284,1,525,188
1285,1,525,194
1286,1,525,199
1287,1,525,207
1288,1,525,218
1289,1,525,226
1290,1,525,215
1291,1,523,177
1292,1,521,146
1293,1,521,124
1294,1,518,80
1295,1,518,64
1296,1,518,47
1297,1,518,32
1298,1,518,20
1299,0,0,0
1300,0,0,0
1301,0,0,0
1302,0,0,0
1303,0,0,0
1304,0,0,0
1305,0,0,0
1306,0,0,0
1307,0,0,0
1308,0,0,0
1309,0,0,0
1310,0,0,0
1311,0,0,0
1312,0,0,0
1313,1,514,5
1314,1,514,18
1315,1,514,48
1316,1,514,65
1317,1,514,82
1318,1,517,105
1319,1,517,125
1320,1,476,177
1321,1,463,188
1322,1,451,199
1323,1,444,211
1324,1,436,218
1325,1,427,234
1326,1,423,241
1327,1,421,248
1328,1,420,256
1329,1,416,263
1330,1,412,278
1331,1,412,289
1332,1,410,296
1333,1,410,306
1334,1,408,312
1335,1,408,320
1336,1,408,340
1337,1,405,352
1338,1,405,337
1339,1,405,323
1340,1,403,309
1341,1,405,289
1342,1,405,282
1343,1,403,277
1344,1,401,272
1345,1,401,267
1346,1,399,263
1347,1,397,262
1348,1,397,262
1349,1,397,262
1350,1,397,263
1351,1,395,270
1352,1,393,274
1353,1,393,278
1354,1,393,286
1355,1,391,293
1356,1,391,306
1357,1,390,323
1358,1,390,336
1359,1,391,343
1360,1,416,286
1361,1,433,250
1362,1,455,207
1363,1,465,190
1364,1,472,178
1365,1,480,168
1366,1,484,160
1367,1,495,148
1368,1,499,144
1369,1,503,141
1370,1,510,139
1371,1,513,139
1372,1,518,139
1373,1,523,139
1374,1,525,143
1375,1,528,144
1376,1,532,146
1377,1,536,151
1378,1,540,160
1379,1,543,165
1380,1,545,171
1381,1,547,177
1382,1,551,184
1383,1,555,197
1384,1,555,205
1385,1,558,212
1386,1,560,221
1387,1,577,194
1388,1,600,156
1389,1,608,141
1390,1,615,128
1391,1,626,117
1392,1,633,109
1393,1,649,94
1394,1,658,86
1395,1,664,82
1396,1,672,80
1397,1,680,79
1398,1,688,79
1399,1,703,80
1400,1,708,85
1401,1,716,89
1402,1,723,97
1403,1,731,105
1404,1,746,128
1405,1,753,141
1406,1,761,158
1407,1,766,175
1408,1,772,192
1409,1,690,96
1410,1,663,65
1411,1,645,47
1412,1,633,34
1413,1,626,24
1414,1,611,13
1415,1,605,11
1416,1,600,9
1417,1,597,9
1418,1,594,9
1419,1,592,11
1420,1,585,15
1421,1,585,17
1422,1,585,20
1423,1,582,26
1424,1,581,30
1425,1,578,40
1426,1,577,48
1427,1,577,54
1428,1,577,60
1429,1,575,68
1430,1,575,82
1431,1,575,92
1432,1,573,99
1433,1,573,109
1434,1,573,119
1435,1,573,136
1436,1,573,146
1437,1,573,156
1438,1,573,165
1439,1,573,175
1440,1,573,187
1441,1,573,207
1442,1,555,224
1443,1,534,239
1444,1,514,252
1445,1,498,267
1446,1,466,293
1447,1,451,309
1448,1,436,323
1449,1,423,340
1450,1,410,357
1451,1,386,394
1452,1,376,408
1453,1,376,361
1454,1,378,334
1455,1,380,309
1456,1,384,278
1457,1,384,270
1458,1,386,262
1459,1,388,256
1460,1,388,252
1461,1,390,248
1462,1,391,246
1463,1,391,246
1464,1,393,246
1465,1,393,248
1466,1,395,252
1467,1,397,260
1468,1,397,266
1469,1,397,272
1470,1,399,277
1471,1,401,282
1472,1,403,297
1473,1,399,293
1474,1,397,284
1475,1,395,280
1476,1,393,274
1477,1,390,267
1478,1,388,266
1479,1,388,263
1480,1,386,262
1481,1,384,263
1482,1,382,266
1483,1,376,272
1484,1,375,277
1485,1,373,282
1486,1,371,289
1487,1,369,297
1488,1,365,316
1489,1,363,327
1490,1,361,340
1491,1,361,350
1492,1,360,361
1493,1,363,252
1494,1,367,215
1495,1,369,184
1496,1,371,161
1497,1,373,143
1498,1,375,117
1499,1,376,107
1500,1,378,97
1501,1,380,89
1502,1,380,85
1503,1,382,80
1504,1,384,74
1505,1,386,72
1506,1,386,72
1507,1,388,71
1508,1,390,72
1509,1,391,74
1510,1,391,77
1511,1,393,80
1512,1,393,85
1513,1,395,89
1514,1,397,99
1515,1,399,105
1516,1,399,111
1517,1,401,119
1518,1,401,125
1519,1,405,141
1520,1,405,148
1521,1,405,158
1522,1,406,165
1523,1,406,172
1524,1,408,184
1525,1,410,201
1526,1,410,211
1527,1,412,221
1528,1,412,229
1529,1,412,241
1530,1,410,248
1531,1,403,239
1532,1,397,232
1533,1,393,226
1534,1,390,222
1535,1,382,218
1536,1,380,218
1537,1,376,218
1538,1,375,218
1539,1,371,221
1540,1,365,226
1541,1,363,232
1542,1,360,238
1543,1,358,245
1544,1,355,252
1545,1,352,260
1546,1,348,280
1547,1,345,291
1548,1,345,303
1549,1,341,316
1550,1,339,331
1551,1,336,353
1552,1,335,374
1553,1,332,371
1554,1,341,314
1555,1,348,278
1556,1,358,234
1557,1,361,218
1558,1,365,205
1559,1,367,194
1560,1,371,188
1561,1,375,175
1562,1,378,171
1563,1,380,170
1564,1,382,168
1565,1,384,168
1566,1,386,168
1567,1,390,170
1568,1,391,171
1569,1,393,172
1570,1,395,177
1571,1,397,180
1572,1,401,192
1573,1,403,195
1574,1,405,204
1575,1,406,209
1576,1,408,216
1577,1,410,229
1578,1,412,238
1579,1,414,245
1580,1,414,255
1581,1,416,263
1582,1,418,278
1583,1,412,238
1584,1,408,204
1585,1,405,177
1586,1,403,154
1587,1,401,136
1588,1,395,97
1589,1,393,82
1590,1,391,69
1591,1,390,58
1592,1,388,47
1593,1,384,30
1594,1,382,22
1595,1,382,17
1596,1,378,13
1597,1,378,9
1598,1,375,7
1599,1,371,7
1600,1,371,9
1601,1,367,13
1602,1,365,17
1603,1,361,32
1604,1,358,40
1605,1,355,52
1606,1,354,65
1607,1,352,79
1608,1,350,94
1609,1,346,131
1610,1,345,146
1611,1,444,226
1612,1,474,252
1613,1,492,267
1614,1,517,289
1615,1,525,299
1616,1,532,306
1617,1,537,314
1618,1,543,323
1619,1,551,337
1620,1,558,323
1621,1,562,312
1622,1,566,302
1623,1,570,291
1624,1,573,282
1625,1,577,278
1626,1,582,277
1627,1,585,274
1628,1,588,272
1629,1,592,272
1630,1,597,272
1631,1,600,277
1632,1,603,278
1633,1,607,284
1634,1,611,291
1635,1,615,306
1636,1,615,316
1637,1,620,325
1638,1,622,336
1639,1,623,344
1640,1,630,374
1641,1,620,356
1642,1,581,297
1643,1,562,266
1644,1,545,241
1645,1,525,207
1646,1,514,195
1647,1,508,187
1648,1,502,178
1649,1,495,172
1650,1,491,168
1651,1,480,161
1652,1,478,161
1653,1,474,160
1654,1,472,160
1655,1,468,161
1656,1,465,165
1657,1,461,168
1658,1,461,171
1659,1,457,175
1660,1,457,180
1661,1,453,190
1662,1,453,195
1663,1,451,204
1664,1,450,209
1665,1,450,216
1666,1,448,232
1667,1,448,239
1668,1,448,248
1669,1,446,256
1670,1,446,266
1671,1,446,274
1672,1,446,291
1673,1,446,299
1674,1,446,309
1675,1,447,303
1676,1,449,295
1677,1,446,289
1678,1,452,291
1679,1,455,273
1680,1,461,245
1681,1,466,210
1682,1,472,189
1683,1,460,166
1684,1,457,135
1685,1,457,135
1686,1,457,135
1687,1,457,135
1688,1,457,135
1689,1,457,135
1690,1,457,135
1691,1,457,135
1692,1,457,135
1693,1,457,135
1694,1,457,135
1695,1,457,135
1696,1,457,135
1697,1,479,170
1698,1,486,186
1699,1,490,213
1700,1,485,250
1701,1,495,258
1702,1,498,280
1703,1,497,288
1704,1,502,289
1705,1,507,288
1706,1,502,277
1707,1,498,256
1708,1,487,218
1709,1,483,204
1710,1,480,188
1711,1,476,175
1712,1,472,163
1713,1,468,154
1714,1,459,139
1715,1,455,131
1716,1,453,128
1717,1,450,124
1718,1,444,122
1719,1,436,122
1720,1,433,124
1721,1,427,128
1722,1,423,136
1723,1,420,143
1724,1,412,161
1725,1,408,171
1726,1,403,151
1727,1,399,141
1728,1,399,136
1729,1,397,131
1730,1,397,131
1731,1,399,133
1732,1,399,136
1733,1,399,139
1734,1,401,141
1735,1,401,148
1736,1,401,153
1737,1,403,158
1738,1,403,161
1739,1,405,168
1740,1,405,180
1741,1,406,187
1742,1,406,192
1743,1,408,199
1744,1,408,207
1745,1,410,222
1746,1,410,229
1747,1,412,238
1748,1,412,246
1749,1,412,255
1750,1,408,255
1751,1,403,248
1752,1,401,245
1753,1,397,243
1754,1,393,241
1755,1,390,241
1756,1,384,243
1757,1,382,245
1758,1,378,248
1759,1,375,252
1760,1,373,258
1761,1,367,272
1762,1,365,278
1763,1,361,289
1764,1,360,297
1765,1,355,309
1766,1,352,334
1767,1,348,347
1768,1,345,361
1769,1,345,361
1770,1,345,340
1771,1,345,309
1772,1,345,296
1773,1,345,286
1774,1,345,278
1775,1,346,274
1776,1,346,272
1777,1,348,266
1778,1,348,266
1779,1,348,266
1780,1,348,266
1781,1,348,267
1782,1,350,272
1783,1,350,278
1784,1,352,282
1785,1,352,289
1786,1,352,297
1787,1,354,312
1788,1,355,320
1789,1,355,327
1790,1,352,314
1791,1,350,291
1792,1,345,258
1793,1,341,243
1794,1,339,228
1795,1,337,216
1796,1,333,205
1797,1,331,195
1798,1,328,182
1799,1,326,177
1800,1,324,172
1801,1,322,170
1802,1,318,170
1803,1,315,170
1804,1,313,172
1805,1,309,178
1806,1,307,184
1807,1,305,194
1808,1,300,215
1809,1,298,229
1810,1,296,243
1811,1,363,246
1812,1,405,243
1813,1,457,246
1814,1,474,248
1815,1,491,252
1816,1,503,256
1817,1,514,260
1818,1,525,263
1819,1,540,274
1820,1,547,280
1821,1,555,286
1822,1,558,293
1823,1,563,299
1824,1,573,314
1825,1,577,322
1826,1,581,330
1827,1,585,340
1828,1,588,347
1829,1,597,328
1830,1,607,282
1831,1,611,256
1832,1,615,232
1833,1,622,211
1834,1,630,172
1835,1,633,156
1836,1,638,143
1837,1,643,128
1838,1,645,117
1839,1,649,107
1840,1,658,89
1841,1,660,85
1842,1,667,79
1843,1,671,74
1844,1,675,71
1845,1,682,71
1846,1,686,72
1847,1,690,77
1848,1,693,80
1849,1,697,89
1850,1,705,107
1851,1,710,120
1852,1,713,133
1853,1,717,151
1854,1,720,168
1855,1,672,209
1856,1,618,215
1857,1,581,222
1858,1,551,229
1859,1,528,238
1860,1,513,243
1861,1,487,256
1862,1,476,263
1863,1,468,270
1864,1,459,277
1865,1,453,284
1866,1,442,299
1867,1,436,306
1868,1,433,314
1869,1,429,323
1870,1,425,331
1871,1,420,350
1872,1,416,359
1873,1,412,355
1874,1,405,336
1875,1,401,323
1876,1,397,299
1877,1,393,291
1878,1,390,289
1879,1,384,282
1880,1,380,278
1881,1,376,274
1882,1,371,272
1883,1,367,272
1884,1,363,272
1885,1,360,272
1886,1,355,277
1887,1,350,284
1888,1,346,291
1889,1,343,299
1890,1,341,306
1891,1,337,316
1892,1,331,337
1893,1,330,348
1894,1,326,359
1895,1,328,337
1896,1,333,284
1897,1,339,226
1898,1,341,207
1899,1,345,190
1900,1,346,177
1901,1,348,168
1902,1,348,158
1903,1,352,146
1904,1,354,141
1905,1,355,137
1906,1,355,136
1907,1,358,133
1908,1,360,133
1909,1,361,133
1910,1,363,136
1911,1,363,137
1912,1,365,141
1913,1,369,148
1914,1,369,153
1915,1,371,158
1916,1,373,163
1917,1,373,170
1918,1,375,182
1919,1,376,190
1920,1,378,197
1921,1,378,205
1922,1,380,215
1923,1,382,222
1924,1,382,239
1925,1,384,248
1926,1,386,258
1927,1,386,267
1928,1,384,241
1929,1,382,171
1930,1,382,143
1931,1,380,119
1932,1,380,97
1933,1,378,80
1934,1,378,44
1935,1,378,30
1936,1,378,17
1937,1,376,5
1938,1,378,1
1939,0,0,0
1940,0,0,0
1941,0,0,0
1942,0,0,0
1943,0,0,0
1944,0,0,0
1945,0,0,0
1946,0,0,0
1947,0,0,0
1948,0,0,0
1949,0,0,0
1950,0,0,0
1951,1,367,9
1952,1,365,22
1953,1,365,37
1954,1,363,54
1955,1,363,94
1956,1,363,117
1957,1,363,137
1958,1,386,199
1959,1,399,229
1960,1,410,260
1961,1,414,270
1962,1,418,278
1963,1,420,286
1964,1,423,293
1965,1,425,302
1966,1,429,314
1967,1,432,316
1968,1,436,308
1969,1,442,297
1970,1,445,284
1971,1,448,274
1972,1,450,270
1973,1,453,263
1974,1,457,260
1975,1,461,258
1976,1,466,256
1977,1,468,256
1978,1,472,258
1979,1,476,260
1980,1,480,263
1981,1,483,274
1982,1,487,284
1983,1,488,293
1984,1,492,302
1985,1,482,296
1986,1,465,282
1987,1,446,263
1988,1,438,260
1989,1,433,260
1990,1,427,260
1991,1,421,260
1992,1,410,262
1993,1,406,263
1994,1,403,267
1995,1,399,272
1996,1,395,277
1997,1,390,289
1998,1,386,296
1999,1,384,303
2000,1,382,311
2001,1,378,320
2002,1,376,337
2003,1,373,350
2004,1,373,355
2005,1,367,318
2006,1,363,291
2007,1,360,263
2008,1,352,218
2009,1,348,199
2010,1,345,182
2011,1,341,168
2012,1,339,154
2013,1,333,130
2014,1,330,120
2015,1,328,113
2016,1,326,105
2017,1,322,99
2018,1,318,92
2019,1,315,89
2020,1,311,88
2021,1,309,89
2022,1,303,94
2023,1,300,105
2024,1,296,113
2025,1,292,122
2026,1,288,136
2027,1,285,148
2028,1,283,163
2029,1,277,199
2030,1,275,221
2031,1,324,232
2032,1,380,228
2033,1,420,228
2034,1,468,229
2035,1,487,234
2036,1,499,238
2037,1,513,241
2038,1,523,245
2039,1,540,256
2040,1,547,262
2041,1,555,267
2042,1,560,272
2043,1,566,280
2044,1,575,293
2045,1,581,303
2046,1,585,309
2047,1,588,316
2048,1,592,326
2049,1,594,336
2050,1,602,337
2051,1,615,299
2052,1,622,278
2053,1,630,255
2054,1,637,234
2055,1,652,197
2056,1,658,182
2057,1,663,170
2058,1,671,158
2059,1,675,146
2060,1,688,128
2061,1,695,122
2062,1,701,117
2063,1,705,113
2064,1,711,109
2065,1,723,109
2066,1,731,109
2067,1,735,113
2068,1,742,119
2069,1,750,124
2070,1,755,133
2071,1,766,156
2072,1,772,170
2073,1,778,187
2074,1,780,195
2075,1,705,137
2076,1,660,99
2077,1,645,92
2078,1,633,86
2079,1,626,82
2080,1,618,80
2081,1,608,79
2082,1,605,80
2083,1,600,82
2084,1,600,85
2085,1,596,86
2086,1,592,94
2087,1,589,99
2088,1,588,103
2089,1,588,109
2090,1,585,114
2091,1,585,120
2092,1,585,133
2093,1,585,141
2094,1,582,148
2095,1,582,156
2096,1,582,163
2097,1,582,180
2098,1,581,188
2099,1,581,197
2100,1,581,207
2101,1,581,215
2102,1,589,234
2103,1,600,234
2104,1,608,238
2105,1,615,241
2106,1,623,246
2107,1,638,256
2108,1,645,263
2109,1,649,270
2110,1,656,277
2111,1,663,286
2112,1,669,297
2113,1,678,318
2114,1,683,331
2115,1,690,347
2116,1,693,359
2117,1,697,377
2118,1,674,380
2119,1,641,343
2120,1,608,312
2121,1,585,293
2122,1,563,278
2123,1,529,255
2124,1,514,245
2125,1,502,238
2126,1,491,234
2127,1,480,229
2128,1,461,226
2129,1,453,226
2130,1,444,228
2131,1,438,229
2132,1,431,232
2133,1,425,235
2134,1,414,245
2135,1,408,248
2136,1,405,256
2137,1,399,263
2138,1,395,272
2139,1,388,286
2140,1,384,296
2141,1,382,306
2142,1,378,312
2143,1,371,315
2144,1,366,315
2145,1,360,303
2146,1,355,296
2147,1,348,270
2148,1,345,250
2149,1,331,211
2150,1,328,194
2151,1,322,178
2152,1,318,165
2153,1,313,154
2154,1,309,143
2155,1,300,125
2156,1,296,120
2157,1,292,114
2158,1,288,111
2159,1,283,109
2160,1,273,109
2161,1,270,113
2162,1,264,117
2163,1,258,124
2164,1,255,131
2165,1,243,154
2166,1,240,168
2167,1,236,182
2168,1,229,199
2169,1,226,218
2170,1,241,225
2171,1,341,241
2172,1,391,234
2173,1,427,232
2174,1,455,229
2175,1,476,232
2176,1,510,235
2177,1,523,238
2178,1,536,241
2179,1,545,246
2180,1,555,250
2181,1,570,262
2182,1,575,267
2183,1,582,274
2184,1,588,282
2185,1,592,289
2186,1,600,306
2187,1,605,312
2188,1,608,320
2189,1,612,330
2190,1,615,340
2191,1,605,340
2192,1,592,321
2193,1,581,308
2194,1,571,300
2195,1,560,291
2196,1,548,282
2197,1,529,272
2198,1,518,267
2199,1,510,263
2200,1,499,262
2201,1,491,260
2202,1,476,262
2203,1,465,263
2204,1,457,267
2205,1,450,272
2206,1,442,274
2207,1,427,286
2208,1,420,293
2209,1,412,303
2210,1,405,312
2211,1,401,320
2212,1,388,343
2213,1,402,308
2214,1,416,238
2215,1,429,194
2216,1,440,161
2217,1,450,137
2218,1,461,99
2219,1,465,88
2220,1,472,75
2221,1,478,65
2222,1,480,61
2223,1,491,60
2224,1,492,60
2225,1,485,64
2226,1,478,69
2227,1,473,75
2228,1,466,106
2229,1,457,122
2230,1,467,123
2231,1,490,132
2232,1,502,107
2233,1,506,88
2234,1,500,84
2235,1,516,82
2236,1,523,79
2237,1,527,83
2238,1,530,88
2239,1,536,92
2240,1,537,97
2241,1,540,105
2242,1,540,113
2243,1,540,122
2244,1,545,139
2245,1,547,148
2246,1,548,158
2247,1,548,165
2248,1,551,177
2249,1,553,195
2250,1,555,205
2251,1,555,215
2252,1,555,226
2253,1,558,235
2254,1,558,256
2255,1,560,266
2256,1,560,274
2257,1,560,284
2258,1,562,296
2259,1,562,306
2260,1,561,312
2261,1,558,316
2262,1,563,315
2263,1,565,319
2264,1,563,320
2265,1,558,323
2266,1,561,325
2267,1,564,328
2268,1,565,333
2269,1,566,336
2270,1,567,340
2271,1,567,340
2272,1,565,336
2273,1,560,329
2274,1,555,325
2275,1,552,308
2276,1,538,288
2277,1,547,288
2278,1,557,277
2279,1,555,282
2280,1,527,287
2281,1,503,265
2282,1,502,278
2283,1,507,288
2284,1,510,285
2285,1,517,267
2286,1,523,238
2287,1,528,215
2288,1,534,195
2289,1,540,175
2290,1,545,158
2291,1,555,128
2292,1,560,117
2293,1,566,105
2294,1,570,94
2295,1,577,86
2296,1,585,71
2297,1,589,68
2298,1,596,64
2299,1,600,60
2300,1,605,60
2301,1,611,60
2302,1,618,65
2303,1,623,71
2304,1,630,77
2305,1,633,86
2306,1,637,96
2307,1,648,122
2308,1,652,137
2309,1,656,148
2310,1,612,248
2311,1,600,274
2312,1,592,293
2313,1,585,299
2314,1,582,306
2315,1,581,309
2316,1,578,314
2317,1,577,325
2318,1,570,314
2319,1,566,303
2320,1,563,297
2321,1,560,289
2322,1,555,282
2323,1,551,274
2324,1,548,272
2325,1,545,272
2326,1,543,272
2327,1,540,272
2328,1,537,272
2329,1,536,274
2330,1,534,277
2331,1,532,280
2332,1,528,284
2333,1,525,296
2334,1,521,303
2335,1,521,311
2336,1,518,318
2337,1,517,327
2338,1,518,306
2339,1,521,282
2340,1,521,266
2341,1,523,250
2342,1,525,238
2343,1,525,224
2344,1,528,205
2345,1,528,195
2346,1,529,188
2347,1,532,182
2348,1,532,177
2349,1,536,170
2350,1,536,168
2351,1,537,165
2352,1,536,169
2353,1,530,178
2354,1,521,197
2355,1,517,225
2356,1,507,261
2357,1,502,288
2358,1,496,294
2359,1,484,291
2360,1,478,282
2361,1,468,277
2362,1,461,272
2363,1,453,267
2364,1,446,266
2365,1,431,262
2366,1,423,263
2367,1,416,263
2368,1,408,266
2369,1,403,270
2370,1,390,280
2371,1,382,286
2372,1,375,293
2373,1,371,303
2374,1,363,312
2375,1,350,336
2376,1,346,337
2377,1,346,316
2378,1,343,303
2379,1,341,291
2380,1,343,274
2381,1,345,267
2382,1,345,263
2383,1,346,262
2384,1,348,262
2385,1,348,262
2386,1,350,263
2387,1,350,266
2388,1,350,270
2389,1,352,272
2390,1,352,278
2391,1,354,289
2392,1,355,297
2393,1,355,303
2394,1,355,312
2395,1,358,320
2396,1,375,312
2397,1,388,280
2398,1,405,260
2399,1,418,239
2400,1,433,221
2401,1,457,188
2402,1,470,175
2403,1,483,161
2404,1,495,153
2405,1,506,143
2406,1,517,136
2407,1,540,124
2408,1,551,120
2409,1,562,119
2410,1,573,117
2411,1,585,119
2412,1,607,124
2413,1,618,128
2414,1,630,136
2415,1,641,144
2416,1,652,156
2417,1,672,182
2418,1,680,192
2419,1,633,248
2420,1,618,262
2421,1,611,272
2422,1,600,289
2423,1,600,293
2424,1,596,299
2425,1,596,306
2426,1,594,311
2427,1,593,309
2428,1,592,293
2429,1,592,280
2430,1,594,270
2431,1,596,260
2432,1,596,250
2433,1,596,238
2434,1,597,232
2435,1,597,226
2436,1,600,224
2437,1,600,222
2438,1,600,221
2439,1,600,222
2440,1,600,224
2441,1,603,226
2442,1,603,232
2443,1,603,245
2444,1,603,252
2445,1,603,262
2446,1,570,270
2447,1,553,274
2448,1,540,278
2449,1,521,284
2450,1,509,289
2451,1,497,298
2452,1,493,304
2453,1,488,306
2454,1,483,316
2455,1,478,323
2456,1,472,327
2457,1,466,331
2458,1,461,336
2459,1,451,347
2460,1,446,352
2461,1,444,357
2462,1,442,357
2463,1,440,357
2464,1,436,355
2465,1,435,357
2466,1,435,359
2467,1,433,361
2468,1,431,361
2469,1,431,361
2470,1,431,363
2471,1,431,363
2472,1,431,363
2473,1,429,363
2474,1,427,365
2475,1,425,365
2476,1,425,363
2477,1,423,363
2478,1,423,363
2479,1,423,363
2480,1,423,363
2481,1,423,363
2482,1,423,363
2483,1,423,363
2484,1,423,365
2485,1,423,365
2486,1,432,364
2487,1,450,359
2488,1,468,343
2489,1,491,329
2490,1,505,317
2491,1,513,306
2492,1,521,297
2493,1,525,289
2494,1,536,280
2495,1,540,277
2496,1,551,272
2497,1,555,270
2498,1,562,270
2499,1,567,270
2500,1,573,270
2501,1,582,274
2502,1,588,278
2503,1,592,282
2504,1,597,289
2505,1,605,302
2506,1,612,316
2507,1,615,327
2508,1,621,336
2509,1,615,306
2510,1,611,270
2511,1,607,248
2512,1,600,218
2513,1,597,207
2514,1,596,199
2515,1,592,192
2516,1,592,188
2517,1,588,182
2518,1,588,180
2519,1,585,180
2520,1,585,180
2521,1,585,180
2522,1,585,184
2523,1,585,188
2524,1,582,192
2525,1,585,194
2526,1,582,201
2527,1,582,211
2528,1,582,218
2529,1,581,224
2530,1,581,229
2531,1,588,218
2532,1,596,177
2533,1,612,114
2534,1,618,89
2535,1,623,65
2536,1,630,47
2537,1,633,28
2538,1,633,20
2539,1,623,16
2540,1,612,20
2541,1,604,28
2542,1,598,38
2543,1,558,73
2544,1,535,110
2545,1,514,114
2546,1,476,109
2547,1,457,135
2548,1,457,135
2549,1,457,135
2550,1,495,98
2551,1,545,99
2552,1,594,89
2553,1,620,52
2554,1,654,35
2555,1,703,24
2556,1,724,23
2557,1,742,21
2558,1,750,23
2559,1,765,32
2560,1,768,52
2561,1,772,72
2562,1,778,97
2563,1,780,120
2564,1,675,234
2565,1,652,255
2566,1,637,267
2567,1,627,278
2568,1,620,289
2569,1,611,302
2570,1,607,309
2571,1,603,314
2572,1,604,319
2573,1,606,320
2574,1,607,311
2575,1,612,286
2576,1,618,274
2577,1,622,266
2578,1,626,260
2579,1,630,252
2580,1,637,243
2581,1,641,241
2582,1,645,238
2583,1,645,238
2584,1,649,238
2585,1,656,239
2586,1,660,241
2587,1,663,246
2588,1,667,252
2589,1,669,258
2590,1,675,272
2591,1,675,280
2592,1,678,293
2593,1,682,306
2594,1,683,312
2595,1,660,266
2596,1,633,224
2597,1,623,211
2598,1,615,199
2599,1,608,192
2600,1,603,187
2601,1,594,177
2602,1,589,175
2603,1,585,172
2604,1,582,172
2605,1,578,175
2606,1,575,177
2607,1,573,180
2608,1,570,182
2609,1,567,187
2610,1,566,192
2611,1,563,201
2612,1,562,207
2613,1,558,216
2614,1,536,222
2615,1,517,229
2616,1,502,238
2617,1,472,255
2618,1,459,263
2619,1,446,272
2620,1,435,282
2621,1,423,293
2622,1,401,318
2623,1,390,336
2624,1,378,350
2625,1,369,365
2626,1,358,382
2627,1,350,352
2628,1,355,327
2629,1,360,309
2630,1,358,296
2631,1,360,286
2632,1,360,272
2633,1,361,266
2634,1,363,262
2635,1,363,260
2636,1,363,260
2637,1,363,260
2638,1,365,262
2639,1,367,263
2640,1,367,267
2641,1,367,272
2642,1,369,277
2643,1,371,289
2644,1,371,293
2645,1,371,302
2646,1,371,309
2647,1,373,316
2648,1,371,309
2649,1,371,297
2650,1,371,289
2651,1,371,278
2652,1,369,272
2653,1,365,267
2654,1,363,263
2655,1,363,262
2656,1,361,262
2657,1,361,262
2658,1,360,262
2659,1,358,267
2660,1,355,272
2661,1,355,277
2662,1,355,282
2663,1,354,291
2664,1,352,311
2665,1,350,320
2666,1,350,331
2667,1,350,340
2668,1,357,266
2669,1,352,224
2670,1,354,205
2671,1,355,188
2672,1,355,175
2673,1,358,163
2674,1,360,148
2675,1,360,143
2676,1,360,139
2677,1,361,136
2678,1,363,133
2679,1,363,131
2680,1,365,131
2681,1,365,133
2682,1,367,136
2683,1,367,137
2684,1,369,141
2685,1,369,148
2686,1,371,154
2687,1,371,158
2688,1,373,165
2689,1,373,171
2690,1,375,184
2691,1,375,192
2692,1,376,201
2693,1,376,209
2694,1,378,218
2695,1,378,234
2696,1,380,245
2697,1,380,252
2698,1,378,234
2699,1,375,205
2700,1,373,180
2701,1,367,141
2702,1,365,125
2703,1,363,109
2704,1,363,97
2705,1,360,86
2706,1,358,68
2707,1,355,58
2708,1,355,52
2709,1,354,47
2710,1,352,40
2711,1,350,37
2712,1,348,37
2713,1,346,37
2714,1,345,40
2715,1,345,44
2716,1,341,58
2717,1,339,68
2718,1,337,79
2719,1,335,89
2720,1,333,105
2721,1,333,120
2722,1,330,158
2723,1,330,177
2724,1,331,195
2725,1,339,205
2726,1,346,207
2727,1,355,215
2728,1,360,218
2729,1,361,224
2730,1,363,229
2731,1,367,234
2732,1,369,245
2733,1,371,252
2734,1,373,258
2735,1,375,266
2736,1,375,272
2737,1,378,289
2738,1,378,293
2739,1,380,303
2740,1,380,311
2741,1,378,318
2742,1,377,328
2743,1,377,335
2744,1,375,328
2745,1,371,302
2746,1,367,277
2747,1,363,256
2748,1,352,216
2749,1,348,199
2750,1,345,184
2751,1,341,171
2752,1,337,158
2753,1,328,137
2754,1,326,130
2755,1,322,122
2756,1,318,117
2757,1,315,113
2758,1,307,107
2759,1,303,107
2760,1,300,109
2761,1,296,111
2762,1,292,117
2763,1,288,124
2764,1,281,143
2765,1,275,154
2766,1,271,170
2767,1,268,184
2768,1,266,201
2769,1,275,241
2770,1,307,245
2771,1,326,248
2772,1,337,252
2773,1,346,256
2774,1,360,266
2775,1,367,270
2776,1,371,272
2777,1,375,278
2778,1,378,284
2779,1,384,296
2780,1,388,302
2781,1,389,305
2782,1,396,306
2783,1,389,309
2784,1,396,316
2785,1,394,320
2786,1,387,324
2787,1,395,319
2788,1,398,314
2789,1,405,303
2790,1,410,289
2791,1,412,282
2792,1,414,274
2793,1,416,272
2794,1,416,267
2795,1,420,263
2796,1,421,263
2797,1,423,263
2798,1,423,266
2799,1,427,267
2800,1,429,277
2801,1,431,282
2802,1,431,289
2803,1,433,296
2804,1,435,306
2805,1,435,316
2806,1,437,327
2807,1,433,311
2808,1,423,267
2809,1,416,239
2810,1,410,215
2811,1,403,182
2812,1,399,171
2813,1,397,161
2814,1,395,154
2815,1,393,146
2816,1,390,139
2817,1,388,136
2818,1,386,136
2819,1,386,133
2820,1,384,136
2821,1,382,136
2822,1,382,139
2823,1,380,141
2824,1,380,144
2825,1,380,148
2826,1,380,154
2827,1,378,165
2828,1,378,171
2829,1,378,177
2830,1,378,184
2831,1,378,192
2832,1,378,207
2833,1,378,216
2834,1,378,224
2835,1,378,234
2836,1,391,239
2837,1,427,238
2838,1,442,239
2839,1,457,241
2840,1,470,243
2841,1,480,246
2842,1,506,256
2843,1,517,262
2844,1,525,270
2845,1,537,274
2846,1,547,282
2847,1,555,293
2848,1,577,316
2849,1,585,325
2850,1,592,324
2851,1,594,306
2852,1,594,293
2853,1,592,277
2854,1,589,270
2855,1,592,266
2856,1,594,262
2857,1,596,260
2858,1,597,258
2859,1,597,260
2860,1,600,262
2861,1,600,263
2862,1,600,267
2863,1,600,278
2864,1,603,282
2865,1,603,291
2866,1,603,299
2867,1,603,306
2868,1,605,316
2869,1,607,336
2870,1,607,340
2871,1,607,355
2872,1,604,346
2873,1,585,270
2874,1,562,201
2875,1,555,175
2876,1,545,151
2877,1,536,128
2878,1,528,107
2879,1,513,71
2880,1,506,54
2881,1,498,40
2882,1,491,28
2883,1,483,17
2884,1,472,1
2885,0,0,0
2886,0,0,0
2887,0,0,0
2888,0,0,0
2889,0,0,0
2890,0,0,0
2891,0,0,0
2892,0,0,0
2893,0,0,0
2894,1,393,7
2895,1,380,30
2896,1,375,44
2897,1,369,60
2898,1,361,77
2899,1,358,96
2900,1,345,139
2901,1,341,161
2902,1,335,188
2903,1,337,215
2904,1,352,224
2905,1,361,238
2906,1,365,245
2907,1,367,250
2908,1,371,256
2909,1,371,262
2910,1,375,267
2911,1,376,278
2912,1,378,284
2913,1,378,291
2914,1,380,299
2915,1,380,306
2916,1,378,314
2917,1,378,324
2918,1,378,327
2919,1,376,319
2920,1,380,306
2921,1,382,284
2922,1,382,274
2923,1,382,266
2924,1,382,260
2925,1,380,252
2926,1,380,243
2927,1,380,241
2928,1,382,238
2929,1,382,238
2930,1,382,235
2931,1,382,235
2932,1,382,238
2933,1,382,241
2934,1,382,246
2935,1,382,252
2936,1,382,258
2937,1,382,272
2938,1,384,282
2939,1,384,293
2940,1,384,303
2941,1,384,314
2942,1,388,246
2943,1,391,188
2944,1,395,146
2945,1,397,114
2946,1,397,89
2947,1,401,52
2948,1,401,37
2949,1,403,26
2950,1,405,15
2951,1,405,7
2952,1,406,3
2953,0,0,0
2954,0,0,0
2955,0,0,0
2956,0,0,0
2957,0,0,0
2958,0,0,0
2959,0,0,0
2960,0,0,0
2961,0,0,0
2962,0,0,0
2963,0,0,0
2964,0,0,0
2965,0,0,0
2966,0,0,0
2967,0,0,0
2968,0,0,0
2969,1,427,37
2970,1,427,49
2971,1,425,56
2972,1,429,62
2973,1,429,71
2974,1,431,88
2975,1,431,97
2976,1,433,107
2977,1,433,117
2978,1,435,128
2979,1,435,146
2980,1,436,158
2981,1,436,168
2982,1,436,177
2983,1,438,188
2984,1,438,211
2985,1,438,222
2986,1,440,232
2987,1,463,195
2988,1,478,175
2989,1,502,143
2990,1,513,128
2991,1,525,117
2992,1,536,105
2993,1,545,97
2994,1,555,88
2995,1,573,74
2996,1,585,71
2997,1,594,68
2998,1,603,68
2999,1,611,68
3000,1,630,71
3001,1,641,74
3002,1,649,82
3003,1,660,89
3004,1,669,99
3005,1,690,124
3006,1,698,139
3007,1,708,154
3008,1,716,172
3009,1,724,194
3010,1,743,238
3011,1,750,263
3012,1,761,289
3013,1,768,318
3014,1,776,348
3015,1,776,352
3016,1,741,346
3017,1,713,337
3018,1,671,319
3019,1,624,291
3020,1,616,264
3021,1,612,264
3022,1,589,242
3023,1,528,191
3024,1,457,135
3025,1,457,135
3026,1,457,135
3027,1,457,135
3028,1,457,135
3029,1,457,135
3030,1,457,135
3031,1,457,135
3032,1,457,135
3033,1,457,135
3034,1,457,135
3035,1,457,135
3036,1,457,135
3037,1,457,135
3038,1,457,135
3039,1,457,135
3040,1,457,135
3041,1,457,135
3042,1,457,135
3043,1,457,135
3044,1,478,181
3045,1,484,200
3046,1,487,223
3047,1,488,266
3048,1,497,289
3049,1,509,302
3050,1,511,313
3051,1,512,318
3052,1,509,315
3053,1,499,309
3054,1,491,299
3055,1,483,291
3056,1,474,282
3057,1,465,280
3058,1,450,274
3059,1,440,274
3060,1,433,274
3061,1,425,274
3062,1,418,277
3063,1,403,284
3064,1,395,289
3065,1,388,296
3066,1,382,303
3067,1,375,311
3068,1,361,331
3069,1,377,315
3070,1,401,278
3071,1,421,256
3072,1,436,238
3073,1,461,211
3074,1,470,204
3075,1,480,195
3076,1,487,192
3077,1,492,188
3078,1,498,184
3079,1,510,182
3080,1,513,182
3081,1,518,182
3082,1,523,184
3083,1,525,187
3084,1,534,192
3085,1,536,196
3086,1,540,201
3087,1,543,207
3088,1,547,211
3089,1,553,224
3090,1,555,229
3091,1,558,238
3092,1,560,245
3093,1,562,252
3094,1,570,222
3095,1,573,192
3096,1,575,165
3097,1,578,143
3098,1,581,122
3099,1,585,105
3100,1,588,72
3101,1,592,60
3102,1,594,47
3103,1,596,35
3104,1,600,26
3105,1,603,9
3106,1,605,3
3107,1,607,1
3108,0,0,0
3109,0,0,0
3110,0,0,0
3111,0,0,0
3112,0,0,0
3113,1,626,3
3114,1,630,7
3115,1,633,26
3116,1,637,39
3117,1,638,52
3118,1,643,68
3119,1,645,85
3120,1,648,102
3121,1,633,155
3122,1,585,168
3123,1,553,178
3124,1,529,188
3125,1,513,197
3126,1,487,215
3127,1,476,222
3128,1,468,229
3129,1,463,238
3130,1,457,245
3131,1,448,260
3132,1,444,267
3133,1,440,277
3134,1,438,284
3135,1,435,293
3136,1,431,311
3137,1,429,320
3138,1,427,327
3139,1,425,340
3140,1,420,348
3141,1,421,331
3142,1,408,274
3143,1,405,255
3144,1,401,235
3145,1,399,218
3146,1,395,204
3147,1,390,177
3148,1,386,165
3149,1,384,156
3150,1,380,146
3151,1,378,139
3152,1,373,130
3153,1,369,128
3154,1,367,125
3155,1,363,125
3156,1,360,128
3157,1,354,136
3158,1,350,143
3159,1,348,151
3160,1,345,161
3161,1,341,175
3162,1,337,188
3163,1,335,232
3164,1,352,241
3165,1,358,250
3166,1,363,256
3167,1,367,263
3168,1,371,272
3169,1,375,278
3170,1,376,284
3171,1,378,289
3172,1,380,296
3173,1,382,309
3174,1,384,314
3175,1,383,322
3176,1,387,326
3177,1,391,323
3178,1,401,299
3179,1,408,289
3180,1,412,284
3181,1,416,280
3182,1,421,277
3183,1,425,272
3184,1,435,272
3185,1,438,272
3186,1,442,272
3187,1,446,272
3188,1,450,277
3189,1,457,286
3190,1,463,293
3191,1,466,302
3192,1,470,311
3193,1,474,320
3194,1,480,340
3195,1,469,306
3196,1,461,272
3197,1,450,246
3198,1,444,228
3199,1,435,201
3200,1,431,192
3201,1,427,184
3202,1,423,178
3203,1,421,172
3204,1,420,171
3205,1,416,168
3206,1,414,168
3207,1,412,168
3208,1,410,170
3209,1,410,171
3210,1,408,177
3211,1,408,180
3212,1,406,184
3213,1,406,190
3214,1,405,195
3215,1,405,207
3216,1,405,215
3217,1,405,221
3218,1,405,228
3219,1,405,235
3220,1,405,250
3221,1,405,260
3222,1,403,262
3223,1,399,256
3224,1,397,255
3225,1,395,252
3226,1,393,255
3227,1,391,255
3228,1,390,256
3229,1,388,260
3230,1,386,266
3231,1,384,277
3232,1,384,284
3233,1,382,293
3234,1,380,303
3235,1,408,297
3236,1,446,277
3237,1,463,272
3238,1,478,270
3239,1,491,267
3240,1,503,267
3241,1,525,270
3242,1,536,272
3243,1,543,274
3244,1,551,278
3245,1,558,282
3246,1,566,289
3247,1,578,302
3248,1,585,309
3249,1,590,315
3250,1,594,323
3251,1,600,331
3252,1,608,348
3253,1,603,340
3254,1,585,286
3255,1,573,255
3256,1,562,228
3257,1,540,182
3258,1,532,163
3259,1,525,146
3260,1,514,128
3261,1,506,114
3262,1,491,89
3263,1,480,80
3264,1,474,71
3265,1,465,64
3266,1,457,58
3267,1,448,54
3268,1,431,48
3269,1,421,48
3270,1,414,52
3271,1,405,56
3272,1,395,62
3273,1,378,77
3274,1,369,89
3275,1,361,103
3276,1,352,119
3277,1,345,136
3278,1,328,177
3279,1,320,199
3280,1,313,224
3281,1,305,250
3282,1,300,277
3283,1,294,296
3284,1,298,303
3285,1,298,304
3286,1,321,284
3287,1,341,250
3288,1,370,221
3289,1,397,195
3290,1,429,179
3291,1,442,158
3292,1,457,135
3293,1,457,135
3294,1,457,135
3295,1,457,135
3296,1,457,135
3297,1,457,135
3298,1,457,135
3299,1,457,135
3300,1,457,135
3301,1,457,135
3302,1,457,135
3303,1,457,135
3304,1,457,135
3305,1,457,135
3306,1,457,135
3307,1,457,135
3308,1,457,135
3309,1,457,135
3310,1,457,135
3311,1,457,135
3312,1,457,135
3313,1,457,135
3314,1,457,135
3315,1,484,181
3316,1,493,198
3317,1,498,227
3318,1,499,267
3319,1,505,284
3320,1,507,301
3321,1,507,314
3322,1,510,311
3323,1,519,311
3324,1,521,311
3325,1,525,291
3326,1,525,282
3327,1,525,278
3328,1,525,277
3329,1,528,274
3330,1,528,274
3331,1,529,274
3332,1,529,277
3333,1,532,280
3334,1,532,284
3335,1,532,289
3336,1,534,299
3337,1,534,306
3338,1,536,312
3339,1,536,318
3340,1,540,312
3341,1,543,291
3342,1,547,282
3343,1,547,274
3344,1,548,270
3345,1,551,263
3346,1,555,256
3347,1,555,255
3348,1,558,252
3349,1,560,255
3350,1,562,256
3351,1,563,258
3352,1,566,266
3353,1,567,272
3354,1,570,278
3355,1,570,284
3356,1,573,293
3357,1,577,312
3358,1,579,325
3359,1,577,330
3360,1,573,318
3361,1,570,306
3362,1,566,291
3363,1,563,289
3364,1,562,286
3365,1,558,282
3366,1,555,282
3367,1,553,280
3368,1,551,284
3369,1,551,289
3370,1,551,291
3371,1,548,296
3372,1,547,297
3373,1,547,314
3374,1,547,322
3375,1,548,327
3376,1,549,330
3377,1,552,330
3378,1,547,325
3379,1,546,312
3380,1,547,306
3381,1,554,305
3382,1,555,306
3383,1,562,289
3384,1,562,286
3385,1,562,289
3386,1,560,289
3387,1,560,293
3388,1,560,303
3389,1,560,311
3390,1,558,314
3391,1,552,312
3392,1,547,305
3393,1,546,288
3394,1,533,270
3395,1,520,248
3396,1,520,225
3397,1,512,205
3398,1,483,172
3399,1,457,135
3400,1,457,135
3401,1,457,135
3402,1,457,135
3403,1,457,135
3404,1,457,135
3405,1,457,135
3406,1,457,135
3407,1,457,135
3408,1,457,135
3409,1,457,135
3410,1,457,135
3411,1,457,135
3412,1,457,135
3413,1,457,135
3414,1,457,135
3415,1,457,135
3416,1,457,135
3417,1,457,135
3418,1,457,135
3419,1,457,135
3420,1,457,135
3421,1,457,135
3422,1,457,135
3423,1,457,135
3424,1,457,135
3425,1,457,135
3426,1,457,135
3427,1,486,170
3428,1,497,187
3429,1,499,214
3430,1,500,250
3431,1,508,270
3432,1,514,276
3433,1,519,284
3434,1,520,286
3435,1,525,283
3436,1,528,282
3437,1,529,277
3438,1,529,274
3439,1,529,272
3440,1,532,272
3441,1,534,274
3442,1,534,277
3443,1,536,278
3444,1,536,282
3445,1,537,289
3446,1,536,295
3447,1,526,296
3448,1,514,289
3449,1,506,282
3450,1,495,277
3451,1,478,272
3452,1,466,272
3453,1,457,272
3454,1,448,272
3455,1,438,272
3456,1,431,277
3457,1,414,284
3458,1,405,291
3459,1,395,297
3460,1,388,306
3461,1,380,314
3462,1,365,337
3463,1,379,319
3464,1,401,277
3465,1,418,248
3466,1,431,228
3467,1,450,197
3468,1,459,188
3469,1,465,180
3470,1,472,172
3471,1,478,170
3472,1,487,163
3473,1,492,161
3474,1,495,160
3475,1,502,160
3476,1,506,161
3477,1,510,163
3478,1,514,170
3479,1,518,171
3480,1,521,175
3481,1,525,180
3482,1,528,184
3483,1,534,195
3484,1,536,204
3485,1,540,211
3486,1,540,216
3487,1,521,222
3488,1,488,232
3489,1,474,238
3490,1,461,245
3491,1,450,250
3492,1,438,258
3493,1,416,274
3494,1,405,284
3495,1,393,297
3496,1,384,309
3497,1,378,320
3498,1,363,337
3499,1,345,365
3500,1,337,381
3501,1,339,347
3502,1,343,327
3503,1,346,311
3504,1,348,297
3505,1,350,291
3506,1,352,289
3507,1,352,286
3508,1,354,282
3509,1,355,280
3510,1,355,280
3511,1,355,282
3512,1,355,284
3513,1,355,289
3514,1,358,293
3515,1,358,297
3516,1,358,303
3517,1,358,309
3518,1,355,316
3519,1,355,323
3520,1,355,340
3521,1,358,348
3522,1,358,355
3523,1,358,340
3524,1,358,327
3525,1,360,303
3526,1,361,293
3527,1,361,289
3528,1,360,282
3529,1,360,277
3530,1,360,272
3531,1,360,270
3532,1,360,267
3533,1,360,267
3534,1,360,267
3535,1,360,272
3536,1,360,274
3537,1,360,280
3538,1,360,289
3539,1,360,293
3540,1,360,303
3541,1,360,323
3542,1,361,331
3543,1,367,278
3544,1,367,248
3545,1,371,226
3546,1,373,192
3547,1,375,180
3548,1,376,171
3549,1,378,161
3550,1,378,156
3551,1,382,146
3552,1,382,144
3553,1,384,143
3554,1,386,143
3555,1,386,143
3556,1,388,143
3557,1,390,144
3558,1,390,148
3559,1,391,151
3560,1,393,154
3561,1,393,160
3562,1,397,170
3563,1,397,177
3564,1,399,182
3565,1,399,190
3566,1,401,197
3567,1,403,212
3568,1,425,222
3569,1,448,228
3570,1,470,234
3571,1,488,241
3572,1,525,255
3573,1,540,262
3574,1,555,270
3575,1,570,278
3576,1,585,289
3577,1,611,311
3578,1,626,323
3579,1,637,337
3580,1,649,352
3581,1,660,368
3582,1,672,384
3583,1,686,399
3584,1,669,357
3585,1,660,330
3586,1,652,312
3587,1,643,299
3588,1,630,278
3589,1,626,272
3590,1,622,267
3591,1,615,263
3592,1,610,261
3593,1,607,260
3594,1,605,262
3595,1,603,263
3596,1,600,266
3597,1,597,270
3598,1,594,278
3599,1,592,282
3600,1,592,289
3601,1,589,297
3602,1,588,306
3603,1,585,312
3604,1,589,311
3605,1,594,297
3606,1,594,289
3607,1,596,278
3608,1,597,272
3609,1,603,260
3610,1,605,256
3611,1,607,255
3612,1,607,255
3613,1,608,255
3614,1,612,256
3615,1,615,258
3616,1,615,260
3617,1,620,266
3618,1,622,272
3619,1,626,284
3620,1,626,293
3621,1,627,303
3622,1,630,312
3623,1,630,323
3624,1,596,269
3625,1,567,238
3626,1,548,216
3627,1,536,199
3628,1,523,184
3629,1,513,172
3630,1,495,158
3631,1,488,153
3632,1,480,146
3633,1,476,144
3634,1,470,143
3635,1,461,141
3636,1,457,141
3637,1,453,143
3638,1,450,143
3639,1,446,146
3640,1,440,153
3641,1,438,156
3642,1,435,161
3643,1,433,168
3644,1,431,172
3645,1,429,178
3646,1,425,192
3647,1,423,199
3648,1,421,207
3649,1,420,215
3650,1,420,224
3651,1,418,241
3652,1,416,248
3653,1,414,256
3654,1,410,250
3655,1,406,248
3656,1,401,248
3657,1,399,248
3658,1,397,248
3659,1,393,252
3660,1,391,256
3661,1,386,266
3662,1,384,272
3663,1,382,280
3664,1,380,289
3665,1,378,299
3666,1,391,297
3667,1,416,278
3668,1,427,274
3669,1,435,272
3670,1,440,272
3671,1,446,272
3672,1,455,277
3673,1,459,280
3674,1,461,284
3675,1,466,289
3676,1,468,291
3677,1,474,302
3678,1,476,306
3679,1,480,311
3680,1,498,289
3681,1,510,277
3682,1,537,255
3683,1,548,246
3684,1,560,239
3685,1,570,234
3686,1,582,229
3687,1,594,228
3688,1,615,224
3689,1,623,226
3690,1,633,228
3691,1,645,232
3692,1,653,238
3693,1,672,248
3694,1,682,256
3695,1,652,209
3696,1,637,188
3697,1,626,172
3698,1,611,154
3699,1,605,151
3700,1,600,146
3701,1,597,144
3702,1,594,143
3703,1,588,144
3704,1,585,146
3705,1,585,148
3706,1,585,151
3707,1,582,154
3708,1,581,158
3709,1,581,168
3710,1,578,172
3711,1,578,178
3712,1,577,184
3713,1,577,192
3714,1,577,207
3715,1,575,215
3716,1,545,228
3717,1,523,238
3718,1,503,248
3719,1,468,270
3720,1,453,282
3721,1,436,293
3722,1,421,309
3723,1,410,320
3724,1,378,357
3725,1,371,334
3726,1,375,309
3727,1,375,293
3728,1,375,289
3729,1,373,278
3730,1,373,270
3731,1,373,266
3732,1,373,266
3733,1,373,266
3734,1,373,267
3735,1,373,272
3736,1,373,274
3737,1,373,278
3738,1,373,282
3739,1,373,289
3740,1,375,299
3741,1,375,306
3742,1,375,312
3743,1,375,322
3744,1,375,333
3745,1,377,345
3746,1,376,352
3747,1,376,340
3748,1,374,324
3749,1,375,311
3750,1,375,302
3751,1,371,289
3752,1,371,280
3753,1,369,274
3754,1,369,272
3755,1,367,267
3756,1,367,266
3757,1,365,263
3758,1,365,263
3759,1,363,267
3760,1,363,270
3761,1,361,278
3762,1,361,284
3763,1,360,291
3764,1,360,302
3765,1,363,274
3766,1,367,239
3767,1,367,228
3768,1,367,218
3769,1,369,211
3770,1,371,207
3771,1,371,204
3772,1,373,199
3773,1,373,199
3774,1,375,199
3775,1,375,199
3776,1,375,201
3777,1,376,207
3778,1,378,211
3779,1,378,215
3780,1,378,218
3781,1,380,224
3782,1,382,235
3783,1,382,241
3784,1,382,248
3785,1,384,256
3786,1,384,263
3787,1,386,278
3788,1,388,284
3789,1,388,293
3790,1,388,303
3791,1,390,311
3792,1,390,318
3793,1,387,324
3794,1,385,320
3795,1,382,306
3796,1,380,297
3797,1,378,289
3798,1,373,274
3799,1,371,270
3800,1,369,266
3801,1,367,262
3802,1,363,260
3803,1,361,260
3804,1,360,260
3805,1,358,262
3806,1,355,263
3807,1,352,267
3808,1,348,278
3809,1,348,284
3810,1,345,293
3811,1,343,302
3812,1,341,312
3813,1,341,323
3814,1,345,286
3815,1,348,260
3816,1,352,245
3817,1,355,232
3818,1,355,221
3819,1,361,207
3820,1,363,201
3821,1,365,197
3822,1,367,195
3823,1,369,194
3824,1,371,194
3825,1,373,194
3826,1,375,195
3827,1,375,197
3828,1,376,201
3829,1,378,207
3830,1,380,212
3831,1,382,218
3832,1,382,224
3833,1,384,229
3834,1,386,238
3835,1,388,250
3836,1,390,258
3837,1,390,266
3838,1,391,274
3839,1,401,272
3840,1,427,255
3841,1,438,248
3842,1,448,245
3843,1,457,241
3844,1,466,239
3845,1,484,235
3846,1,492,235
3847,1,502,238
3848,1,510,239
3849,1,517,241
3850,1,529,250
3851,1,540,256
3852,1,545,263
3853,1,553,272
3854,1,558,278
3855,1,566,289
3856,1,577,311
3857,1,582,323
3858,1,585,334
3859,1,548,282
3860,1,525,258
3861,1,495,224
3862,1,480,211
3863,1,472,204
3864,1,463,195
3865,1,455,192
3866,1,442,184
3867,1,436,182
3868,1,431,182
3869,1,427,182
3870,1,423,182
3871,1,416,187
3872,1,412,190
3873,1,410,194
3874,1,406,197
3875,1,405,201
3876,1,403,207
3877,1,399,218
3878,1,397,224
3879,1,395,232
3880,1,393,238
3881,1,393,246
3882,1,391,262
3883,1,412,232
3884,1,427,211
3885,1,440,194
3886,1,453,180
3887,1,476,156
3888,1,487,146
3889,1,498,139
3890,1,510,131
3891,1,518,128
3892,1,540,120
3893,1,551,119
3894,1,560,119
3895,1,570,120
3896,1,581,122
3897,1,592,128
3898,1,612,139
3899,1,623,151
3900,1,635,160
3901,1,645,172
3902,1,652,184
3903,1,615,246
3904,1,605,256
3905,1,600,266
3906,1,596,274
3907,1,594,280
3908,1,588,293
3909,1,588,299
3910,1,585,306
3911,1,585,312
3912,1,588,317
3913,1,589,309
3914,1,596,296
3915,1,597,289
3916,1,600,284
3917,1,605,278
3918,1,608,272
3919,1,615,267
3920,1,618,266
3921,1,622,266
3922,1,623,266
3923,1,627,267
3924,1,633,274
3925,1,637,278
3926,1,641,286
3927,1,643,293
3928,1,645,303
3929,1,649,323
3930,1,652,334
3931,1,645,312
3932,1,638,297
3933,1,637,286
3934,1,627,267
3935,1,626,266
3936,1,626,263
3937,1,623,262
3938,1,622,262
3939,1,620,262
3940,1,615,263
3941,1,615,267
3942,1,612,272
3943,1,612,277
3944,1,611,282
3945,1,608,296
3946,1,608,303
3947,1,607,311
3948,1,607,318
3949,1,607,328
3950,1,611,333
3951,1,611,323
3952,1,612,312
3953,1,615,303
3954,1,615,297
3955,1,622,286
3956,1,623,282
3957,1,626,278
3958,1,626,277
3959,1,627,277
3960,1,630,277
3961,1,630,280
3962,1,630,282
3963,1,630,286
3964,1,630,289
3965,1,633,297
3966,1,635,311
3967,1,637,318
3968,1,637,327
3969,1,638,337
3970,1,641,344
3971,1,585,188
3972,1,570,148
3973,1,555,119
3974,1,547,96
3975,1,537,74
3976,1,525,43
3977,1,517,34
3978,1,510,24
3979,0,0,0
3980,1,503,7
3981,0,0,0
3982,0,0,0
3983,0,0,0
3984,0,0,0
3985,0,0,0
3986,0,0,0
3987,0,0,0
3988,0,0,0
3989,0,0,0
3990,0,0,0
3991,0,0,0
3992,0,0,0
3993,0,0,0
3994,0,0,0
3995,0,0,0
3996,0,0,0
3997,0,0,0
3998,0,0,0
3999,0,0,0
4000,0,0,0
4001,0,0,0
4002,1,457,96
4003,1,457,113
4004,1,455,124
4005,1,455,131
4006,1,455,143
4007,1,455,153
4008,1,453,171
4009,1,453,182
4010,1,453,192
4011,1,453,204
4012,1,453,212
4013,1,483,229
4014,1,503,234
4015,1,521,238
4016,1,536,243
4017,1,548,248
4018,1,575,260
4019,1,588,267
4020,1,600,277
4021,1,611,286
4022,1,622,296
4023,1,630,306
4024,1,653,331
4025,1,663,347
4026,1,672,361
4027,1,680,374
4028,1,672,348
4029,1,658,306
4030,1,652,293
4031,1,648,286
4032,1,645,278
4033,1,638,274
4034,1,633,267
4035,1,630,266
4036,1,627,263
4037,1,626,266
4038,1,622,267
4039,1,618,272
4040,1,618,274
4041,1,615,280
4042,1,615,286
4043,1,613,295
4044,1,614,301
4045,1,617,313
4046,1,609,320
4047,1,602,306
4048,1,595,298
4049,1,585,289
4050,1,566,252
4051,1,555,238
4052,1,547,222
4053,1,540,209
4054,1,529,195
4055,1,513,177
4056,1,506,170
4057,1,498,163
4058,1,491,160
4059,1,483,156
4060,1,468,154
4061,1,461,156
4062,1,453,158
4063,1,446,161
4064,1,438,170
4065,1,431,177
4066,1,418,197
4067,1,410,211
4068,1,405,224
4069,1,436,245
4070,1,453,252
4071,1,470,262
4072,1,476,266
4073,1,480,270
4074,1,483,272
4075,1,484,277
4076,1,488,280
4077,1,487,272
4078,1,483,267
4079,1,483,266
4080,1,483,263
4081,1,480,263
4082,1,480,266
4083,1,480,267
4084,1,480,272
4085,1,480,274
4086,1,478,280
4087,1,476,293
4088,1,476,303
4089,1,476,311
4090,1,472,315
4091,1,469,323
4092,1,471,338
4093,1,469,350
4094,1,461,314
4095,1,453,272
4096,1,446,241
4097,1,435,197
4098,1,431,182
4099,1,429,170
4100,1,427,160
4101,1,423,153
4102,1,420,141
4103,1,418,137
4104,1,416,133
4105,1,416,131
4106,1,414,131
4107,1,414,131
4108,1,412,133
4109,1,412,136
4110,1,410,137
4111,1,410,141
4112,1,410,144
4113,1,408,154
4114,1,408,161
4115,1,408,168
4116,1,408,172
4117,1,408,180
4118,1,408,195
4119,1,408,204
4120,1,408,211
4121,1,408,221
4122,1,401,232
4123,1,382,246
4124,1,373,255
4125,1,363,263
4126,1,355,272
4127,1,348,280
4128,1,341,291
4129,1,328,314
4130,1,322,327
4131,1,315,340
4132,1,309,357
4133,1,303,372
4134,1,292,403
4135,1,292,397
4136,1,300,363
4137,1,303,340
4138,1,307,318
4139,1,316,291
4140,1,318,282
4141,1,322,272
4142,1,326,267
4143,1,328,262
4144,1,331,256
4145,1,333,256
4146,1,335,256
4147,1,337,256
4148,1,339,258
4149,1,341,260
4150,1,345,267
4151,1,346,272
4152,1,348,278
4153,1,348,282
4154,1,369,284
4155,1,405,274
4156,1,420,272
4157,1,435,272
4158,1,450,272
4159,1,465,274
4160,1,491,280
4161,1,502,284
4162,1,514,289
4163,1,525,296
4164,1,537,303
4165,1,554,316
4166,1,570,330
4167,1,581,340
4168,1,592,352
4169,1,600,363
4170,1,608,377
4171,1,594,289
4172,1,588,262
4173,1,582,239
4174,1,577,222
4175,1,575,207
4176,1,570,188
4177,1,566,180
4178,1,563,172
4179,1,562,170
4180,1,560,165
4181,1,558,161
4182,1,555,161
4183,1,555,161
4184,1,555,161
4185,1,555,163
4186,1,555,170
4187,1,553,172
4188,1,553,177
4189,1,553,180
4190,1,551,187
4191,1,551,192
4192,1,551,204
4193,1,551,211
4194,1,551,218
4195,1,551,226
4196,1,553,234
4197,1,553,250
4198,1,553,258
4199,1,553,267
4200,1,553,274
4201,1,553,284
4202,1,550,289
4203,1,545,289
4204,1,540,284
4205,1,540,271
4206,1,529,254
4207,1,517,234
4208,1,510,213
4209,1,506,192
4210,1,475,162
4211,1,457,135
4212,1,457,135
4213,1,457,135
4214,1,457,135
4215,1,457,135
4216,1,457,135
4217,1,457,135
4218,1,457,135
4219,1,457,135
4220,1,457,135
4221,1,457,135
4222,1,457,135
4223,1,457,135
4224,1,457,135
4225,1,457,135
4226,1,457,135
4227,1,457,135
4228,1,457,135
4229,1,457,135
4230,1,457,135
4231,1,457,135
4232,1,457,135
4233,1,457,135
4234,1,457,135
4235,1,457,135
4236,1,457,135
4237,1,457,135
4238,1,457,135
4239,1,457,135
4240,1,457,135
4241,1,457,135
4242,1,457,135
4243,1,457,135
4244,1,457,135
4245,1,457,135
4246,1,457,135
4247,1,457,135
4248,1,457,135
4249,1,457,135
4250,1,457,135
4251,1,457,135
4252,1,457,135
4253,1,457,135
4254,1,457,135
4255,1,457,135
4256,1,457,135
4257,1,457,135
4258,1,457,135
4259,1,457,135
4260,1,476,174
4261,1,481,191
4262,1,485,216
4263,1,483,255
4264,1,497,277
4265,1,513,286
4266,1,515,291
4267,1,511,292
4268,1,505,289
4269,1,492,286
4270,1,480,272
4271,1,476,272
4272,1,470,267
4273,1,466,267
4274,1,463,267
4275,1,459,267
4276,1,453,272
4277,1,451,277
4278,1,450,280
4279,1,446,285
4280,1,444,291
4281,1,442,306
4282,1,440,312
4283,1,436,314
4284,1,428,291
4285,1,420,267
4286,1,406,238
4287,1,401,224
4288,1,393,211
4289,1,388,201
4290,1,382,192
4291,1,369,178
4292,1,363,172
4293,1,358,170
4294,1,352,168
4295,1,346,168
4296,1,341,168
4297,1,330,172
4298,1,322,180
4299,1,316,188
4300,1,311,195
4301,1,305,207
4302,1,294,232
4303,1,315,212
4304,1,331,188
4305,1,345,172
4306,1,355,165
4307,1,367,156
4308,1,373,154
4309,1,376,154
4310,1,380,154
4311,1,382,156
4312,1,388,160
4313,1,390,161
4314,1,393,165
4315,1,395,170
4316,1,397,175
4317,1,399,180
4318,1,403,192
4319,1,405,197
4320,1,405,204
4321,1,408,211
4322,1,408,216
4323,1,433,229
4324,1,451,235
4325,1,468,238
4326,1,484,243
4327,1,499,248
4328,1,528,260
4329,1,540,267
4330,1,555,274
4331,1,566,284
4332,1,578,296
4333,1,603,318
4334,1,615,334
4335,1,622,343
4336,1,623,323
4337,1,618,306
4338,1,615,291
4339,1,615,277
4340,1,615,272
4341,1,611,270
4342,1,611,267
4343,1,608,267
4344,1,608,267
4345,1,607,272
4346,1,607,272
4347,1,607,278
4348,1,607,282
4349,1,605,293
4350,1,605,302
4351,1,605,306
4352,1,605,314
4353,1,605,323
4354,1,605,340
4355,1,611,353
4356,1,615,327
4357,1,623,297
4358,1,633,270
4359,1,641,246
4360,1,656,207
4361,1,663,188
4362,1,671,172
4363,1,675,160
4364,1,683,146
4365,1,697,125
4366,1,703,117
4367,1,708,109
4368,1,716,103
4369,1,720,99
4370,1,733,96
4371,1,738,94
4372,1,746,96
4373,1,750,97
4374,1,757,103
4375,1,769,117
4376,1,776,125
4377,1,783,137
4378,1,788,151
4379,1,795,165
4380,1,799,180
4381,1,758,168
4382,1,710,133
4383,1,680,113
4384,1,660,102
4385,1,648,94
4386,1,627,85
4387,1,620,82
4388,1,615,80
4389,1,608,80
4390,1,603,82
4391,1,597,86
4392,1,596,88
4393,1,592,92
4394,1,589,96
4395,1,588,99
4396,1,585,109
4397,1,585,114
4398,1,582,120
4399,1,581,128
4400,1,581,133
4401,1,581,141
4402,1,578,156
4403,1,577,163
4404,1,577,171
4405,1,577,180
4406,1,577,188
4407,1,577,207
4408,1,577,216
4409,1,577,228
4410,1,588,232
4411,1,594,238
4412,1,608,248
4413,1,615,255
4414,1,620,260
4415,1,626,267
4416,1,630,274
4417,1,641,293
4418,1,645,306
4419,1,648,318
4420,1,653,331
4421,1,658,344
4422,1,660,359
4423,1,637,348
4424,1,623,327
4425,1,611,309
4426,1,600,299
4427,1,592,289
4428,1,575,280
4429,1,567,277
4430,1,562,272
4431,1,555,272
4432,1,551,272
4433,1,543,274
4434,1,537,278
4435,1,536,282
4436,1,532,284
4437,1,528,291
4438,1,525,302
4439,1,521,309
4440,1,518,314
4441,1,518,323
4442,1,518,333
4443,1,519,339
4444,1,528,309
4445,1,536,278
4446,1,547,252
4447,1,555,229
4448,1,563,209
4449,1,578,172
4450,1,588,158
4451,1,594,143
4452,1,600,131
4453,1,608,120
4454,1,623,102
4455,1,630,94
4456,1,637,88
4457,1,645,85
4458,1,652,80
4459,1,667,79
4460,1,675,80
4461,1,682,85
4462,1,690,89
4463,1,697,97
4464,1,705,105
4465,1,717,128
4466,1,724,143
4467,1,733,160
4468,1,735,172
4469,1,697,209
4470,1,663,229
4471,1,653,239
4472,1,645,246
4473,1,641,252
4474,1,635,262
4475,1,626,274
4476,1,622,282
4477,1,620,289
4478,1,615,296
4479,1,615,306
4480,1,611,318
4481,1,608,327
4482,1,608,336
4483,1,607,344
4484,1,601,345
4485,1,593,334
4486,1,575,318
4487,1,566,306
4488,1,555,293
4489,1,547,286
4490,1,537,277
4491,1,521,266
4492,1,510,260
4493,1,503,256
4494,1,495,255
4495,1,488,252
4496,1,474,255
4497,1,466,256
4498,1,459,260
4499,1,451,263
4500,1,446,270
4501,1,433,282
4502,1,425,291
4503,1,420,302
4504,1,414,309
4505,1,408,318
4506,1,401,336
4507,1,399,291
4508,1,401,272
4509,1,401,255
4510,1,401,243
4511,1,401,234
4512,1,401,218
4513,1,401,215
4514,1,403,211
4515,1,403,209
4516,1,405,209
4517,1,405,209
4518,1,405,211
4519,1,406,212
4520,1,406,215
4521,1,408,218
4522,1,382,255
4523,1,373,270
4524,1,365,284
4525,1,355,302
4526,1,346,318
4527,1,341,336
4528,1,331,357
4529,1,343,334
4530,1,355,312
4531,1,360,302
4532,1,365,293
4533,1,375,282
4534,1,378,278
4535,1,380,278
4536,1,384,278
4537,1,386,278
4538,1,390,282
4539,1,393,284
4540,1,395,289
4541,1,397,293
4542,1,399,299
4543,1,403,311
4544,1,405,318
4545,1,406,325
4546,1,406,331
4547,1,408,340
4548,1,408,347
4549,1,407,329
4550,1,401,293
4551,1,397,272
4552,1,395,256
4553,1,393,238
4554,1,390,211
4555,1,386,195
4556,1,384,187
4557,1,382,177
4558,1,380,168
4559,1,376,156
4560,1,375,153
4561,1,373,148
4562,1,371,146
4563,1,369,146
4564,1,363,153
4565,1,361,158
4566,1,360,163
4567,1,355,172
4568,1,354,184
4569,1,352,195
4570,1,360,178
4571,1,360,163
4572,1,363,156
4573,1,365,151
4574,1,367,148
4575,1,369,148
4576,1,371,148
4577,1,371,151
4578,1,373,153
4579,1,375,154
4580,1,376,161
4581,1,376,165
4582,1,378,170
4583,1,378,175
4584,1,378,180
4585,1,382,192
4586,1,382,197
4587,1,382,205
4588,1,384,211
4589,1,386,218
4590,1,386,226
4591,1,386,238
4592,1,375,218
4593,1,369,205
4594,1,363,195
4595,1,358,187
4596,1,348,172
4597,1,345,170
4598,1,339,165
4599,1,335,163
4600,1,331,161
4601,1,322,163
4602,1,318,168
4603,1,315,171
4604,1,311,177
4605,1,307,184
4606,1,298,204
4607,1,294,215
4608,1,346,216
4609,1,384,212
4610,1,410,216
4611,1,431,218
4612,1,463,226
4613,1,476,232
4614,1,484,235
4615,1,495,241
4616,1,503,246
4617,1,517,258
4618,1,523,263
4619,1,528,272
4620,1,534,278
4621,1,537,284
4622,1,547,302
4623,1,551,309
4624,1,554,318
4625,1,558,327
4626,1,560,337
4627,1,571,323
4628,1,582,289
4629,1,592,270
4630,1,600,250
4631,1,607,234
4632,1,615,221
4633,1,630,195
4634,1,635,184
4635,1,643,177
4636,1,648,168
4637,1,656,161
4638,1,669,154
4639,1,675,153
4640,1,682,153
4641,1,690,154
4642,1,697,156
4643,1,710,165
4644,1,716,172
4645,1,720,182
4646,1,695,192
4647,1,678,192
4648,1,660,207
4649,1,653,211
4650,1,648,216
4651,1,645,222
4652,1,641,228
4653,1,637,235
4654,1,633,246
4655,1,630,255
4656,1,630,262
4657,1,627,267
4658,1,626,277
4659,1,623,291
4660,1,622,302
4661,1,622,309
4662,1,619,311
4663,1,622,312
4664,1,622,330
4665,1,625,334
4666,1,628,321
4667,1,630,293
4668,1,637,267
4669,1,645,229
4670,1,649,212
4671,1,652,199
4672,1,656,187
4673,1,660,175
4674,1,663,165
4675,1,671,151
4676,1,675,143
4677,1,678,139
4678,1,682,136
4679,1,686,133
4680,1,690,136
4681,1,695,137
4682,1,698,141
4683,1,701,146
4684,1,705,156
4685,1,710,177
4686,1,711,187
4687,1,667,226
4688,1,649,241
4689,1,638,250
4690,1,626,266
4691,1,620,272
4692,1,615,277
4693,1,612,282
4694,1,611,289
4695,1,607,296
4696,1,603,309
4697,1,600,316
4698,1,600,324
4699,1,600,330
4700,1,600,336
4701,1,575,297
4702,1,566,289
4703,1,555,277
4704,1,547,267
4705,1,537,258
4706,1,521,245
4707,1,513,239
4708,1,506,238
4709,1,498,234
4710,1,491,232
4711,1,476,232
4712,1,468,234
4713,1,463,238
4714,1,455,241
4715,1,450,245
4716,1,442,252
4717,1,431,267
4718,1,423,274
4719,1,420,284
4720,1,412,297
4721,1,408,306
4722,1,397,336
4723,1,390,337
4724,1,388,314
4725,1,382,306
4726,1,380,293
4727,1,376,277
4728,1,375,272
4729,1,375,267
4730,1,376,266
4731,1,376,266
4732,1,376,266
4733,1,375,267
4734,1,375,272
4735,1,375,274
4736,1,375,278
4737,1,375,284
4738,1,375,297
4739,1,375,303
4740,1,375,311
4741,1,375,319
4742,1,376,330
4743,1,376,343
4744,1,376,357
4745,1,373,337
4746,1,364,304
4747,1,361,272
4748,1,352,221
4749,1,346,199
4750,1,343,178
4751,1,339,161
4752,1,337,146
4753,1,330,119
4754,1,326,105
4755,1,322,94
4756,1,318,85
4757,1,316,77
4758,1,313,71
4759,1,307,62
4760,1,303,58
4761,1,300,58
4762,1,296,58
4763,1,292,62
4764,1,285,69
4765,1,281,79
4766,1,277,86
4767,1,271,97
4768,1,268,109
4769,1,262,139
4770,1,256,158
4771,1,255,177
4772,1,251,199
4773,1,247,218
4774,1,296,224
4775,1,311,224
4776,1,320,226
4777,1,330,226
4778,1,335,229
4779,1,341,234
4780,1,348,241
4781,1,352,245
4782,1,355,250
4783,1,358,256
4784,1,361,262
4785,1,365,272
4786,1,367,280
4787,1,369,289
4788,1,371,296
4789,1,373,303
4790,1,376,311
4791,1,373,299
4792,1,369,286
4793,1,369,274
4794,1,369,267
4795,1,369,250
4796,1,367,245
4797,1,365,241
4798,1,363,238
4799,1,363,235
4800,1,361,234
4801,1,361,232
4802,1,360,234
4803,1,360,234
4804,1,360,238
4805,1,358,241
4806,1,355,252
4807,1,354,258
4808,1,354,266
4809,1,352,274
4810,1,352,282
4811,1,352,306
4812,1,350,316
4813,1,354,246
4814,1,358,201
4815,1,360,165
4816,1,361,111
4817,1,363,89
4818,1,365,71
4819,1,367,56
4820,1,367,43
4821,1,369,34
4822,1,371,15
4823,1,373,9
4824,1,375,3
4825,1,375,3
4826,0,0,0
4827,0,0,0
4828,0,0,0
4829,0,0,0
4830,0,0,0
4831,0,0,0
4832,0,0,0
4833,0,0,0
4834,1,384,3
4835,1,386,9
4836,1,386,15
4837,1,388,26
4838,0,0,0
4839,0,0,0
4840,1,390,48
4841,1,388,58
4842,1,391,68
4843,1,392,80
4844,1,393,94
4845,1,395,102
4846,1,395,113
4847,1,397,124
4848,1,397,143
4849,1,399,154
4850,1,399,165
4851,1,401,177
4852,1,401,188
4853,1,401,211
4854,1,388,234
4855,1,361,262
4856,1,339,284
4857,1,324,293
4858,1,296,314
4859,1,283,327
4860,1,271,340
4861,1,260,355
4862,1,247,369
4863,1,234,386
4864,1,210,425
4865,1,199,445
4866,1,185,471
4867,1,176,487
4868,1,166,490
4869,1,177,481
4870,1,179,474
4871,1,188,467
4872,1,209,442
4873,1,234,403
4874,1,227,380
4875,1,324,359
4876,1,379,318
4877,1,460,249
4878,1,457,135
4879,1,457,135
4880,1,457,135
4881,1,457,135
4882,1,457,135
4883,1,457,135
4884,1,457,135
4885,1,457,135
4886,1,457,135
4887,1,457,135
4888,1,457,135
4889,1,457,135
4890,1,457,135
4891,1,457,135
4892,1,457,135
4893,1,457,135
4894,1,483,178
4895,1,491,195
4896,1,495,223
4897,1,492,262
4898,1,492,286
4899,1,495,296
4900,1,501,306
4901,1,502,308
4902,1,509,305
4903,1,514,302
4904,1,521,291
4905,1,525,286
4906,1,532,282
4907,1,537,280
4908,1,543,278
4909,1,547,278
4910,1,551,280
4911,1,560,289
4912,1,563,291
4913,1,570,297
4914,1,573,306
4915,1,577,312
4916,1,536,256
4917,1,517,238
4918,1,502,221
4919,1,491,207
4920,1,480,197
4921,1,468,187
4922,1,461,180
4923,1,455,178
4924,1,451,177
4925,1,448,177
4926,1,442,177
4927,1,436,178
4928,1,435,180
4929,1,431,184
4930,1,429,188
4931,1,427,192
4932,1,423,201
4933,1,423,207
4934,1,421,212
4935,1,420,218
4936,1,420,226
4937,1,405,245
4938,1,390,255
4939,1,375,262
4940,1,363,272
4941,1,352,280
4942,1,330,302
4943,1,320,312
4944,1,309,327
4945,1,300,340
4946,1,292,352
4947,1,313,312
4948,1,333,278
4949,1,337,270
4950,1,345,262
4951,1,348,256
4952,1,352,255
4953,1,360,252
4954,1,361,252
4955,1,365,252
4956,1,367,256
4957,1,371,258
4958,1,375,266
4959,1,376,270
4960,1,378,274
4961,1,380,280
4962,1,384,289
4963,1,384,297
4964,1,373,282
4965,1,367,272
4966,1,358,270
4967,1,352,263
4968,1,345,260
4969,1,330,255
4970,1,322,252
4971,1,316,255
4972,1,309,256
4973,1,301,258
4974,1,288,270
4975,1,283,277
4976,1,303,238
4977,1,320,215
4978,1,330,197
4979,1,346,178
4980,1,354,172
4981,1,358,170
4982,1,363,168
4983,1,367,165
4984,1,375,165
4985,1,376,165
4986,1,380,170
4987,1,382,171
4988,1,386,172
4989,1,388,177
4990,1,393,184
4991,1,395,190
4992,1,397,195
4993,1,399,201
4994,1,401,207
4995,1,405,222
4996,1,406,228
4997,1,408,235
4998,1,408,245
4999,1,401,246
5000,1,390,255
5001,1,384,260
5002,1,378,266
5003,1,375,272
5004,1,371,278
5005,1,361,293
5006,1,358,306
5007,1,352,316
5008,1,348,327
5009,1,346,340
5010,1,358,334
5011,1,384,302
5012,1,395,293
5013,1,405,289
5014,1,410,284
5015,1,416,280
5016,1,427,278
5017,1,433,278
5018,1,438,280
5019,1,442,284
5020,1,446,286
5021,1,453,293
5022,1,456,299
5023,1,461,304
5024,1,464,311
5025,1,464,312
5026,1,463,309
5027,1,459,302
5028,1,455,289
5029,1,453,282
5030,1,450,274
5031,1,450,270
5032,1,446,260
5033,1,442,256
5034,1,438,255
5035,1,436,255
5036,1,435,255
5037,1,429,258
5038,1,427,260
5039,1,423,263
5040,1,421,270
5041,1,420,277
5042,1,416,289
5043,1,412,299
5044,1,412,309
5045,1,408,318
5046,1,408,331
5047,1,431,229
5048,1,438,194
5049,1,446,168
5050,1,451,144
5051,1,457,124
5052,1,461,109
5053,1,468,86
5054,1,474,77
5055,1,478,68
5056,1,480,64
5057,1,480,61
5058,1,489,62
5059,1,495,63
5060,1,499,71
5061,1,500,77
5062,1,509,61
5063,1,503,73
5064,1,503,73
5065,1,511,72
5066,1,513,70
5067,1,514,70
5068,1,517,71
5069,1,519,75
5070,1,521,81
5071,1,525,89
5072,1,525,97
5073,1,528,105
5074,1,532,120
5075,1,534,128
5076,1,536,137
5077,1,536,146
5078,1,537,156
5079,1,540,175
5080,1,543,184
5081,1,545,195
5082,1,545,205
5083,1,547,215
5084,1,510,235
5085,1,492,245
5086,1,476,252
5087,1,459,260
5088,1,446,270
5089,1,418,289
5090,1,406,299
5091,1,393,311
5092,1,380,323
5093,1,369,340
5094,1,358,355
5095,1,335,388
5096,1,324,406
5097,1,326,372
5098,1,335,340
5099,1,341,316
5100,1,348,291
5101,1,352,282
5102,1,355,274
5103,1,358,270
5104,1,360,263
5105,1,365,260
5106,1,367,260
5107,1,369,262
5108,1,371,262
5109,1,373,266
5110,1,376,272
5111,1,378,274
5112,1,380,280
5113,1,382,289
5114,1,384,293
5115,1,386,302
5116,1,390,314
5117,1,390,323
5118,1,391,330
5119,1,380,306
5120,1,371,289
5121,1,352,260
5122,1,345,248
5123,1,337,238
5124,1,330,226
5125,1,322,218
5126,1,307,207
5127,1,300,201
5128,1,292,197
5129,1,286,195
5130,1,279,195
5131,1,266,199
5132,1,258,204
5133,1,251,207
5134,1,243,215
5135,1,236,222
5136,1,228,234
5137,1,217,256
5138,1,208,272
5139,1,199,289
5140,1,195,303
5141,1,260,243
5142,1,301,201
5143,1,313,192
5144,1,322,184
5145,1,330,180
5146,1,337,178
5147,1,348,177
5148,1,352,177
5149,1,355,178
5150,1,360,180
5151,1,363,182
5152,1,369,188
5153,1,371,192
5154,1,375,195
5155,1,376,201
5156,1,378,207
5157,1,382,212
5158,1,386,224
5159,1,388,229
5160,1,390,238
5161,1,391,245
5162,1,393,252
5163,1,397,267
5164,1,401,274
5165,1,401,282
5166,1,402,278
5167,1,409,273
5168,1,412,270
5169,1,416,268
5170,1,425,254
5171,1,435,228
5172,1,436,198
5173,1,450,177
5174,1,447,157
5175,1,457,135
5176,1,457,135
5177,1,457,135
5178,1,457,135
5179,1,457,135
5180,1,457,135
5181,1,457,135
5182,1,457,135
5183,1,457,135
5184,1,457,135
5185,1,457,135
5186,1,457,135
5187,1,457,135
5188,1,457,135
5189,1,457,135
5190,1,457,135
5191,1,457,135
5192,1,457,135
5193,1,457,135
5194,1,457,135
5195,1,457,135
5196,1,457,135
5197,1,457,135
5198,1,457,135
5199,1,457,135
5200,1,457,135
5201,1,457,135
5202,1,457,135
5203,1,457,135
5204,1,457,135
5205,1,457,135
5206,1,457,135
5207,1,457,135
5208,1,457,135
5209,1,457,135
5210,1,457,135
5211,1,457,135
5212,1,457,135
5213,1,457,135
5214,1,457,135
5215,1,457,135
5216,1,457,135
5217,1,476,175
5218,1,482,192
5219,1,485,216
5220,1,481,256
5221,1,491,276
5222,1,501,285
5223,1,500,295
5224,1,500,297
5225,1,500,294
5226,1,495,289
5227,1,491,282
5228,1,484,277
5229,1,480,272
5230,1,474,270
5231,1,465,266
5232,1,459,266
5233,1,455,266
5234,1,450,267
5235,1,446,270
5236,1,435,278
5237,1,431,284
5238,1,427,291
5239,1,425,299
5240,1,425,305
5241,1,418,314
5242,1,422,318
5243,1,424,315
5244,1,438,306
5245,1,451,297
5246,1,459,289
5247,1,474,277
5248,1,483,272
5249,1,491,272
5250,1,498,270
5251,1,503,270
5252,1,517,272
5253,1,523,274
5254,1,528,278
5255,1,532,282
5256,1,537,289
5257,1,547,302
5258,1,551,309
5259,1,555,316
5260,1,558,325
5261,1,562,336
5262,1,538,259
5263,1,525,204
5264,1,514,165
5265,1,506,133
5266,1,495,103
5267,1,487,77
5268,1,468,26
5269,1,461,7
5270,0,0,0
5271,0,0,0
5272,0,0,0
5273,0,0,0
5274,0,0,0
5275,0,0,0
5276,0,0,0
5277,0,0,0
5278,0,0,0
5279,0,0,0
5280,0,0,0
5281,0,0,0
5282,0,0,0
5283,0,0,0
5284,0,0,0
5285,0,0,0
5286,0,0,0
5287,0,0,0
5288,0,0,0
5289,0,0,0
5290,0,0,0
5291,0,0,0
5292,1,271,17
5293,1,266,37
5294,1,255,85
5295,1,249,111
5296,1,245,137
5297,1,240,165
5298,1,238,194
5299,1,288,226
5300,1,307,232
5301,1,320,235
5302,1,331,241
5303,1,339,245
5304,1,345,248
5305,1,355,258
5306,1,360,263
5307,1,363,267
5308,1,367,272
5309,1,371,278
5310,1,375,291
5311,1,375,302
5312,1,379,305
5313,1,390,296
5314,1,408,284
5315,1,431,267
5316,1,442,260
5317,1,453,256
5318,1,466,250
5319,1,476,248
5320,1,495,245
5321,1,508,245
5322,1,517,246
5323,1,525,248
5324,1,536,252
5325,1,543,256
5326,1,562,267
5327,1,570,274
5328,1,578,282
5329,1,585,291
5330,1,594,303
5331,1,603,309
5332,1,600,293
5333,1,594,282
5334,1,589,274
5335,1,585,267
5336,1,581,263
5337,1,577,262
5338,1,575,260
5339,1,573,260
5340,1,570,260
5341,1,567,263
5342,1,566,267
5343,1,562,272
5344,1,560,277
5345,1,558,282
5346,1,558,289
5347,1,561,296
5348,1,563,306
5349,1,558,317
5350,1,554,293
5351,1,556,240
5352,1,563,190
5353,1,566,146
5354,1,570,109
5355,1,570,74
5356,1,573,51
5357,0,0,0
5358,0,0,0
5359,0,0,0
5360,0,0,0
5361,0,0,0
5362,0,0,0
5363,0,0,0
5364,0,0,0
5365,0,0,0
5366,0,0,0
5367,0,0,0
5368,0,0,0
5369,0,0,0
5370,0,0,0
5371,0,0,0
5372,0,0,0
5373,0,0,0
5374,0,0,0
5375,0,0,0
5376,0,0,0
5377,0,0,0
5378,0,0,0
5379,0,0,0
5380,0,0,0
5381,0,0,0
5382,0,0,0
5383,0,0,0
5384,0,0,0
5385,0,0,0
5386,1,645,9
5387,1,645,32
5388,1,649,58
5389,1,653,111
5390,1,623,204
5391,1,620,245
5392,1,612,270
5393,1,607,286
5394,1,603,309
5395,1,600,316
5396,1,598,324
5397,1,600,331
5398,1,597,340
5399,1,596,352
5400,1,597,352
5401,1,597,350
5402,1,593,339
5403,1,586,325
5404,1,580,314
5405,1,578,306
5406,1,559,288
5407,1,546,268
5408,1,545,250
5409,1,529,228
5410,1,500,190
5411,1,457,135
5412,1,457,135
5413,1,457,135
5414,1,457,135
5415,1,457,135
5416,1,457,135
5417,1,457,135
5418,1,457,135
5419,1,457,135
5420,1,457,135
5421,1,457,135
5422,1,457,135
5423,1,457,135
5424,1,457,135
5425,1,457,135
5426,1,457,135
5427,1,525,168
5428,1,562,170
5429,1,602,204
5430,1,601,238
5431,1,623,252
5432,1,648,268
5433,1,667,285
5434,1,677,297
5435,1,683,306
5436,1,693,314
5437,1,695,320
5438,1,698,327
5439,1,698,337
5440,1,692,341
5441,1,684,341
5442,1,662,329
5443,1,654,326
5444,1,626,316
5445,1,612,314
5446,1,591,340
5447,1,576,340
5448,1,538,320
5449,1,505,305
5450,1,506,308
5451,1,514,304
5452,1,521,299
5453,1,528,289
5454,1,537,282
5455,1,543,278
5456,1,551,274
5457,1,563,272
5458,1,570,272
5459,1,577,272
5460,1,582,272
5461,1,589,274
5462,1,600,282
5463,1,607,289
5464,1,612,296
5465,1,618,303
5466,1,623,312
5467,1,630,318
5468,1,626,306
5469,1,623,297
5470,1,622,289
5471,1,620,282
5472,1,618,277
5473,1,615,274
5474,1,615,277
5475,1,611,278
5476,1,611,280
5477,1,608,282
5478,1,607,289
5479,1,607,297
5480,1,605,303
5481,1,605,309
5482,1,603,318
5483,1,603,336
5484,1,603,343
5485,1,600,352
5486,1,584,310
5487,1,570,258
5488,1,551,199
5489,1,543,175
5490,1,534,153
5491,1,525,131
5492,1,517,113
5493,1,510,96
5494,1,495,65
5495,1,488,54
5496,1,483,43
5497,1,476,34
5498,1,468,24
5499,1,455,13
5500,1,448,9
5501,1,440,7
5502,1,433,5
5503,1,425,7
5504,1,412,13
5505,1,405,18
5506,1,397,26
5507,1,390,35
5508,1,382,47
5509,1,369,74
5510,1,363,89
5511,1,355,109
5512,1,350,128
5513,1,343,151
5514,1,339,170
5515,1,351,197
5516,1,410,218
5517,1,446,218
5518,1,470,221
5519,1,491,222
5520,1,518,228
5521,1,529,232
5522,1,540,238
5523,1,547,241
5524,1,555,246
5525,1,566,258
5526,1,570,263
5527,1,575,272
5528,1,581,277
5529,1,582,282
5530,1,589,299
5531,1,594,306
5532,1,600,291
5533,1,605,272
5534,1,611,263
5535,1,615,250
5536,1,626,232
5537,1,630,224
5538,1,635,216
5539,1,638,211
5540,1,645,207
5541,1,652,204
5542,1,658,204
5543,1,660,205
5544,1,667,209
5545,1,669,212
5546,1,630,234
5547,1,615,241
5548,1,603,248
5549,1,597,252
5550,1,592,258
5551,1,585,267
5552,1,582,272
5553,1,581,277
5554,1,577,282
5555,1,570,277
5556,1,567,272
5557,1,555,262
5558,1,551,260
5559,1,545,260
5560,1,540,260
5561,1,536,260
5562,1,525,266
5563,1,523,270
5564,1,518,274
5565,1,513,280
5566,1,510,289
5567,1,503,295
5568,1,492,301
5569,1,476,299
5570,1,466,289
5571,1,459,282
5572,1,442,278
5573,1,435,278
5574,1,429,278
5575,1,423,278
5576,1,418,280
5577,1,412,284
5578,1,405,291
5579,1,401,296
5580,1,399,302
5581,1,395,309
5582,1,391,314
5583,1,388,327
5584,1,386,337
5585,1,401,306
5586,1,414,278
5587,1,427,252
5588,1,450,209
5589,1,459,190
5590,1,470,172
5591,1,480,158
5592,1,488,143
5593,1,508,120
5594,1,517,111
5595,1,525,103
5596,1,534,96
5597,1,543,89
5598,1,553,88
5599,1,570,82
5600,1,581,82
5601,1,589,85
5602,1,600,88
5603,1,608,94
5604,1,627,109
5605,1,637,120
5606,1,645,131
5607,1,656,146
5608,1,663,160
5609,1,630,148
5610,1,611,136
5611,1,600,128
5612,1,589,124
5613,1,585,120
5614,1,577,120
5615,1,573,122
5616,1,570,124
5617,1,567,125
5618,1,566,130
5619,1,563,133
5620,1,562,141
5621,1,562,146
5622,1,562,151
5623,1,560,156
5624,1,560,161
5625,1,560,175
5626,1,560,180
5627,1,560,188
5628,1,560,195
5629,1,560,204
5630,1,560,218
5631,1,547,228
5632,1,528,234
5633,1,510,238
5634,1,495,243
5635,1,470,255
5636,1,457,262
5637,1,446,272
5638,1,435,278
5639,1,423,289
5640,1,414,299
5641,1,397,318
5642,1,382,337
5643,1,373,355
5644,1,365,363
5645,1,363,334
5646,1,369,291
5647,1,371,282
5648,1,371,274
5649,1,371,270
5650,1,371,263
5651,1,373,258
5652,1,375,258
5653,1,375,258
5654,1,375,258
5655,1,376,260
5656,1,376,266
5657,1,378,272
5658,1,378,274
5659,1,378,280
5660,1,380,289
5661,1,380,293
5662,1,382,309
5663,1,384,316
5664,1,382,326
5665,1,384,334
5666,1,384,340
5667,1,378,306
5668,1,378,297
5669,1,378,289
5670,1,378,277
5671,1,376,270
5672,1,373,258
5673,1,371,252
5674,1,369,248
5675,1,367,246
5676,1,365,245
5677,1,363,245
5678,1,363,245
5679,1,361,246
5680,1,360,250
5681,1,358,255
5682,1,355,260
5683,1,352,274
5684,1,352,282
5685,1,350,291
5686,1,348,302
5687,1,348,314
5688,1,380,246
5689,1,397,218
5690,1,410,195
5691,1,421,178
5692,1,431,163
5693,1,446,143
5694,1,453,136
5695,1,459,130
5696,1,465,124
5697,1,470,120
5698,1,480,117
5699,1,483,114
5700,1,487,114
5701,1,492,117
5702,1,495,117
5703,1,499,119
5704,1,506,124
5705,1,510,128
5706,1,513,131
5707,1,517,139
5708,1,521,143
5709,1,525,156
5710,1,528,163
5711,1,532,170
5712,1,534,177
5713,1,536,184
5714,1,540,204
5715,1,543,211
5716,1,545,221
5717,1,547,229
5718,1,548,238
5719,1,551,258
5720,1,555,263
5721,1,560,258
5722,1,566,256
5723,1,570,256
5724,1,575,256
5725,1,581,258
5726,1,585,262
5727,1,588,266
5728,1,592,270
5729,1,594,277
5730,1,600,289
5731,1,603,302
5732,1,605,309
5733,1,608,323
5734,1,611,336
5735,1,590,310
5736,1,573,289
5737,1,562,277
5738,1,553,272
5739,1,545,267
5740,1,532,260
5741,1,525,260
5742,1,521,258
5743,1,514,260
5744,1,510,260
5745,1,506,263
5746,1,499,272
5747,1,498,274
5748,1,495,280
5749,1,492,286
5750,1,488,291
5751,1,476,291
5752,1,468,282
5753,1,463,278
5754,1,451,274
5755,1,446,272
5756,1,436,266
5757,1,433,263
5758,1,427,263
5759,1,421,266
5760,1,416,270
5761,1,406,277
5762,1,401,282
5763,1,397,289
5764,1,393,297
5765,1,388,306
5766,1,384,314
5767,1,376,336
5768,1,401,289
5769,1,416,258
5770,1,429,238
5771,1,440,218
5772,1,457,194
5773,1,463,184
5774,1,468,178
5775,1,474,172
5776,1,480,170
5777,1,488,163
5778,1,492,161
5779,1,495,161
5780,1,499,161
5781,1,503,163
5782,1,510,168
5783,1,513,171
5784,1,517,175
5785,1,518,178
5786,1,523,184
5787,1,525,188
5788,1,529,199
5789,1,532,207
5790,1,536,215
5791,1,540,216
5792,1,553,197
5793,1,570,175
5794,1,581,165
5795,1,588,158
5796,1,594,151
5797,1,600,146
5798,1,615,141
5799,1,622,139
5800,1,627,139
5801,1,633,141
5802,1,641,143
5803,1,653,153
5804,1,660,160
5805,1,667,170
5806,1,672,178
5807,1,678,190
5808,1,683,204
5809,1,649,229
5810,1,641,238
5811,1,633,243
5812,1,627,248
5813,1,623,252
5814,1,615,262
5815,1,615,267
5816,1,611,272
5817,1,611,278
5818,1,607,282
5819,1,605,297
5820,1,603,303
5821,1,603,311
5822,1,603,318
5823,1,603,325
5824,1,607,326
5825,1,610,317
5826,1,614,306
5827,1,615,297
5828,1,615,291
5829,1,620,286
5830,1,626,277
5831,1,630,272
5832,1,630,272
5833,1,635,272
5834,1,637,272
5835,1,643,272
5836,1,645,274
5837,1,648,280
5838,1,649,286
5839,1,652,293
5840,1,656,309
5841,1,658,320
5842,1,660,330
5843,1,612,274
5844,1,582,241
5845,1,543,199
5846,1,525,184
5847,1,513,172
5848,1,502,163
5849,1,492,156
5850,1,484,151
5851,1,472,144
5852,1,466,143
5853,1,461,143
5854,1,457,143
5855,1,451,143
5856,1,446,146
5857,1,442,148
5858,1,438,153
5859,1,435,156
5860,1,433,161
5861,1,429,171
5862,1,427,177
5863,1,425,184
5864,1,423,190
5865,1,421,197
5866,1,420,212
5867,1,418,222
5868,1,418,229
5869,1,416,239
5870,1,416,248
5871,1,414,255
5872,1,406,228
5873,1,405,218
5874,1,401,211
5875,1,399,205
5876,1,397,199
5877,1,391,194
5878,1,390,192
5879,1,388,192
5880,1,384,192
5881,1,382,195
5882,1,378,205
5883,1,420,215
5884,1,446,215
5885,1,470,224
5886,1,488,232
5887,1,517,245
5888,1,528,250
5889,1,540,258
5890,1,548,266
5891,1,555,272
5892,1,563,278
5893,1,577,296
5894,1,581,303
5895,1,585,311
5896,1,592,320
5897,1,596,330
5898,1,603,347
5899,1,607,357
5900,1,611,365
5901,1,611,365
5902,1,612,361
5903,1,615,359
5904,1,615,359
5905,1,615,361
5906,1,615,361
5907,1,615,363
5908,1,618,363
5909,1,618,365
5910,1,618,365
5911,1,618,365
5912,1,618,365
5913,1,620,368
5914,1,618,368
5915,1,618,368
5916,1,618,368
5917,1,618,368
5918,1,618,368
5919,1,618,368
5920,1,620,368
5921,1,620,368
5922,1,620,368
5923,1,620,368
5924,1,617,365
5925,1,611,359
5926,1,607,362
5927,1,605,353
5928,1,586,346
5929,1,566,354
5930,1,549,349
5931,1,535,350
5932,1,519,342
5933,1,505,330
5934,1,510,336
5935,1,510,337
5936,1,510,336
5937,1,510,334
5938,1,513,325
5939,1,517,314
5940,1,517,293
5941,1,517,286
5942,1,518,277
5943,1,518,272
5944,1,517,272
5945,1,517,272
5946,1,518,272
5947,1,518,272
5948,1,518,274
5949,1,518,278
5950,1,521,286
5951,1,521,291
5952,1,521,297
5953,1,521,306
5954,1,516,304
5955,1,499,289
5956,1,480,277
5957,1,470,272
5958,1,463,266
5959,1,457,262
5960,1,451,260
5961,1,436,258
5962,1,429,260
5963,1,421,263
5964,1,416,266
5965,1,408,272
5966,1,395,282
5967,1,390,289
5968,1,384,297
5969,1,378,306
5970,1,373,314
5971,1,373,306
5972,1,378,293
5973,1,380,286
5974,1,384,280
5975,1,384,278
5976,1,388,274
5977,1,391,272
5978,1,393,272
5979,1,397,272
5980,1,399,272
5981,1,401,274
5982,1,406,282
5983,1,408,289
5984,1,410,293
5985,1,412,302
5986,1,412,306
5987,1,417,315
5988,1,427,303
5989,1,435,262
5990,1,446,226
5991,1,457,194
5992,1,476,139
5993,1,483,117
5994,1,491,94
5995,1,498,74
5996,1,506,58
5997,1,514,40
5998,1,529,13
5999,1,537,3
6000,0,0,0
6001,0,0,0
6002,0,0,0
6003,0,0,0
6004,0,0,0
6005,0,0,0
6006,0,0,0
6007,0,0,0
6008,0,0,0
6009,0,0,0
6010,0,0,0
6011,0,0,0
6012,0,0,0
6013,1,652,18
6014,1,658,34
6015,1,663,48
6016,1,669,68
6017,1,675,86
6018,1,682,107
6019,1,652,195
6020,1,622,235
6021,1,607,256
6022,1,600,267
6023,1,594,278
6024,1,585,293
6025,1,582,299
6026,1,581,306
6027,1,578,311
6028,1,585,297
6029,1,589,277
6030,1,596,267
6031,1,600,260
6032,1,603,255
6033,1,605,250
6034,1,612,243
6035,1,615,241
6036,1,618,241
6037,1,622,241
6038,1,626,241
6039,1,630,245
6040,1,635,252
6041,1,637,258
6042,1,641,266
6043,1,643,272
6044,1,645,282
6045,1,649,303
6046,1,652,314
6047,1,645,316
6048,1,627,299
6049,1,611,289
6050,1,592,272
6051,1,585,263
6052,1,578,258
6053,1,573,256
6054,1,567,256
6055,1,558,258
6056,1,553,260
6057,1,547,263
6058,1,543,267
6059,1,540,272
6060,1,536,274
6061,1,529,289
6062,1,528,293
6063,1,525,302
6064,1,525,309
6065,1,523,318
6066,1,510,296
6067,1,506,272
6068,1,495,252
6069,1,488,234
6070,1,480,218
6071,1,468,192
6072,1,463,178
6073,1,457,170
6074,1,450,160
6075,1,444,153
6076,1,433,141
6077,1,425,137
6078,1,420,136
6079,1,414,133
6080,1,408,136
6081,1,401,137
6082,1,390,144
6083,1,382,153
6084,1,376,161
6085,1,373,170
6086,1,468,228
6087,1,521,260
6088,1,534,270
6089,1,543,278
6090,1,551,284
6091,1,558,291
6092,1,570,306
6093,1,573,311
6094,1,578,316
6095,1,582,323
6096,1,589,316
6097,1,596,306
6098,1,600,299
6099,1,603,293
6100,1,607,289
6101,1,611,286
6102,1,615,282
6103,1,622,280
6104,1,623,280
6105,1,627,282
6106,1,630,282
6107,1,630,282
6108,1,633,282
6109,1,633,286
6110,1,633,289
6111,1,633,293
6112,1,635,297
6113,1,637,309
6114,1,637,314
6115,1,637,320
6116,1,637,330
6117,1,637,340
6118,1,637,359
6119,1,638,368
6120,1,641,378
6121,1,634,371
6122,1,626,358
6123,1,615,347
6124,1,609,338
6125,1,585,314
6126,1,577,293
6127,1,570,274
6128,1,547,249
6129,1,517,207
6130,1,457,135
6131,1,457,135
6132,1,457,135
6133,1,457,135
6134,1,457,135
6135,1,457,135
6136,1,457,135
6137,1,457,135
6138,1,457,135
6139,1,457,135
6140,1,457,135
6141,1,457,135
6142,1,457,135
6143,1,457,135
6144,1,457,135
6145,1,457,135
6146,1,457,135
6147,1,457,135
6148,1,457,135
6149,1,457,135
6150,1,457,135
6151,1,457,135
6152,1,457,135
6153,1,457,135
6154,1,457,135
6155,1,457,135
6156,1,477,176
6157,1,484,192
6158,1,487,218
6159,1,485,257
6160,1,498,279
6161,1,512,288
6162,1,515,293
6163,1,511,294
6164,1,507,293
6165,1,498,291
6166,1,488,278
6167,1,480,278
6168,1,478,277
6169,1,474,277
6170,1,472,277
6171,1,466,280
6172,1,463,284
6173,1,461,289
6174,1,459,293
6175,1,457,299
6176,1,453,311
6177,1,451,318
6178,1,451,323
6179,1,451,321
6180,1,442,284
6181,1,431,234
6182,1,427,212
6183,1,423,194
6184,1,420,177
6185,1,418,161
6186,1,414,146
6187,1,406,122
6188,1,403,113
6189,1,401,103
6190,1,397,96
6191,1,393,89
6192,1,386,82
6193,1,384,79
6194,1,380,79
6195,1,376,79
6196,1,371,82
6197,1,363,94
6198,1,358,103
6199,1,354,113
6200,1,348,125
6201,1,345,139
6202,1,337,172
6203,1,331,194
6204,1,328,216
6205,1,335,235
6206,1,345,239
6207,1,352,245
6208,1,358,252
6209,1,361,258
6210,1,363,263
6211,1,365,267
6212,1,367,272
6213,1,369,284
6214,1,371,289
6215,1,371,297
6216,1,373,303
6217,1,375,311
6218,1,372,317
6219,1,373,316
6220,1,367,309
6221,1,365,297
6222,1,363,289
6223,1,358,277
6224,1,354,272
6225,1,352,272
6226,1,350,272
6227,1,348,272
6228,1,346,272
6229,1,341,274
6230,1,339,277
6231,1,337,282
6232,1,333,289
6233,1,331,293
6234,1,328,309
6235,1,326,320
6236,1,324,331
6237,1,322,340
6238,1,324,331
6239,1,331,306
6240,1,333,297
6241,1,337,291
6242,1,339,289
6243,1,343,282
6244,1,346,277
6245,1,350,277
6246,1,352,277
6247,1,355,278
6248,1,358,282
6249,1,361,282
6250,1,365,289
6251,1,365,297
6252,1,367,302
6253,1,367,309
6254,1,367,316
6255,1,369,312
6256,1,360,272
6257,1,355,245
6258,1,350,221
6259,1,348,197
6260,1,339,158
6261,1,335,141
6262,1,331,125
6263,1,330,111
6264,1,326,97
6265,1,320,74
6266,1,316,68
6267,1,315,60
6268,1,311,54
6269,1,307,48
6270,1,303,44
6271,1,298,40
6272,1,294,43
6273,1,290,44
6274,1,286,48
6275,1,283,54
6276,1,273,71
6277,1,270,82
6278,1,266,96
6279,1,262,111
6280,1,258,125
6281,1,251,165
6282,1,247,187
6283,1,243,209
6284,1,241,229
6285,1,281,241
6286,1,313,245
6287,1,322,248
6288,1,330,252
6289,1,335,255
6290,1,341,260
6291,1,345,263
6292,1,352,272
6293,1,354,277
6294,1,358,282
6295,1,360,289
6296,1,361,293
6297,1,365,306
6298,1,367,311
6299,1,365,306
6300,1,361,297
6301,1,358,289
6302,1,352,278
6303,1,348,274
6304,1,345,272
6305,1,343,272
6306,1,339,272
6307,1,333,274
6308,1,331,278
6309,1,330,282
6310,1,326,289
6311,1,324,293
6312,1,322,302
6313,1,316,320
6314,1,315,331
6315,1,316,320
6316,1,322,306
6317,1,326,293
6318,1,331,277
6319,1,335,272
6320,1,339,272
6321,1,341,270
6322,1,343,270
6323,1,346,270
6324,1,348,272
6325,1,350,274
6326,1,352,278
6327,1,354,282
6328,1,358,293
6329,1,360,302
6330,1,360,306
6331,1,358,299
6332,1,355,291
6333,1,358,289
6334,1,355,282
6335,1,355,278
6336,1,354,278
6337,1,352,278
6338,1,352,278
6339,1,352,280
6340,1,352,284
6341,1,348,289
6342,1,348,296
6343,1,346,303
6344,1,343,320
6345,1,343,330
6346,1,341,340
6347,1,341,350
6348,1,341,365
6349,1,352,309
6350,1,358,272
6351,1,363,243
6352,1,367,218
6353,1,373,199
6354,1,376,187
6355,1,382,163
6356,1,384,154
6357,1,386,146
6358,1,390,143
6359,1,391,137
6360,1,395,131
6361,1,397,130
6362,1,399,130
6363,1,401,130
6364,1,403,130
6365,1,406,133
6366,1,408,136
6367,1,410,139
6368,1,412,143
6369,1,416,148
6370,1,418,158
6371,1,420,165
6372,1,421,171
6373,1,423,178
6374,1,425,187
6375,1,427,194
6376,1,431,215
6377,1,466,218
6378,1,495,228
6379,1,517,235
6380,1,540,243
6381,1,577,258
6382,1,594,267
6383,1,611,277
6384,1,627,286
6385,1,643,297
6386,1,671,320
6387,1,688,336
6388,1,701,350
6389,1,716,365
6390,1,727,381
6391,1,753,419
6392,1,765,437
6393,1,768,436
6394,1,773,430
6395,1,778,428
6396,1,784,430
6397,1,795,433
6398,1,798,437
6399,1,802,445
6400,1,804,446
6401,1,806,446
6402,1,808,446
6403,1,808,445
6404,1,806,446
6405,1,806,446
6406,1,795,446
6407,1,789,441
6408,1,756,424
6409,1,730,414
6410,1,673,381
6411,1,657,335
6412,1,645,316
6413,1,612,300
6414,1,570,252
6415,1,457,135
6416,1,457,135
6417,1,457,135
6418,1,457,135
6419,1,457,135
6420,1,457,135
6421,1,457,135
6422,1,457,135
6423,1,457,135
6424,1,474,174
6425,1,479,191
6426,1,482,213
6427,1,480,252
6428,1,491,268
6429,1,505,275
6430,1,503,283
6431,1,500,288
6432,1,497,287
6433,1,488,286
6434,1,480,282
6435,1,476,282
6436,1,470,280
6437,1,468,280
6438,1,465,282
6439,1,459,286
6440,1,455,289
6441,1,453,296
6442,1,450,299
6443,1,450,306
6444,1,433,291
6445,1,425,284
6446,1,418,278
6447,1,414,274
6448,1,408,272
6449,1,399,266
6450,1,393,266
6451,1,391,267
6452,1,388,267
6453,1,384,272
6454,1,378,282
6455,1,375,289
6456,1,371,296
6457,1,369,306
6458,1,365,314
6459,1,363,323
6460,1,358,343
6461,1,360,306
6462,1,360,270
6463,1,361,246
6464,1,363,229
6465,1,363,204
6466,1,365,194
6467,1,367,184
6468,1,367,178
6469,1,367,175
6470,1,371,170
6471,1,371,165
6472,1,371,165
6473,1,373,165
6474,1,375,168
6475,1,376,170
6476,1,376,172
6477,1,378,177
6478,1,378,180
6479,1,380,184
6480,1,382,190
6481,1,384,201
6482,1,386,209
6483,1,386,215
6484,1,388,222
6485,1,390,229
6486,1,390,246
6487,1,391,255
6488,1,391,260
6489,1,388,256
6490,1,384,248
6491,1,378,243
6492,1,376,241
6493,1,375,241
6494,1,371,241
6495,1,369,241
6496,1,365,246
6497,1,363,250
6498,1,361,255
6499,1,360,260
6500,1,358,267
6501,1,355,274
6502,1,350,293
6503,1,348,306
6504,1,346,316
6505,1,345,327
6506,1,358,314
6507,1,378,289
6508,1,386,278
6509,1,393,274
6510,1,401,272
6511,1,408,272
6512,1,418,270
6513,1,423,272
6514,1,427,272
6515,1,433,274
6516,1,436,278
6517,1,446,289
6518,1,448,291
6519,1,451,297
6520,1,455,306
6521,1,468,299
6522,1,478,287
6523,1,488,278
6524,1,495,274
6525,1,499,272
6526,1,503,272
6527,1,508,270
6528,1,517,272
6529,1,521,274
6530,1,525,278
6531,1,532,282
6532,1,537,289
6533,1,547,306
6534,1,551,312
6535,1,555,323
6536,1,560,331
6537,1,534,291
6538,1,506,241
6539,1,495,226
6540,1,483,215
6541,1,476,204
6542,1,470,195
6543,1,465,190
6544,1,455,182
6545,1,450,180
6546,1,446,180
6547,1,444,178
6548,1,440,180
6549,1,435,182
6550,1,433,184
6551,1,431,188
6552,1,429,192
6553,1,427,195
6554,1,425,207
6555,1,423,211
6556,1,423,218
6557,1,421,224
6558,1,421,232
6559,1,420,246
6560,1,420,252
6561,1,416,255
6562,1,410,250
6563,1,406,248
6564,1,403,248
6565,1,397,248
6566,1,393,248
6567,1,390,252
6568,1,386,256
6569,1,384,262
6570,1,378,274
6571,1,375,282
6572,1,390,280
6573,1,406,272
6574,1,420,270
6575,1,436,267
6576,1,442,267
6577,1,448,270
6578,1,451,272
6579,1,455,274
6580,1,463,280
6581,1,480,272
6582,1,495,272
6583,1,508,272
6584,1,518,272
6585,1,532,272
6586,1,555,274
6587,1,563,280
6588,1,573,284
6589,1,585,291
6590,1,596,299
6591,1,611,314
6592,1,603,306
6593,1,589,289
6594,1,578,278
6595,1,570,272
6596,1,562,267
6597,1,555,266
6598,1,553,263
6599,1,548,263
6600,1,545,266
6601,1,540,272
6602,1,536,274
6603,1,534,278
6604,1,532,282
6605,1,529,289
6606,1,528,297
6607,1,525,311
6608,1,524,322
6609,1,521,327
6610,1,515,311
6611,1,506,279
6612,1,499,241
6613,1,495,218
6614,1,488,197
6615,1,483,178
6616,1,478,161
6617,1,468,131
6618,1,463,120
6619,1,457,109
6620,1,451,97
6621,1,448,89
6622,1,436,77
6623,1,433,72
6624,1,427,68
6625,1,421,65
6626,1,416,65
6627,1,410,68
6628,1,399,74
6629,1,393,82
6630,1,388,92
6631,1,382,102
6632,1,376,113
6633,1,365,139
6634,1,356,158
6635,1,351,181
6636,1,353,204
6637,1,356,243
6638,1,368,271
6639,1,384,287
6640,1,379,303
6641,1,381,309
6642,1,380,308
6643,1,376,299
6644,1,371,289
6645,1,367,278
6646,1,361,272
6647,1,360,263
6648,1,355,258
6649,1,348,248
6650,1,345,245
6651,1,341,245
6652,1,339,245
6653,1,335,245
6654,1,330,248
6655,1,326,252
6656,1,322,256
6657,1,318,263
6658,1,316,272
6659,1,309,289
6660,1,307,297
6661,1,309,296
6662,1,315,282
6663,1,318,274
6664,1,322,263
6665,1,324,260
6666,1,328,260
6667,1,330,262
6668,1,333,263
6669,1,337,267
6670,1,341,272
6671,1,343,277
6672,1,345,282
6673,1,346,289
6674,1,348,296
6675,1,352,309
6676,1,354,316
6677,1,355,327
6678,1,355,337
6679,1,358,344
6680,1,355,327
6681,1,354,312
6682,1,354,306
6683,1,355,296
6684,1,355,289
6685,1,355,277
6686,1,354,272
6687,1,352,270
6688,1,350,267
6689,1,348,266
6690,1,348,266
6691,1,348,267
6692,1,348,272
6693,1,348,274
6694,1,346,280
6695,1,346,289
6696,1,345,303
6697,1,345,312
6698,1,345,318
6699,1,343,306
6700,1,341,293
6701,1,341,282
6702,1,341,277
6703,1,341,272
6704,1,341,270
6705,1,341,267
6706,1,341,266
6707,1,341,267
6708,1,341,272
6709,1,341,274
6710,1,339,278
6711,1,339,282
6712,1,339,293
6713,1,339,299
6714,1,341,306
6715,1,341,314
6716,1,341,325
6717,1,341,336
6718,1,341,318
6719,1,339,309
6720,1,339,299
6721,1,343,289
6722,1,341,282
6723,1,341,278
6724,1,343,272
6725,1,345,272
6726,1,346,272
6727,1,346,274
6728,1,346,278
6729,1,346,280
6730,1,348,284
6731,1,348,289
6732,1,350,293
6733,1,352,309
6734,1,352,316
6735,1,352,325
6736,1,352,336
6737,1,350,344
6738,1,351,361
6739,1,352,378
6740,1,350,382
6741,1,348,382
6742,1,348,381
6743,1,346,378
6744,1,345,381
6745,1,343,381
6746,1,341,384
6747,1,337,386
6748,1,335,386
6749,1,333,386
6750,1,333,388
6751,1,333,388
6752,1,333,388
6753,1,333,388
6754,1,333,388
6755,1,333,388
6756,1,333,388
6757,1,333,388
6758,1,335,388
6759,1,337,388
6760,1,336,385
6761,1,345,385
6762,1,351,378
6763,1,374,367
6764,1,408,353
6765,1,436,361
6766,1,467,355
6767,1,496,350
6768,1,508,342
6769,1,510,339
6770,1,510,340
6771,1,508,337
6772,1,505,331
6773,1,503,330
6774,1,501,329
6775,1,505,336
6776,1,506,340
6777,1,510,340
6778,1,510,337
6779,1,513,336
6780,1,513,331
6781,1,514,321
6782,1,514,308
6783,1,518,301
6784,1,521,297
6785,1,525,282
6786,1,525,282
6787,1,525,282
6788,1,525,282
6789,1,525,282
6790,1,525,284
6791,1,525,289
6792,1,525,291
6793,1,525,297
6794,1,525,303
6795,1,529,309
6796,1,540,278
6797,1,545,258
6798,1,555,243
6799,1,562,229
6800,1,570,215
6801,1,582,192
6802,1,592,184
6803,1,597,175
6804,1,605,170
6805,1,612,163
6806,1,626,158
6807,1,633,156
6808,1,641,156
6809,1,645,158
6810,1,653,161
6811,1,667,172
6812,1,675,180
6813,1,678,190
6814,1,641,248
6815,1,630,267
6816,1,620,280
6817,1,611,297
6818,1,608,306
6819,1,607,312
6820,1,605,318
6821,1,603,323
6822,1,600,336
6823,1,622,327
6824,1,633,323
6825,1,643,316
6826,1,653,314
6827,1,675,312
6828,1,688,314
6829,1,697,312
6830,1,708,316
6831,1,717,316
6832,1,735,323
6833,1,746,330
6834,1,753,336
6835,1,749,337
6836,1,732,331
6837,1,705,319
6838,1,675,306
6839,1,630,284
6840,1,609,256
6841,1,602,253
6842,1,580,229
6843,1,520,182
6844,1,457,135
6845,1,457,135
6846,1,457,135
6847,1,457,135
6848,1,457,135
6849,1,457,135
6850,1,457,135
6851,1,457,135
6852,1,457,135
6853,1,457,135
6854,1,457,135
6855,1,457,135
6856,1,457,135
6857,1,457,135
6858,1,457,135
6859,1,457,135
6860,1,457,135
6861,1,457,135
6862,1,457,135
6863,1,457,135
6864,1,457,135
6865,1,457,135
6866,1,457,135
6867,1,457,135
6868,1,457,135
6869,1,474,175
6870,1,479,192
6871,1,482,216
6872,1,479,256
6873,1,489,277
6874,1,501,285
6875,1,502,293
6876,1,499,295
6877,1,497,292
6878,1,488,289
6879,1,483,280
6880,1,472,277
6881,1,465,274
6882,1,461,274
6883,1,455,274
6884,1,451,274
6885,1,446,280
6886,1,442,284
6887,1,440,289
6888,1,436,293
6889,1,436,302
6890,1,427,258
6891,1,421,224
6892,1,416,194
6893,1,412,165
6894,1,408,143
6895,1,399,97
6896,1,395,77
6897,1,391,60
6898,1,388,43
6899,1,384,26
6900,1,382,15
6901,0,0,0
6902,0,0,0
6903,0,0,0
6904,0,0,0
6905,0,0,0
6906,0,0,0
6907,0,0,0
6908,0,0,0
6909,0,0,0
6910,0,0,0
6911,0,0,0
6912,0,0,0
6913,0,0,0
6914,1,307,1
6915,1,305,13
6916,1,294,44
6917,1,288,65
6918,1,285,86
6919,1,281,109
6920,1,275,133
6921,1,273,158
6922,1,280,174
6923,1,316,153
6924,1,333,133
6925,1,345,122
6926,1,352,114
6927,1,365,109
6928,1,369,107
6929,1,373,107
6930,1,376,109
6931,1,380,109
6932,1,386,114
6933,1,388,117
6934,1,390,120
6935,1,393,124
6936,1,395,130
6937,1,399,139
6938,1,401,146
6939,1,403,153
6940,1,405,158
6941,1,406,165
6942,1,408,172
6943,1,412,187
6944,1,414,195
6945,1,416,204
6946,1,418,211
6947,1,420,221
6948,1,421,238
6949,1,421,232
6950,1,414,192
6951,1,408,163
6952,1,406,143
6953,1,397,102
6954,1,395,85
6955,1,393,69
6956,1,390,56
6957,1,388,43
6958,1,382,22
6959,1,380,13
6960,1,376,5
6961,1,375,3
6962,0,0,0
6963,0,0,0
6964,0,0,0
6965,0,0,0
6966,0,0,0
6967,0,0,0
6968,1,352,1
6969,1,345,13
6970,1,343,18
6971,1,337,34
6972,1,335,47
6973,1,331,62
6974,1,326,96
6975,1,322,114
6976,1,318,136
6977,1,421,221
6978,1,470,256
6979,1,510,289
6980,1,525,299
6981,1,532,309
6982,1,540,314
6983,1,547,323
6984,1,551,327
6985,1,560,340
6986,1,563,331
6987,1,563,318
6988,1,560,306
6989,1,562,302
6990,1,563,289
6991,1,566,282
6992,1,566,277
6993,1,566,274
6994,1,566,272
6995,1,566,272
6996,1,567,272
6997,1,567,274
6998,1,567,278
6999,1,567,282
7000,1,567,293
7001,1,570,303
7002,1,567,311
7003,1,567,323
7004,1,567,334
7005,1,567,340
7006,1,561,334
7007,1,536,289
7008,1,514,255
7009,1,502,229
7010,1,491,209
7011,1,476,182
7012,1,468,172
7013,1,465,165
7014,1,459,158
7015,1,455,154
7016,1,450,148
7017,1,446,146
7018,1,444,146
7019,1,440,146
7020,1,438,148
7021,1,436,151
7022,1,435,154
7023,1,433,158
7024,1,433,161
7025,1,431,165
7026,1,431,171
7027,1,429,182
7028,1,429,188
7029,1,429,195
7030,1,427,204
7031,1,427,211
7032,1,427,226
7033,1,429,238
7034,1,427,239
7035,1,425,235
7036,1,423,235
7037,1,423,235
7038,1,421,238
7039,1,421,239
7040,1,421,243
7041,1,420,246
7042,1,420,258
7043,1,420,263
7044,1,418,272
7045,1,418,280
7046,1,416,289
7047,1,416,302
7048,1,414,327
7049,1,414,340
7050,1,412,355
7051,1,412,369
7052,1,410,386
7053,1,408,302
7054,1,410,272
7055,1,410,252
7056,1,410,238
7057,1,410,226
7058,1,412,209
7059,1,412,204
7060,1,412,199
7061,1,414,195
7062,1,414,194
7063,1,416,192
7064,1,416,192
7065,1,416,194
7066,1,418,195
7067,1,420,197
7068,1,420,201
7069,1,421,209
7070,1,423,215
7071,1,423,218
7072,1,425,226
7073,1,450,234
7074,1,491,243
7075,1,508,248
7076,1,525,255
7077,1,540,262
7078,1,555,270
7079,1,581,282
7080,1,596,296
7081,1,607,306
7082,1,620,316
7083,1,633,331
7084,1,653,357
7085,1,656,355
7086,1,649,327
7087,1,645,306
7088,1,638,291
7089,1,635,280
7090,1,627,272
7091,1,623,266
7092,1,622,262
7093,1,618,260
7094,1,615,260
7095,1,615,260
7096,1,612,262
7097,1,611,266
7098,1,608,270
7099,1,607,274
7100,1,605,284
7101,1,605,289
7102,1,604,295
7103,1,601,305
7104,1,605,315
7105,1,602,322
7106,1,588,297
7107,1,573,272
7108,1,560,252
7109,1,551,232
7110,1,537,215
7111,1,517,184
7112,1,506,171
7113,1,495,161
7114,1,484,151
7115,1,476,143
7116,1,455,130
7117,1,446,125
7118,1,435,124
7119,1,425,122
7120,1,416,124
7121,1,397,128
7122,1,386,133
7123,1,376,141
7124,1,367,151
7125,1,355,160
7126,1,376,211
7127,1,406,243
7128,1,421,258
7129,1,433,270
7130,1,440,278
7131,1,446,284
7132,1,453,297
7133,1,457,303
7134,1,461,309
7135,1,463,316
7136,1,465,320
7137,1,466,302
7138,1,468,297
7139,1,468,293
7140,1,470,289
7141,1,472,289
7142,1,474,289
7143,1,474,289
7144,1,476,289
7145,1,476,291
7146,1,478,296
7147,1,478,297
7148,1,478,299
7149,1,478,302
7150,1,476,303
7151,1,476,306
7152,1,476,312
7153,1,474,325
7154,1,474,334
7155,1,474,340
7156,1,474,350
7157,1,474,361
7158,1,474,381
7159,1,474,377
7160,1,474,374
7161,1,474,374
7162,1,474,374
7163,1,474,374
7164,1,474,377
7165,1,474,381
7166,1,474,381
7167,1,472,381
7168,1,472,384
7169,1,472,384
7170,1,472,384
7171,1,472,384
7172,1,472,384
7173,1,470,384
7174,1,470,384
7175,1,470,384
7176,1,470,384
7177,1,470,384
7178,1,470,384
7179,1,470,384
7180,1,470,384
7181,1,472,384
7182,1,475,381
7183,1,480,381
7184,1,475,378
7185,1,482,371
7186,1,485,357
7187,1,502,346
7188,1,498,332
7189,1,504,330
7190,1,509,317
7191,1,515,304
7192,1,517,299
7193,1,518,289
7194,1,521,278
7195,1,521,272
7196,1,521,270
7197,1,521,267
7198,1,521,267
7199,1,521,270
7200,1,523,272
7201,1,523,277
7202,1,523,280
7203,1,523,286
7204,1,521,289
7205,1,488,277
7206,1,478,272
7207,1,470,270
7208,1,461,270
7209,1,450,270
7210,1,433,270
7211,1,423,272
7212,1,414,272
7213,1,406,277
7214,1,399,280
7215,1,390,289
7216,1,376,303
7217,1,371,311
7218,1,361,323
7219,1,355,334
7220,1,350,343
7221,1,397,262
7222,1,418,234
7223,1,433,212
7224,1,446,195
7225,1,457,180
7226,1,474,161
7227,1,480,154
7228,1,488,148
7229,1,495,144
7230,1,499,143
7231,1,510,139
7232,1,514,139
7233,1,521,139
7234,1,525,139
7235,1,528,143
7236,1,534,144
7237,1,540,151
7238,1,545,154
7239,1,547,160
7240,1,551,163
7241,1,555,170
7242,1,562,182
7243,1,563,188
7244,1,566,195
7245,1,570,204
7246,1,570,212
7247,1,577,228
7248,1,578,238
7249,1,570,204
7250,1,560,172
7251,1,551,146
7252,1,537,105
7253,1,532,88
7254,1,525,71
7255,1,521,58
7256,1,513,44
7257,1,510,34
7258,1,499,15
7259,1,495,7
7260,1,491,3
7261,0,0,0
7262,0,0,0
7263,0,0,0
7264,0,0,0
7265,0,0,0
7266,0,0,0
7267,0,0,0
7268,1,440,11
7269,1,435,20
7270,1,431,30
7271,1,425,40
7272,1,420,56
7273,1,410,92
7274,1,405,109
7275,1,401,130
7276,1,396,145
7277,1,392,168
7278,1,388,188
7279,1,393,216
7280,1,388,251
7281,1,398,271
7282,1,393,293
7283,1,387,301
7284,1,391,307
7285,1,392,310
7286,1,393,306
7287,1,395,297
7288,1,395,289
7289,1,395,272
7290,1,395,267
7291,1,395,262
7292,1,395,258
7293,1,395,255
7294,1,395,252
7295,1,395,252
7296,1,395,252
7297,1,395,255
7298,1,395,258
7299,1,395,262
7300,1,395,274
7301,1,393,280
7302,1,393,289
7303,1,393,299
7304,1,393,309
7305,1,421,262
7306,1,438,238
7307,1,451,216
7308,1,461,201
7309,1,470,190
7310,1,484,172
7311,1,491,168
7312,1,495,163
7313,1,502,160
7314,1,506,158
7315,1,513,158
7316,1,517,158
7317,1,521,160
7318,1,525,161
7319,1,528,163
7320,1,532,168
7321,1,536,175
7322,1,540,180
7323,1,543,184
7324,1,545,190
7325,1,547,197
7326,1,553,211
7327,1,555,218
7328,1,555,226
7329,1,553,194
7330,1,545,156
7331,1,534,97
7332,1,528,71
7333,1,523,51
7334,1,518,30
7335,1,514,13
7336,0,0,0
7337,0,0,0
7338,0,0,0
7339,0,0,0
7340,0,0,0
7341,0,0,0
7342,0,0,0
7343,0,0,0
7344,0,0,0
7345,0,0,0
7346,0,0,0
7347,0,0,0
7348,0,0,0
7349,0,0,0
7350,0,0,0
7351,0,0,0
7352,0,0,0
7353,0,0,0
7354,0,0,0
7355,1,435,1
7356,1,433,17
7357,1,427,56
7358,1,425,79
7359,1,423,103
7360,1,421,128
7361,1,420,146
7362,1,415,175
7363,1,423,216
7364,1,420,241
7365,1,429,264
7366,1,430,288
7367,1,429,306
7368,1,430,316
7369,1,433,323
7370,1,435,318
7371,1,435,309
7372,1,438,299
7373,1,442,289
7374,1,446,282
7375,1,448,278
7376,1,450,274
7377,1,453,274
7378,1,455,274
7379,1,457,277
7380,1,461,278
7381,1,463,282
7382,1,465,289
7383,1,465,293
7384,1,468,309
7385,1,468,319
7386,1,463,325
7387,1,456,315
7388,1,447,301
7389,1,446,289
7390,1,442,280
7391,1,440,274
7392,1,438,270
7393,1,436,266
7394,1,431,263
7395,1,429,266
7396,1,427,267
7397,1,425,270
7398,1,423,272
7399,1,420,280
7400,1,420,286
7401,1,418,293
7402,1,418,299
7403,1,416,306
7404,1,416,306
7405,1,418,289
7406,1,421,286
7407,1,421,282
7408,1,423,282
7409,1,423,280
7410,1,425,278
7411,1,425,280
7412,1,427,280
7413,1,427,284
7414,1,431,289
7415,1,433,297
7416,1,435,306
7417,1,439,314
7418,1,436,322
7419,1,417,334
7420,1,424,342
7421,1,425,304
7422,1,427,252
7423,1,423,205
7424,1,421,170
7425,1,420,141
7426,1,416,97
7427,1,416,80
7428,1,414,68
7429,1,412,55
7430,1,412,44
7431,1,412,32
7432,1,412,26
7433,1,412,22
7434,1,412,18
7435,1,412,17
7436,1,412,15
7437,1,412,15
7438,1,412,15
7439,1,412,17
7440,1,412,18
7441,1,412,24
7442,1,412,28
7443,1,414,32
7444,1,414,37
7445,1,414,43
7446,1,416,48
7447,1,418,64
7448,1,418,69
7449,1,418,79
7450,1,420,86
7451,1,420,96
7452,1,420,113
7453,1,420,122
7454,1,421,131
7455,1,421,143
7456,1,421,153
7457,1,423,172
7458,1,423,182
7459,1,423,194
7460,1,425,205
7461,1,401,243
7462,1,388,272
7463,1,376,289
7464,1,367,309
7465,1,358,327
7466,1,348,347
7467,1,341,365
7468,1,324,408
7469,1,363,374
7470,1,387,340
7471,1,414,311
7472,1,439,295
7473,1,457,284
7474,1,468,278
7475,1,480,272
7476,1,487,270
7477,1,495,267
7478,1,510,267
7479,1,517,267
7480,1,523,272
7481,1,528,272
7482,1,532,277
7483,1,540,284
7484,1,547,289
7485,1,551,296
7486,1,555,302
7487,1,558,309
7488,1,562,314
7489,1,573,314
7490,1,577,293
7491,1,585,282
7492,1,594,267
7493,1,600,256
7494,1,612,238
7495,1,618,229
7496,1,623,224
7497,1,630,218
7498,1,635,215
7499,1,645,212
7500,1,652,212
7501,1,658,215
7502,1,663,216
7503,1,669,222
7504,1,630,172
7505,1,615,158
7506,1,607,148
7507,1,600,143
7508,1,596,137
7509,1,589,136
7510,1,585,133
7511,1,581,133
7512,1,578,136
7513,1,577,137
7514,1,575,139
7515,1,573,146
7516,1,570,151
7517,1,570,154
7518,1,570,160
7519,1,570,165
7520,1,567,177
7521,1,567,184
7522,1,567,192
7523,1,567,197
7524,1,567,207
7525,1,566,222
7526,1,543,229
7527,1,521,235
7528,1,499,241
7529,1,480,246
7530,1,461,252
7531,1,429,267
7532,1,414,274
7533,1,399,284
7534,1,384,293
7535,1,371,306
7536,1,343,330
7537,1,330,344
7538,1,316,359
7539,1,303,374
7540,1,292,391
7541,1,286,357
7542,1,288,331
7543,1,296,311
7544,1,298,293
7545,1,300,280
7546,1,305,263
7547,1,307,256
7548,1,309,252
7549,1,311,248
7550,1,313,246
7551,1,315,245
7552,1,316,245
7553,1,318,248
7554,1,320,250
7555,1,322,252
7556,1,322,258
7557,1,326,267
7558,1,326,274
7559,1,328,280
7560,1,330,289
7561,1,331,297
7562,1,333,311
7563,1,332,316
7564,1,339,310
7565,1,344,294
7566,1,359,276
7567,1,372,258
7568,1,384,238
7569,1,399,205
7570,1,427,194
7571,1,442,170
7572,1,457,135
7573,1,457,135
7574,1,457,135
7575,1,457,135
7576,1,457,135
7577,1,457,135
7578,1,457,135
7579,1,457,135
7580,1,457,135
7581,1,457,135
7582,1,457,135
7583,1,457,135
7584,1,457,135
7585,1,457,135
7586,1,457,135
7587,1,457,135
7588,1,457,135
7589,1,457,135
7590,1,457,135
7591,1,457,135
7592,1,480,181
7593,1,487,198
7594,1,490,223
7595,1,487,264
7596,1,487,286
7597,1,490,298
7598,1,495,303
7599,1,498,307
7600,1,502,308
7601,1,506,306
7602,1,510,302
7603,1,514,293
7604,1,518,282
7605,1,521,278
7606,1,525,278
7607,1,528,278
7608,1,532,277
7609,1,537,278
7610,1,540,282
7611,1,540,289
7612,1,545,293
7613,1,547,299
7614,1,548,306
7615,1,543,310
7616,1,536,302
7617,1,532,291
7618,1,525,286
7619,1,521,280
7620,1,517,277
7621,1,517,274
7622,1,514,274
7623,1,513,277
7624,1,510,280
7625,1,508,289
7626,1,506,293
7627,1,503,299
7628,1,502,306
7629,1,503,306
7630,1,510,303
7631,1,513,296
7632,1,517,289
7633,1,517,284
7634,1,521,282
7635,1,525,278
7636,1,534,277
7637,1,537,277
7638,1,540,278
7639,1,540,280
7640,1,545,284
7641,1,548,293
7642,1,551,302
7643,1,553,309
7644,1,555,316
7645,1,558,325
7646,1,548,309
7647,1,528,266
7648,1,513,238
7649,1,502,212
7650,1,491,194
7651,1,476,165
7652,1,468,154
7653,1,463,146
7654,1,457,139
7655,1,453,133
7656,1,450,130
7657,1,442,124
7658,1,438,122
7659,1,436,122
7660,1,433,122
7661,1,431,124
7662,1,427,125
7663,1,425,130
7664,1,423,133
7665,1,421,137
7666,1,420,143
7667,1,418,153
7668,1,416,160
7669,1,416,165
7670,1,416,172
7671,1,414,180
7672,1,414,195
7673,1,412,205
7674,1,412,216
7675,1,403,234
7676,1,395,246
7677,1,390,260
7678,1,378,284
7679,1,371,299
7680,1,365,312
7681,1,360,330
7682,1,355,343
7683,1,345,381
7684,1,367,357
7685,1,382,331
7686,1,401,306
7687,1,412,296
7688,1,429,278
7689,1,435,272
7690,1,442,270
7691,1,446,267
7692,1,451,267
7693,1,461,267
7694,1,465,270
7695,1,468,272
7696,1,472,274
7697,1,476,278
7698,1,478,284
7699,1,483,293
7700,1,487,302
7701,1,488,306
7702,1,488,303
7703,1,480,291
7704,1,476,277
7705,1,470,272
7706,1,465,267
7707,1,461,262
7708,1,457,260
7709,1,450,260
7710,1,446,262
7711,1,442,263
7712,1,438,266
7713,1,433,270
7714,1,425,282
7715,1,421,289
7716,1,418,297
7717,1,414,306
7718,1,410,316
7719,1,408,327
7720,1,425,299
7721,1,433,289
7722,1,436,286
7723,1,444,282
7724,1,450,278
7725,1,457,274
7726,1,461,272
7727,1,465,272
7728,1,468,272
7729,1,472,277
7730,1,476,284
7731,1,480,289
7732,1,480,296
7733,1,483,302
7734,1,484,300
7735,1,487,289
7736,1,487,280
7737,1,487,274
7738,1,487,270
7739,1,487,266
7740,1,487,263
7741,1,487,260
7742,1,487,260
7743,1,487,262
7744,1,484,263
7745,1,484,267
7746,1,483,278
7747,1,483,284
7748,1,480,293
7749,1,480,302
7750,1,480,311
7751,1,465,256
7752,1,457,238
7753,1,451,224
7754,1,446,215
7755,1,442,205
7756,1,436,192
7757,1,433,188
7758,1,431,184
7759,1,429,182
7760,1,427,180
7761,1,425,180
7762,1,423,182
7763,1,421,184
7764,1,420,188
7765,1,420,190
7766,1,418,194
7767,1,418,204
7768,1,416,209
7769,1,416,215
7770,1,416,221
7771,1,416,228
7772,1,416,241
7773,1,416,248
7774,1,416,258
7775,1,416,266
7776,1,418,272
7777,1,418,291
7778,1,440,282
7779,1,453,272
7780,1,468,267
7781,1,480,263
7782,1,492,260
7783,1,514,256
7784,1,525,255
7785,1,536,256
7786,1,545,256
7787,1,553,260
7788,1,570,267
7789,1,581,272
7790,1,588,278
7791,1,596,282
7792,1,603,293
7793,1,618,312
7794,1,626,323
7795,1,630,337
7796,1,637,344
7797,1,612,325
7798,1,588,293
7799,1,577,282
7800,1,570,277
7801,1,562,272
7802,1,555,272
7803,1,548,270
7804,1,537,267
7805,1,532,270
7806,1,528,272
7807,1,523,272
7808,1,518,277
7809,1,513,282
7810,1,510,289
7811,1,508,297
7812,1,506,303
7813,1,502,311
7814,1,498,306
7815,1,495,297
7816,1,495,287
7817,1,495,278
7818,1,495,272
7819,1,495,263
7820,1,495,260
7821,1,495,256
7822,1,492,255
7823,1,491,255
7824,1,491,255
7825,1,487,260
7826,1,487,263
7827,1,487,267
7828,1,484,274
7829,1,484,282
7830,1,483,297
7831,1,480,306
7832,1,483,316
7833,1,478,306
7834,1,475,293
7835,1,474,284
7836,1,470,280
7837,1,468,274
7838,1,465,272
7839,1,465,267
7840,1,463,267
7841,1,463,267
7842,1,461,267
7843,1,461,272
7844,1,459,274
7845,1,457,278
7846,1,455,289
7847,1,455,293
7848,1,455,302
7849,1,455,311
7850,1,457,324
7851,1,453,322
7852,1,442,272
7853,1,435,238
7854,1,427,207
7855,1,423,178
7856,1,410,128
7857,1,405,105
7858,1,401,86
7859,1,395,68
7860,1,391,52
7861,1,380,22
7862,1,376,11
7863,1,373,3
7864,0,0,0
7865,0,0,0
7866,0,0,0
7867,0,0,0
7868,0,0,0
7869,0,0,0
7870,0,0,0
7871,0,0,0
7872,0,0,0
7873,0,0,0
7874,0,0,0
7875,1,286,3
7876,1,281,15
7877,1,268,47
7878,1,260,65
7879,1,255,86
7880,1,249,109
7881,1,243,131
7882,1,229,187
7883,1,226,212
7884,1,221,241
7885,1,261,161
7886,1,294,103
7887,1,311,72
7888,1,331,39
7889,1,339,30
7890,0,0,0
7891,1,350,18
7892,1,355,15
7893,1,361,13
7894,1,365,13
7895,1,367,15
7896,1,371,17
7897,1,375,18
7898,1,378,26
7899,1,382,30
7900,1,384,34
7901,1,386,37
7902,1,388,44
7903,1,393,56
7904,1,395,64
7905,1,397,71
7906,1,399,79
7907,1,401,85
7908,1,403,94
7909,1,406,111
7910,1,408,120
7911,1,410,130
7912,1,412,139
7913,1,414,148
7914,1,416,170
7915,1,418,178
7916,1,420,188
7917,1,421,199
7918,1,427,212
7919,1,478,238
7920,1,498,248
7921,1,514,260
7922,1,532,272
7923,1,547,282
7924,1,577,306
7925,1,594,322
7926,1,603,336
7927,1,615,350
7928,1,627,368
7929,1,638,382
7930,1,626,314
7931,1,620,293
7932,1,620,284
7933,1,615,272
7934,1,615,267
7935,1,611,256
7936,1,608,252
7937,1,608,250
7938,1,607,250
7939,1,607,252
7940,1,605,255
7941,1,605,258
7942,1,603,262
7943,1,603,266
7944,1,603,272
7945,1,603,282
7946,1,603,289
7947,1,603,297
7948,1,603,306
7949,1,603,314
7950,1,605,323
7951,1,618,286
7952,1,615,272
7953,1,620,262
7954,1,623,252
7955,1,626,243
7956,1,630,229
7957,1,633,226
7958,1,637,222
7959,1,638,218
7960,1,641,218
7961,1,645,221
7962,1,648,224
7963,1,649,228
7964,1,652,234
7965,1,637,250
7966,1,611,262
7967,1,605,267
7968,1,600,272
7969,1,596,274
7970,1,592,278
7971,1,589,284
7972,1,585,293
7973,1,585,297
7974,1,592,286
7975,1,596,274
7976,1,600,270
7977,1,611,262
7978,1,615,258
7979,1,618,258
7980,1,622,258
7981,1,627,258
7982,1,633,262
7983,1,637,266
7984,1,641,272
7985,1,645,277
7986,1,648,282
7987,1,653,302
7988,1,658,311
7989,1,637,270
7990,1,626,246
7991,1,615,232
7992,1,607,222
7993,1,597,207
7994,1,594,204
7995,1,592,199
7996,1,588,197
7997,1,585,199
7998,1,582,199
7999,1,581,199
8000,1,578,201
8001,1,577,204
8002,1,577,207
8003,1,575,215
8004,1,573,222
8005,1,545,224
8006,1,525,229
8007,1,506,235
8008,1,472,248
8009,1,455,256
8010,1,440,266
8011,1,427,274
8012,1,414,284
8013,1,401,293
8014,1,378,316
8015,1,361,336
8016,1,352,344
8017,1,352,318
8018,1,360,299
8019,1,361,277
8020,1,361,267
8021,1,363,262
8022,1,363,258
8023,1,365,255
8024,1,367,255
8025,1,367,255
8026,1,369,256
8027,1,369,258
8028,1,371,262
8029,1,373,270
8030,1,373,274
8031,1,375,278
8032,1,375,286
8033,1,376,293
8034,1,376,299
8035,1,378,314
8036,1,378,323
8037,1,375,303
8038,1,369,282
8039,1,365,267
8040,1,355,239
8041,1,352,229
8042,1,348,218
8043,1,345,211
8044,1,341,204
8045,1,333,194
8046,1,330,190
8047,1,326,188
8048,1,322,188
8049,1,318,190
8050,1,311,197
8051,1,330,161
8052,1,343,141
8053,1,350,128
8054,1,358,119
8055,1,363,113
8056,1,371,109
8057,1,375,107
8058,1,376,107
8059,1,378,109
8060,1,382,111
8061,1,384,114
8062,1,386,119
8063,1,388,122
8064,1,390,128
8065,1,391,131
8066,1,393,143
8067,1,395,151
8068,1,397,156
8069,1,397,161
8070,1,399,170
8071,1,401,184
8072,1,403,192
8073,1,405,201
8074,1,405,209
8075,1,406,218
8076,1,406,226
8077,1,420,243
8078,1,446,239
8079,1,466,238
8080,1,484,238
8081,1,502,239
8082,1,534,241
8083,1,548,245
8084,1,563,248
8085,1,577,252
8086,1,589,258
8087,1,615,272
8088,1,626,278
8089,1,637,289
8090,1,648,299
8091,1,660,311
8092,1,680,337
8093,1,686,347
8094,1,675,323
8095,1,669,306
8096,1,660,293
8097,1,653,284
8098,1,648,274
8099,1,645,272
8100,1,641,270
8101,1,638,267
8102,1,635,267
8103,1,630,270
8104,1,627,272
8105,1,626,277
8106,1,623,282
8107,1,623,289
8108,1,622,296
8109,1,618,306
8110,1,618,312
8111,1,614,318
8112,1,611,319
8113,1,603,322
8114,1,592,327
8115,1,576,318
8116,1,555,313
8117,1,542,313
8118,1,532,307
8119,1,518,303
8120,1,506,299
8121,1,495,297
8122,1,483,296
8123,1,472,296
8124,1,451,297
8125,1,442,299
8126,1,431,303
8127,1,425,306
8128,1,420,306
8129,1,416,311
8130,1,416,314
8131,1,416,318
8132,1,414,325
8133,1,412,331
8134,1,410,347
8135,1,408,357
8136,1,408,365
8137,1,406,374
8138,1,406,382
8139,1,404,377
8140,1,410,376
8141,1,404,379
8142,1,409,380
8143,1,408,374
8144,1,415,379
8145,1,402,379
8146,1,404,388
8147,1,410,386
8148,1,410,383
8149,1,410,386
8150,1,408,386
8151,1,408,386
8152,1,410,386
8153,1,410,386
8154,1,412,386
8155,1,418,383
8156,1,418,377
8157,1,424,370
8158,1,453,346
8159,1,488,326
8160,1,489,307
8161,1,499,293
8162,1,505,284
8163,1,503,280
8164,1,502,277
8165,1,499,274
8166,1,498,272
8167,1,495,272
8168,1,495,274
8169,1,492,277
8170,1,491,282
8171,1,487,293
8172,1,484,302
8173,1,483,299
8174,1,480,291
8175,1,480,282
8176,1,480,274
8177,1,480,274
8178,1,480,274
8179,1,480,277
8180,1,483,278
8181,1,483,282
8182,1,480,289
8183,1,483,293
8184,1,483,302
8185,1,482,310
8186,1,485,315
8187,1,490,323
8188,1,491,323
8189,1,494,317
8190,1,499,303
8191,1,508,280
8192,1,525,238
8193,1,536,221
8194,1,543,205
8195,1,551,190
8196,1,558,177
8197,1,573,154
8198,1,581,144
8199,1,588,137
8200,1,594,131
8201,1,600,125
8202,1,608,122
8203,1,623,119
8204,1,630,120
8205,1,638,122
8206,1,645,125
8207,1,652,131
8208,1,669,146
8209,1,675,160
8210,1,682,171
8211,1,645,234
8212,1,627,256
8213,1,612,280
8214,1,608,289
8215,1,605,296
8216,1,603,303
8217,1,600,309
8218,1,598,318
8219,1,597,325
8220,1,600,314
8221,1,600,299
8222,1,603,289
8223,1,607,278
8224,1,611,263
8225,1,612,256
8226,1,615,252
8227,1,615,248
8228,1,618,245
8229,1,622,243
8230,1,623,243
8231,1,626,243
8232,1,627,245
8233,1,630,248
8234,1,630,260
8235,1,633,266
8236,1,633,274
8237,1,585,272
8238,1,553,272
8239,1,510,272
8240,1,495,274
8241,1,484,277
8242,1,474,278
8243,1,465,282
8244,1,459,284
8245,1,446,293
8246,1,438,289
8247,1,436,278
8248,1,433,274
8249,1,429,270
8250,1,421,263
8251,1,418,263
8252,1,414,263
8253,1,410,266
8254,1,405,267
8255,1,399,277
8256,1,395,282
8257,1,391,289
8258,1,386,272
8259,1,384,260
8260,1,382,256
8261,1,380,255
8262,1,378,256
8263,1,378,256
8264,1,376,258
8265,1,376,260
8266,1,375,267
8267,1,375,272
8268,1,375,277
8269,1,375,282
8270,1,375,289
8271,1,375,302
8272,1,375,309
8273,1,373,306
8274,1,367,297
8275,1,365,289
8276,1,360,274
8277,1,355,272
8278,1,352,270
8279,1,348,267
8280,1,346,266
8281,1,341,267
8282,1,337,270
8283,1,333,272
8284,1,330,277
8285,1,328,282
8286,1,324,289
8287,1,318,306
8288,1,315,316
8289,1,313,327
8290,1,311,340
8291,1,311,336
8292,1,320,309
8293,1,322,297
8294,1,326,289
8295,1,330,282
8296,1,331,280
8297,1,335,278
8298,1,337,277
8299,1,337,278
8300,1,339,278
8301,1,341,282
8302,1,345,289
8303,1,346,293
8304,1,346,299
8305,1,348,306
8306,1,348,299
8307,1,343,293
8308,1,341,280
8309,1,339,277
8310,1,339,272
8311,1,339,270
8312,1,337,270
8313,1,335,270
8314,1,333,272
8315,1,331,274
8316,1,330,280
8317,1,330,286
8318,1,326,299
8319,1,326,309
8320,1,326,316
8321,1,324,327
8322,1,322,337
8323,1,373,252
8324,1,390,229
8325,1,403,209
8326,1,414,192
8327,1,425,180
8328,1,435,170
8329,1,450,154
8330,1,457,151
8331,1,465,144
8332,1,470,143
8333,1,476,139
8334,1,484,139
8335,1,491,139
8336,1,495,139
8337,1,499,141
8338,1,503,144
8339,1,510,151
8340,1,514,154
8341,1,518,160
8342,1,523,165
8343,1,525,171
8344,1,532,184
8345,1,536,190
8346,1,537,196
8347,1,540,205
8348,1,543,215
8349,1,545,222
8350,1,551,239
8351,1,553,248
8352,1,555,258
8353,1,555,266
8354,1,566,258
8355,1,578,246
8356,1,585,241
8357,1,589,239
8358,1,596,238
8359,1,600,238
8360,1,611,239
8361,1,615,241
8362,1,620,245
8363,1,626,248
8364,1,630,255
8365,1,558,267
8366,1,532,270
8367,1,513,272
8368,1,498,278
8369,1,484,280
8370,1,478,284
8371,1,463,293
8372,1,457,297
8373,1,453,303
8374,1,448,306
8375,1,444,312
8376,1,431,293
8377,1,425,289
8378,1,420,282
8379,1,414,277
8380,1,408,272
8381,1,397,270
8382,1,393,270
8383,1,388,270
8384,1,382,272
8385,1,378,272
8386,1,369,282
8387,1,363,286
8388,1,360,293
8389,1,355,302
8390,1,350,312
8391,1,346,320
8392,1,337,344
8393,1,333,357
8394,1,331,368
8395,1,333,340
8396,1,337,323
8397,1,345,297
8398,1,345,289
8399,1,346,286
8400,1,348,282
8401,1,350,278
8402,1,352,274
8403,1,354,277
8404,1,354,277
8405,1,355,278
8406,1,358,282
8407,1,360,289
8408,1,360,296
8409,1,361,302
8410,1,361,309
8411,1,363,312
8412,1,360,306
8413,1,352,289
8414,1,350,284
8415,1,348,278
8416,1,346,274
8417,1,343,272
8418,1,337,274
8419,1,335,277
8420,1,331,280
8421,1,330,282
8422,1,328,289
8423,1,322,302
8424,1,320,309
8425,1,318,318
8426,1,315,327
8427,1,313,340
8428,1,348,291
8429,1,375,258
8430,1,391,238
8431,1,406,218
8432,1,420,204
8433,1,431,194
8434,1,450,177
8435,1,457,171
8436,1,465,165
8437,1,472,163
8438,1,478,161
8439,1,488,160
8440,1,495,160
8441,1,498,161
8442,1,503,161
8443,1,510,165
8444,1,517,171
8445,1,521,177
8446,1,525,180
8447,1,528,184
8448,1,532,192
8449,1,537,204
8450,1,540,211
8451,1,545,218
8452,1,547,226
8453,1,548,234
8454,1,553,241
8455,1,560,235
8456,1,566,229
8457,1,570,228
8458,1,570,226
8459,1,575,226
8460,1,581,228
8461,1,585,229
8462,1,585,234
8463,1,588,238
8464,1,592,243
8465,1,596,258
8466,1,597,267
8467,1,578,272
8468,1,551,262
8469,1,529,255
8470,1,495,248
8471,1,480,248
8472,1,468,248
8473,1,457,250
8474,1,448,252
8475,1,438,256
8476,1,423,263
8477,1,418,267
8478,1,412,274
8479,1,406,278
8480,1,401,286
8481,1,393,302
8482,1,388,309
8483,1,386,314
8484,1,382,323
8485,1,378,334
8486,1,375,340
8487,1,371,330
8488,1,369,318
8489,1,369,306
8490,1,369,297
8491,1,365,282
8492,1,365,278
8493,1,363,274
8494,1,363,272
8495,1,361,270
8496,1,360,270
8497,1,360,267
8498,1,358,270
8499,1,358,272
8500,1,355,274
8501,1,355,280
8502,1,354,291
8503,1,352,302
8504,1,352,311
8505,1,350,320
8506,1,350,331
8507,1,352,282
8508,1,352,255
8509,1,354,228
8510,1,355,211
8511,1,358,194
8512,1,360,171
8513,1,360,161
8514,1,361,154
8515,1,361,151
8516,1,363,144
8517,1,363,141
8518,1,365,137
8519,1,367,137
8520,1,367,137
8521,1,369,139
8522,1,369,139
8523,1,371,144
8524,1,371,148
8525,1,373,153
8526,1,375,158
8527,1,375,163
8528,1,376,175
8529,1,378,182
8530,1,378,188
8531,1,378,195
8532,1,380,205
8533,1,382,221
8534,1,382,229
8535,1,367,243
8536,1,355,255
8537,1,345,263
8538,1,335,274
8539,1,318,293
8540,1,309,306
8541,1,301,323
8542,1,294,337
8543,1,285,352
8544,1,281,368
8545,1,298,327
8546,1,311,306
8547,1,318,289
8548,1,326,277
8549,1,339,260
8550,1,343,256
8551,1,348,252
8552,1,352,248
8553,1,355,248
8554,1,361,248
8555,1,365,252
8556,1,367,255
8557,1,371,258
8558,1,373,262
8559,1,375,267
8560,1,378,278
8561,1,382,284
8562,1,384,291
8563,1,386,299
8564,1,388,306
8565,1,388,315
8566,1,397,306
8567,1,399,296
8568,1,403,286
8569,1,406,278
8570,1,406,270
8571,1,408,266
8572,1,410,262
8573,1,412,260
8574,1,416,260
8575,1,418,262
8576,1,420,263
8577,1,421,267
8578,1,423,272
8579,1,425,277
8580,1,427,284
8581,1,427,299
8582,1,428,313
8583,1,432,328
8584,1,441,337
8585,1,453,325
8586,1,466,309
8587,1,476,297
8588,1,480,289
8589,1,491,278
8590,1,498,272
8591,1,514,267
8592,1,523,263
8593,1,528,263
8594,1,534,263
8595,1,540,266
8596,1,551,270
8597,1,555,272
8598,1,562,278
8599,1,566,282
8600,1,570,289
8601,1,573,297
8602,1,581,311
8603,1,585,320
8604,1,588,330
8605,1,592,340
8606,1,596,350
8607,1,600,372
8608,1,603,368
8609,1,603,365
8610,1,603,365
8611,1,603,365
8612,1,603,365
8613,1,605,365
8614,1,605,365
8615,1,607,369
8616,1,608,374
8617,1,611,374
8618,1,612,374
8619,1,615,374
8620,1,615,374
8621,1,615,374
8622,1,615,374
8623,1,612,374
8624,1,611,374
8625,1,609,375
8626,1,611,373
8627,1,615,372
8628,1,613,371
8629,1,613,370
8630,1,612,372
8631,1,612,372
8632,1,607,363
8633,1,601,349
8634,1,592,332
8635,1,595,321
8636,1,572,303
8637,1,560,280
8638,1,557,267
8639,1,537,242
8640,1,510,201
8641,1,457,135
8642,1,457,135
8643,1,457,135
8644,1,457,135
8645,1,484,176
8646,1,493,193
8647,1,497,221
8648,1,494,259
8649,1,492,279
8650,1,498,292
8651,1,504,304
8652,1,505,306
8653,1,513,303
8654,1,518,297
8655,1,525,289
8656,1,534,278
8657,1,540,274
8658,1,545,272
8659,1,558,267
8660,1,566,266
8661,1,570,266
8662,1,577,266
8663,1,582,267
8664,1,588,272
8665,1,600,280
8666,1,607,289
8667,1,612,296
8668,1,615,303
8669,1,618,306
8670,1,588,289
8671,1,577,282
8672,1,567,277
8673,1,562,274
8674,1,558,272
8675,1,547,272
8676,1,540,274
8677,1,537,277
8678,1,534,280
8679,1,528,284
8680,1,523,293
8681,1,518,302
8682,1,517,309
8683,1,514,314
8684,1,513,311
8685,1,510,300
8686,1,510,291
8687,1,508,284
8688,1,507,278
8689,1,507,270
8690,1,507,265
8691,1,511,262
8692,1,506,269
8693,1,507,278
8694,1,509,281
8695,1,510,289
8696,1,513,297
8697,1,513,306
8698,1,513,312
8699,1,513,323
8700,1,495,283
8701,1,480,252
8702,1,470,235
8703,1,463,222
8704,1,457,211
8705,1,451,201
8706,1,446,194
8707,1,438,184
8708,1,435,180
8709,1,431,178
8710,1,429,177
8711,1,425,177
8712,1,421,178
8713,1,420,180
8714,1,416,182
8715,1,416,187
8716,1,412,190
8717,1,410,199
8718,1,408,205
8719,1,408,211
8720,1,406,218
8721,1,405,226
8722,1,416,252
8723,1,423,263
8724,1,431,278
8725,1,440,293
8726,1,446,306
8727,1,451,318
8728,1,452,332
8729,1,459,320
8730,1,457,297
8731,1,457,289
8732,1,455,280
8733,1,453,270
8734,1,453,267
8735,1,453,266
8736,1,451,266
8737,1,451,266
8738,1,451,270
8739,1,451,272
8740,1,451,274
8741,1,451,280
8742,1,451,284
8743,1,453,297
8744,1,453,303
8745,1,453,311
8746,1,453,316
8747,1,443,305
8748,1,432,293
8749,1,425,284
8750,1,420,278
8751,1,412,274
8752,1,406,272
8753,1,401,267
8754,1,390,263
8755,1,382,263
8756,1,376,263
8757,1,371,266
8758,1,365,267
8759,1,354,277
8760,1,348,282
8761,1,345,289
8762,1,339,297
8763,1,335,306
8764,1,375,258
8765,1,397,229
8766,1,416,209
8767,1,429,194
8768,1,442,180
8769,1,451,171
8770,1,468,158
8771,1,478,154
8772,1,483,151
8773,1,491,148
8774,1,495,146
8775,1,506,146
8776,1,510,148
8777,1,514,151
8778,1,518,154
8779,1,525,156
8780,1,532,165
8781,1,536,170
8782,1,537,175
8783,1,540,180
8784,1,545,187
8785,1,551,199
8786,1,555,207
8787,1,555,215
8788,1,558,222
8789,1,560,229
8790,1,562,239
8791,1,566,256
8792,1,570,266
8793,1,570,274
8794,1,577,260
8795,1,582,232
8796,1,594,184
8797,1,600,165
8798,1,603,148
8799,1,608,136
8800,1,615,122
8801,1,622,99
8802,1,626,89
8803,1,630,82
8804,1,635,74
8805,1,638,69
8806,1,645,64
8807,1,649,62
8808,1,656,62
8809,1,660,64
8810,1,663,65
8811,1,667,71
8812,1,675,82
8813,1,680,94
8814,1,683,103
8815,1,690,117
8816,1,690,131
8817,1,701,165
8818,1,672,154
8819,1,641,131
8820,1,626,120
8821,1,612,113
8822,1,597,107
8823,1,592,105
8824,1,588,105
8825,1,585,107
8826,1,581,109
8827,1,577,114
8828,1,575,119
8829,1,573,120
8830,1,573,125
8831,1,570,130
8832,1,570,136
8833,1,570,146
8834,1,570,154
8835,1,570,160
8836,1,570,168
8837,1,570,175
8838,1,567,188
8839,1,567,197
8840,1,567,205
8841,1,567,215
8842,1,567,222
8843,1,581,190
8844,1,592,161
8845,1,600,137
8846,1,607,119
8847,1,615,102
8848,1,626,69
8849,1,633,56
8850,1,638,43
8851,1,645,34
8852,1,652,24
8853,1,658,17
8854,1,669,3
8855,1,675,1
8856,0,0,0
8857,0,0,0
8858,0,0,0
8859,1,705,1
8860,1,711,3
8861,1,717,7
8862,1,723,15
8863,1,729,22
8864,1,742,44
8865,1,748,58
8866,1,753,72
8867,1,758,89
8868,1,765,109
8869,1,778,151
8870,1,783,172
8871,1,738,202
8872,1,633,201
8873,1,592,209
8874,1,560,215
8875,1,517,228
8876,1,499,234
8877,1,487,241
8878,1,476,246
8879,1,466,252
8880,1,451,267
8881,1,444,274
8882,1,438,280
8883,1,435,289
8884,1,429,296
8885,1,421,312
8886,1,417,321
8887,1,414,330
8888,1,412,340
8889,1,408,352
8890,1,401,325
8891,1,401,314
8892,1,401,303
8893,1,401,293
8894,1,399,284
8895,1,397,278
8896,1,393,270
8897,1,390,266
8898,1,390,263
8899,1,388,262
8900,1,386,260
8901,1,384,260
8902,1,382,263
8903,1,382,266
8904,1,380,272
8905,1,378,277
8906,1,375,289
8907,1,375,299
8908,1,373,309
8909,1,373,318
8910,1,371,331
8911,1,369,316
8912,1,371,302
8913,1,373,291
8914,1,371,286
8915,1,371,278
8916,1,371,272
8917,1,371,263
8918,1,373,260
8919,1,373,260
8920,1,375,260
8921,1,375,260
8922,1,376,266
8923,1,376,270
8924,1,378,272
8925,1,378,278
8926,1,380,284
8927,1,382,296
8928,1,382,306
8929,1,382,312
8930,1,383,306
8931,1,398,218
8932,1,416,148
8933,1,427,94
8934,1,436,51
8935,1,446,9
8936,0,0,0
8937,0,0,0
8938,0,0,0
8939,0,0,0
8940,0,0,0
8941,0,0,0
8942,0,0,0
8943,0,0,0
8944,0,0,0
8945,0,0,0
8946,0,0,0
8947,0,0,0
8948,0,0,0
8949,0,0,0
8950,0,0,0
8951,0,0,0
8952,0,0,0
8953,0,0,0
8954,0,0,0
8955,0,0,0
8956,0,0,0
8957,0,0,0
8958,0,0,0
8959,0,0,0
8960,0,0,0
8961,0,0,0
8962,0,0,0
8963,0,0,0
8964,0,0,0
8965,0,0,0
8966,0,0,0
8967,0,0,0
8968,0,0,0
8969,0,0,0
8970,0,0,0
8971,1,688,3
8972,1,690,24
8973,1,695,52
8974,1,705,114
8975,1,705,144
8976,1,648,209
8977,1,622,234
8978,1,605,248
8979,1,596,258
8980,1,585,274
8981,1,578,280
8982,1,577,289
8983,1,573,291
8984,1,570,299
8985,1,570,309
8986,1,575,299
8987,1,577,289
8988,1,585,282
8989,1,588,277
8990,1,597,272
8991,1,600,270
8992,1,605,267
8993,1,608,267
8994,1,615,270
8995,1,622,274
8996,1,626,278
8997,1,630,284
8998,1,633,291
8999,1,637,302
9000,1,641,309
9001,1,645,330
9002,1,622,314
9003,1,608,299
9004,1,594,289
9005,1,585,280
9006,1,570,267
9007,1,562,267
9008,1,555,266
9009,1,551,266
9010,1,543,266
9011,1,536,270
9012,1,529,272
9013,1,525,277
9014,1,523,280
9015,1,521,286
9016,1,513,299
9017,1,510,306
9018,1,510,314
9019,1,510,309
9020,1,508,306
9021,1,508,296
9022,1,510,282
9023,1,508,278
9024,1,508,274
9025,1,506,272
9026,1,508,270
9027,1,510,270
9028,1,510,272
9029,1,510,274
9030,1,513,278
9031,1,513,284
9032,1,514,296
9033,1,517,303
9034,1,514,312
9035,1,514,323
9036,1,514,336
9037,1,518,341
9038,1,525,325
9039,1,528,312
9040,1,532,302
9041,1,536,291
9042,1,540,286
9043,1,547,274
9044,1,551,272
9045,1,555,267
9046,1,555,266
9047,1,560,266
9048,1,562,266
9049,1,563,267
9050,1,566,272
9051,1,567,277
9052,1,570,282
9053,1,573,293
9054,1,573,302
9055,1,575,311
9056,1,577,318
9057,1,578,331
9058,1,581,344
9059,1,570,339
9060,1,553,317
9061,1,537,302
9062,1,528,289
9063,1,517,282
9064,1,498,270
9065,1,487,263
9066,1,480,260
9067,1,470,258
9068,1,463,256
9069,1,446,256
9070,1,438,258
9071,1,431,260
9072,1,423,263
9073,1,416,267
9074,1,403,278
9075,1,397,286
9076,1,390,293
9077,1,384,303
9078,1,378,311
9079,1,367,331
9080,1,363,340
9081,1,360,355
9082,1,355,365
9083,1,350,378
9084,1,348,384
9085,1,346,378
9086,1,346,378
9087,1,346,378
9088,1,346,378
9089,1,346,382
9090,1,348,388
9091,1,348,388
9092,1,350,388
9093,1,350,388
9094,1,350,388
9095,1,350,388
9096,1,350,388
9097,1,350,388
9098,1,350,388
9099,1,352,388
9100,1,352,388
9101,1,352,388
9102,1,352,388
9103,1,352,388
9104,1,352,388
9105,1,352,388
9106,1,352,388
9107,1,352,388
9108,1,352,388
9109,1,352,388
9110,1,352,388
9111,1,350,388
9112,1,350,388
9113,1,352,388
9114,1,350,385
9115,1,358,377
9116,1,358,364
9117,1,372,340
9118,1,402,338
9119,1,407,347
9120,1,429,327
9121,1,456,340
9122,1,486,329
9123,1,500,300
9124,1,503,312
9125,1,505,316
9126,1,512,312
9127,1,517,306
9128,1,521,296
9129,1,525,289
9130,1,532,280
9131,1,537,277
9132,1,547,272
9133,1,553,272
9134,1,558,272
9135,1,563,272
9136,1,567,272
9137,1,577,280
9138,1,582,284
9139,1,585,289
9140,1,590,298
9141,1,596,306
9142,1,603,327
9143,1,607,336
9144,1,607,314
9145,1,608,289
9146,1,605,277
9147,1,603,267
9148,1,600,252
9149,1,600,246
9150,1,600,243
9151,1,597,241
9152,1,597,241
9153,1,597,241
9154,1,596,241
9155,1,596,243
9156,1,596,246
9157,1,596,250
9158,1,596,256
9159,1,603,228
9160,1,611,211
9161,1,618,194
9162,1,626,178
9163,1,637,154
9164,1,641,143
9165,1,645,133
9166,1,652,125
9167,1,658,120
9168,1,660,114
9169,1,671,109
9170,1,675,107
9171,1,682,105
9172,1,686,107
9173,1,690,111
9174,1,698,120
9175,1,705,128
9176,1,708,136
9177,1,711,146
9178,1,716,160
9179,1,585,216
9180,1,536,234
9181,1,506,245
9182,1,483,256
9183,1,468,263
9184,1,446,277
9185,1,436,282
9186,1,431,289
9187,1,423,296
9188,1,420,302
9189,1,414,309
9190,1,406,320
9191,1,405,327
9192,1,401,325
9193,1,397,311
9194,1,397,299
9195,1,390,289
9196,1,386,280
9197,1,384,277
9198,1,382,272
9199,1,378,272
9200,1,375,270
9201,1,371,270
9202,1,369,272
9203,1,367,272
9204,1,363,278
9205,1,360,289
9206,1,355,296
9207,1,354,303
9208,1,352,312
9209,1,348,323
9210,1,346,336
9211,1,343,361
9212,1,345,318
9213,1,348,278
9214,1,352,252
9215,1,355,232
9216,1,360,204
9217,1,361,194
9218,1,363,184
9219,1,363,178
9220,1,365,172
9221,1,369,170
9222,1,371,165
9223,1,371,165
9224,1,373,165
9225,1,375,168
9226,1,376,170
9227,1,378,172
9228,1,380,177
9229,1,382,180
9230,1,382,184
9231,1,384,190
9232,1,386,201
9233,1,388,207
9234,1,390,215
9235,1,391,221
9236,1,391,229
9237,1,393,243
9238,1,395,252
9239,1,393,260
9240,1,384,262
9241,1,378,263
9242,1,367,272
9243,1,361,277
9244,1,358,282
9245,1,352,289
9246,1,348,296
9247,1,339,312
9248,1,337,320
9249,1,335,318
9250,1,339,302
9251,1,343,289
9252,1,346,278
9253,1,350,272
9254,1,352,267
9255,1,354,266
9256,1,355,266
9257,1,358,266
9258,1,360,270
9259,1,361,272
9260,1,363,274
9261,1,363,278
9262,1,365,282
9263,1,367,293
9264,1,369,302
9265,1,369,309
9266,1,371,314
9267,1,369,309
9268,1,363,291
9269,1,363,284
9270,1,360,280
9271,1,355,278
9272,1,352,277
9273,1,348,274
9274,1,345,274
9275,1,343,277
9276,1,339,280
9277,1,337,282
9278,1,333,289
9279,1,330,302
9280,1,326,309
9281,1,324,318
9282,1,322,327
9283,1,318,340
9284,1,322,325
9285,1,326,309
9286,1,328,297
9287,1,328,291
9288,1,330,284
9289,1,333,274
9290,1,335,272
9291,1,337,270
9292,1,339,270
9293,1,341,270
9294,1,341,270
9295,1,345,272
9296,1,346,277
9297,1,348,282
9298,1,350,289
9299,1,352,296
9300,1,354,311
9301,1,355,318
9302,1,355,327
9303,1,358,337
9304,1,356,340
9305,1,355,325
9306,1,355,312
9307,1,354,303
9308,1,355,293
9309,1,355,289
9310,1,354,272
9311,1,352,270
9312,1,352,267
9313,1,350,266
9314,1,350,263
9315,1,348,263
9316,1,346,267
9317,1,345,270
9318,1,343,272
9319,1,343,278
9320,1,341,284
9321,1,341,302
9322,1,339,306
9323,1,341,303
9324,1,343,296
9325,1,345,289
9326,1,346,284
9327,1,348,282
9328,1,350,280
9329,1,352,280
9330,1,354,282
9331,1,354,291
9332,1,355,296
9333,1,355,299
9334,1,358,303
9335,1,360,309
9336,1,360,318
9337,1,360,336
9338,1,361,343
9339,1,363,337
9340,1,363,318
9341,1,361,306
9342,1,365,289
9343,1,363,277
9344,1,363,270
9345,1,361,266
9346,1,361,262
9347,1,361,256
9348,1,361,256
9349,1,363,255
9350,1,363,255
9351,1,361,256
9352,1,361,260
9353,1,360,266
9354,1,360,272
9355,1,363,277
9356,1,367,282
9357,1,369,291
9358,1,369,296
9359,1,376,295
9360,1,379,286
9361,1,389,272
9362,1,406,254
9363,1,412,230
9364,1,411,200
9365,1,430,183
9366,1,442,163
9367,1,457,135
9368,1,457,135
9369,1,457,135
9370,1,457,135
9371,1,457,135
9372,1,457,135
9373,1,457,135
9374,1,457,135
9375,1,457,135
9376,1,457,135
9377,1,457,135
9378,1,457,135
9379,1,457,135
9380,1,457,135
9381,1,457,135
9382,1,457,135
9383,1,457,135
9384,1,457,135
9385,1,457,135
9386,1,457,135
9387,1,457,135
9388,1,457,135
9389,1,457,135
9390,1,457,135
9391,1,443,199
9392,1,432,240
9393,1,432,256
9394,1,415,302
9395,1,414,326
9396,1,408,345
9397,1,399,360
9398,1,397,371
9399,1,395,379
9400,1,393,384
9401,1,393,384
9402,1,393,382
9403,1,391,375
9404,1,397,364
9405,1,394,359
9406,1,405,340
9407,1,436,339
9408,1,442,349
9409,1,445,325
9410,1,466,339
9411,1,492,321
9412,1,508,298
9413,1,510,309
9414,1,513,317
9415,1,518,318
9416,1,521,314
9417,1,523,306
9418,1,525,289
9419,1,528,280
9420,1,529,274
9421,1,532,272
9422,1,534,272
9423,1,536,272
9424,1,536,272
9425,1,537,274
9426,1,540,278
9427,1,540,282
9428,1,540,289
9429,1,543,293
9430,1,543,299
9431,1,514,289
9432,1,502,282
9433,1,491,277
9434,1,483,274
9435,1,476,274
9436,1,461,278
9437,1,453,280
9438,1,444,284
9439,1,436,289
9440,1,429,293
9441,1,421,302
9442,1,408,316
9443,1,401,327
9444,1,395,337
9445,1,388,350
9446,1,382,361
9447,1,376,336
9448,1,373,327
9449,1,367,312
9450,1,367,303
9451,1,367,293
9452,1,363,282
9453,1,363,278
9454,1,363,274
9455,1,363,272
9456,1,363,272
9457,1,363,274
9458,1,363,277
9459,1,363,278
9460,1,363,282
9461,1,365,289
9462,1,365,293
9463,1,367,309
9464,1,367,316
9465,1,369,327
9466,1,369,337
9467,1,369,347
9468,1,369,368
9469,1,369,377
9470,1,369,374
9471,1,367,369
9472,1,367,368
9473,1,367,368
9474,1,365,369
9475,1,365,372
9476,1,365,374
9477,1,365,377
9478,1,365,377
9479,1,365,377
9480,1,367,377
9481,1,366,373
9482,1,374,365
9483,1,372,353
9484,1,378,361
9485,1,378,356
9486,1,385,365
9487,1,375,363
9488,1,380,369
9489,1,386,367
9490,1,378,359
9491,1,374,370
9492,1,369,376
9493,1,369,378
9494,1,369,378
9495,1,369,378
9496,1,369,378
9497,1,369,378
9498,1,369,378
9499,1,369,378
9500,1,369,378
9501,1,369,378
9502,1,369,378
9503,1,369,381
9504,1,369,381
9505,1,369,381
9506,1,371,381
9507,1,388,371
9508,1,418,355
9509,1,454,338
9510,1,480,327
9511,1,494,317
9512,1,503,309
9513,1,510,302
9514,1,513,293
9515,1,525,278
9516,1,525,274
9517,1,529,272
9518,1,534,272
9519,1,540,270
9520,1,545,270
9521,1,548,272
9522,1,553,274
9523,1,555,278
9524,1,560,282
9525,1,563,289
9526,1,567,296
9527,1,560,298
9528,1,543,272
9529,1,525,245
9530,1,508,228
9531,1,487,204
9532,1,478,194
9533,1,470,188
9534,1,463,182
9535,1,457,180
9536,1,448,177
9537,1,444,177
9538,1,440,177
9539,1,436,177
9540,1,435,178
9541,1,429,184
9542,1,427,188
9543,1,425,192
9544,1,423,195
9545,1,421,201
9546,1,420,207
9547,1,418,218
9548,1,418,226
9549,1,416,234
9550,1,412,239
9551,1,406,235
9552,1,397,235
9553,1,393,235
9554,1,390,238
9555,1,386,239
9556,1,380,243
9557,1,375,252
9558,1,371,260
9559,1,367,267
9560,1,363,277
9561,1,360,286
9562,1,412,272
9563,1,431,263
9564,1,451,260
9565,1,470,258
9566,1,484,258
9567,1,498,258
9568,1,521,260
9569,1,529,263
9570,1,540,267
9571,1,547,272
9572,1,555,274
9573,1,570,286
9574,1,575,291
9575,1,581,299
9576,1,585,306
9577,1,592,312
9578,1,600,331
9579,1,605,340
9580,1,603,334
9581,1,585,286
9582,1,573,258
9583,1,551,211
9584,1,543,192
9585,1,532,172
9586,1,525,156
9587,1,514,141
9588,1,508,128
9589,1,491,107
9590,1,483,97
9591,1,476,89
9592,1,468,85
9593,1,459,79
9594,1,444,72
9595,1,435,74
9596,1,425,74
9597,1,418,79
9598,1,408,82
9599,1,393,97
9600,1,384,107
9601,1,376,119
9602,1,367,131
9603,1,360,146
9604,1,345,180
9605,1,335,201
9606,1,333,222
9607,1,346,229
9608,1,352,235
9609,1,355,241
9610,1,360,250
9611,1,361,255
9612,1,363,260
9613,1,365,263
9614,1,367,270
9615,1,369,280
9616,1,371,284
9617,1,371,291
9618,1,373,297
9619,1,373,306
9620,1,373,309
9621,1,369,296
9622,1,365,284
9623,1,361,278
9624,1,358,277
9625,1,352,270
9626,1,348,267
9627,1,345,267
9628,1,343,267
9629,1,339,267
9630,1,335,272
9631,1,330,278
9632,1,326,284
9633,1,324,291
9634,1,320,299
9635,1,318,306
9636,1,324,280
9637,1,330,252
9638,1,337,235
9639,1,341,222
9640,1,345,211
9641,1,352,195
9642,1,354,192
9643,1,355,188
9644,1,360,187
9645,1,361,184
9646,1,365,184
9647,1,367,187
9648,1,369,188
9649,1,371,192
9650,1,373,194
9651,1,375,197
9652,1,378,207
9653,1,380,211
9654,1,382,216
9655,1,384,222
9656,1,386,229
9657,1,390,243
9658,1,390,250
9659,1,391,256
9660,1,388,228
9661,1,384,204
9662,1,378,163
9663,1,375,146
9664,1,373,133
9665,1,371,120
9666,1,369,109
9667,1,363,89
9668,1,363,82
9669,1,360,77
9670,1,360,71
9671,1,355,68
9672,1,354,65
9673,1,350,64
9674,1,348,65
9675,1,345,68
9676,1,343,72
9677,1,341,80
9678,1,335,97
9679,1,333,109
9680,1,330,122
9681,1,326,137
9682,1,326,153
9683,1,348,131
9684,1,358,122
9685,1,363,117
9686,1,367,113
9687,1,371,113
9688,1,376,113
9689,1,378,113
9690,1,380,114
9691,1,382,119
9692,1,386,120
9693,1,386,124
9694,1,390,133
9695,1,391,137
9696,1,393,143
9697,1,395,148
9698,1,397,154
9699,1,399,168
9700,1,401,175
9701,1,403,180
9702,1,405,188
9703,1,405,197
9704,1,408,212
9705,1,408,222
9706,1,410,229
9707,1,412,239
9708,1,408,234
9709,1,393,187
9710,1,390,170
9711,1,384,154
9712,1,378,141
9713,1,375,130
9714,1,371,120
9715,1,361,103
9716,1,358,96
9717,1,354,89
9718,1,350,86
9719,1,346,85
9720,1,337,82
9721,1,333,82
9722,1,330,86
9723,1,324,89
9724,1,320,96
9725,1,311,113
9726,1,305,124
9727,1,300,137
9728,1,296,153
9729,1,290,170
9730,1,281,207
9731,1,315,211
9732,1,333,211
9733,1,350,211
9734,1,360,212
9735,1,369,215
9736,1,382,222
9737,1,386,226
9738,1,391,229
9739,1,395,235
9740,1,399,241
9741,1,405,252
9742,1,408,258
9743,1,410,263
9744,1,412,272
9745,1,416,278
9746,1,429,289
9747,1,440,277
9748,1,453,270
9749,1,465,263
9750,1,476,260
9751,1,499,256
9752,1,510,256
9753,1,521,256
9754,1,532,260
9755,1,540,262
9756,1,553,258
9757,1,558,246
9758,1,566,246
9759,1,570,246
9760,1,570,248
9761,1,575,248
9762,1,581,255
9763,1,582,260
9764,1,585,263
9765,1,585,267
9766,1,588,274
9767,1,592,286
9768,1,594,293
9769,1,596,302
9770,1,596,306
9771,1,597,314
9772,1,605,316
9773,1,615,291
9774,1,618,277
9775,1,626,260
9776,1,630,246
9777,1,637,234
9778,1,645,211
9779,1,649,204
9780,1,656,195
9781,1,660,188
9782,1,664,184
9783,1,675,178
9784,1,678,177
9785,1,683,177
9786,1,688,178
9787,1,693,182
9788,1,701,192
9789,1,705,199
9790,1,708,211
9791,1,711,221
9792,1,713,229
9793,1,664,224
9794,1,652,222
9795,1,641,222
9796,1,630,224
9797,1,623,226
9798,1,615,228
9799,1,607,235
9800,1,603,241
9801,1,600,245
9802,1,596,250
9803,1,594,256
9804,1,588,270
9805,1,585,277
9806,1,585,282
9807,1,585,291
9808,1,582,302
9809,1,577,309
9810,1,562,299
9811,1,553,289
9812,1,545,280
9813,1,536,274
9814,1,514,266
9815,1,506,263
9816,1,495,260
9817,1,487,260
9818,1,480,258
9819,1,472,260
9820,1,457,263
9821,1,448,267
9822,1,440,272
9823,1,433,278
9824,1,427,284
9825,1,412,303
9826,1,406,312
9827,1,401,320
9828,1,393,334
9829,1,393,334
9830,1,401,306
9831,1,401,296
9832,1,405,289
9833,1,410,280
9834,1,414,274
9835,1,420,272
9836,1,421,272
9837,1,423,272
9838,1,427,270
9839,1,429,272
9840,1,433,272
9841,1,438,282
9842,1,440,289
9843,1,443,295
9844,1,446,299
9845,1,447,299
9846,1,446,300
9847,1,445,302
9848,1,448,291
9849,1,446,267
9850,1,440,200
9851,1,440,154
9852,1,438,124
9853,1,436,97
9854,1,436,69
9855,1,435,47
9856,1,433,7
9857,0,0,0
9858,0,0,0
9859,0,0,0
9860,0,0,0
9861,0,0,0
9862,0,0,0
9863,0,0,0
9864,0,0,0
9865,0,0,0
9866,0,0,0
9867,0,0,0
9868,0,0,0
9869,0,0,0
9870,0,0,0
9871,0,0,0
9872,0,0,0
9873,0,0,0
9874,0,0,0
9875,0,0,0
9876,0,0,0
9877,0,0,0
9878,1,386,5
9879,1,384,26
9880,1,382,48
9881,1,380,71
9882,1,378,97
9883,1,375,154
9884,1,375,180
9885,1,375,207
9886,1,375,215
9887,1,375,222
9888,1,375,234
9889,1,376,239
9890,1,376,245
9891,1,376,250
9892,1,378,256
9893,1,378,267
9894,1,378,272
9895,1,380,280
9896,1,380,289
9897,1,382,293
9898,1,382,309
9899,1,382,302
9900,1,378,289
9901,1,375,278
9902,1,375,272
9903,1,375,263
9904,1,375,252
9905,1,373,246
9906,1,371,243
9907,1,369,241
9908,1,367,241
9909,1,365,241
9910,1,363,243
9911,1,363,245
9912,1,361,248
9913,1,361,252
9914,1,358,266
9915,1,358,272
9916,1,355,282
9917,1,355,291
9918,1,355,302
9919,1,352,323
9920,1,352,316
9921,1,352,302
9922,1,352,293
9923,1,350,289
9924,1,348,282
9925,1,350,272
9926,1,352,272
9927,1,352,270
9928,1,352,272
9929,1,352,272
9930,1,350,277
9931,1,348,278
9932,1,348,284
9933,1,348,289
9934,1,348,296
9935,1,352,309
9936,1,352,316
9937,1,352,325
9938,1,352,336
9939,1,354,337
9940,1,365,188
9941,1,369,143
9942,1,373,103
9943,1,376,65
9944,1,380,34
9945,1,386,5
9946,0,0,0
9947,0,0,0
9948,0,0,0
9949,0,0,0
9950,0,0,0
9951,0,0,0
9952,0,0,0
9953,0,0,0
9954,0,0,0
9955,0,0,0
9956,0,0,0
9957,0,0,0
9958,0,0,0
9959,0,0,0
9960,0,0,0
9961,0,0,0
9962,0,0,0
9963,0,0,0
9964,0,0,0
9965,0,0,0
9966,0,0,0
9967,0,0,0
9968,0,0,0
9969,0,0,0
9970,0,0,0
9971,0,0,0
9972,0,0,0
9973,0,0,0
9974,0,0,0
9975,1,459,3
9976,1,459,20
9977,1,463,72
9978,1,465,99
9979,1,466,128
9980,1,468,153
9981,1,459,236
9982,1,470,262
9983,1,470,272
9984,1,472,278
9985,1,472,286
9986,1,472,293
9987,1,474,299
9988,1,474,298
9989,1,472,282
9990,1,470,272
9991,1,468,262
9992,1,465,255
9993,1,461,239
9994,1,459,234
9995,1,457,229
9996,1,455,226
9997,1,453,224
9998,1,450,222
9999,1,448,224
10000,1,446,226
10001,1,444,228
10002,1,442,232
10003,1,438,245
10004,1,436,252
10005,1,435,260
10006,1,433,272
10007,1,438,274
10008,1,461,270
10009,1,484,263
10010,1,498,262
10011,1,508,260
10012,1,513,260
10013,1,518,262
10014,1,532,270
10015,1,537,272
10016,1,543,278
10017,1,548,282
10018,1,555,289
10019,1,563,306
10020,1,567,312
10021,1,573,320
10022,1,575,327
10023,1,578,340
10024,1,586,346
10025,1,570,289
10026,1,558,256
10027,1,551,228
10028,1,543,204
10029,1,536,182
10030,1,525,144
10031,1,517,128
10032,1,510,113
10033,1,506,102
10034,1,499,89
10035,1,488,71
10036,1,483,64
10037,1,476,56
10038,1,472,52
10039,1,465,48
10040,1,453,47
10041,1,446,48
10042,1,440,52
10043,1,435,56
10044,1,427,64
10045,1,416,82
10046,1,408,94
10047,1,403,109
10048,1,397,124
10049,1,390,139
10050,1,386,158
10051,1,375,197
10052,1,382,161
10053,1,382,143
10054,1,386,133
10055,1,388,125
10056,1,390,120
10057,1,391,120
10058,1,393,120
10059,1,393,120
10060,1,395,124
10061,1,397,128
10062,1,397,131
10063,1,399,136
10064,1,401,139
10065,1,401,143
10066,1,405,154
10067,1,405,160
10068,1,406,165
10069,1,406,172
10070,1,408,178
10071,1,408,187
10072,1,412,201
10073,1,412,211
10074,1,446,229
10075,1,476,245
10076,1,502,260
10077,1,543,284
10078,1,562,299
10079,1,581,312
10080,1,600,330
10081,1,615,343
10082,1,649,377
10083,1,667,397
10084,1,683,419
10085,1,697,437
10086,1,708,442
10087,1,729,440
10088,1,738,442
10089,1,753,445
10090,1,761,450
10091,1,772,457
10092,1,780,457
10093,1,798,459
10094,1,806,459
10095,1,810,459
10096,1,817,464
10097,1,823,464
10098,1,830,465
10099,1,830,469
10100,1,830,469
10101,1,830,471
10102,1,830,471
10103,1,832,471
10104,1,832,469
10105,1,833,469
10106,1,833,471
10107,1,836,471
10108,1,836,471
10109,1,836,469
10110,1,836,469
10111,1,836,469
10112,1,838,469
10113,1,838,468
10114,1,838,468
10115,1,838,469
10116,1,838,469
10117,1,777,407
10118,1,660,319
10119,1,513,289
10120,1,518,282
10121,1,521,278
10122,1,525,277
10123,1,528,274
10124,1,534,274
10125,1,537,274
10126,1,540,277
10127,1,543,280
10128,1,547,284
10129,1,553,296
10130,1,555,306
10131,1,558,312
10132,1,555,321
10133,1,543,303
10134,1,528,270
10135,1,498,228
10136,1,487,215
10137,1,480,204
10138,1,472,194
10139,1,465,187
10140,1,453,178
10141,1,450,175
10142,1,446,172
10143,1,442,172
10144,1,438,172
10145,1,435,175
10146,1,431,177
10147,1,429,180
10148,1,427,184
10149,1,425,188
10150,1,423,197
10151,1,421,204
10152,1,420,209
10153,1,420,215
10154,1,418,221
10155,1,418,228
10156,1,418,245
10157,1,429,245
10158,1,438,248
10159,1,448,252
10160,1,455,256
10161,1,470,267
10162,1,476,272
10163,1,483,278
10164,1,488,286
10165,1,495,296
10166,1,508,314
10167,1,513,327
10168,1,518,340
10169,1,498,299
10170,1,483,263
10171,1,461,222
10172,1,455,207
10173,1,450,197
10174,1,444,190
10175,1,440,184
10176,1,436,178
10177,1,431,175
10178,1,427,172
10179,1,425,172
10180,1,423,172
10181,1,423,175
10182,1,420,180
10183,1,420,182
10184,1,418,187
10185,1,418,192
10186,1,416,195
10187,1,416,207
10188,1,416,212
10189,1,416,218
10190,1,416,226
10191,1,414,234
10192,1,408,248
10193,1,401,248
10194,1,393,252
10195,1,386,258
10196,1,380,262
10197,1,375,267
10198,1,363,280
10199,1,358,289
10200,1,352,297
10201,1,348,306
10202,1,343,316
10203,1,333,343
10204,1,328,357
10205,1,324,369
10206,1,324,348
10207,1,326,330
10208,1,326,302
10209,1,330,291
10210,1,331,286
10211,1,333,280
10212,1,335,277
10213,1,337,272
10214,1,337,272
10215,1,339,272
10216,1,341,274
10217,1,341,277
10218,1,343,280
10219,1,345,289
10220,1,346,293
10221,1,348,299
10222,1,348,306
10223,1,350,312
10224,1,352,327
10225,1,352,336
10226,1,354,330
10227,1,354,323
10228,1,354,309
10229,1,355,289
10230,1,360,282
10231,1,360,277
10232,1,361,272
10233,1,361,267
10234,1,361,263
10235,1,361,260
10236,1,363,260
10237,1,363,260
10238,1,363,262
10239,1,365,266
10240,1,367,274
10241,1,367,280
10242,1,367,286
10243,1,369,293
10244,1,369,303
10245,1,367,315
10246,1,368,321
10247,1,371,304
10248,1,375,263
10249,1,378,238
10250,1,380,201
10251,1,382,188
10252,1,384,177
10253,1,386,168
10254,1,386,161
10255,1,390,151
10256,1,390,146
10257,1,391,144
10258,1,393,143
10259,1,393,143
10260,1,395,143
10261,1,397,144
10262,1,397,146
10263,1,399,151
10264,1,401,153
10265,1,401,156
10266,1,405,165
10267,1,405,171
10268,1,406,178
10269,1,408,184
10270,1,408,192
10271,1,410,207
10272,1,412,215
10273,1,412,222
10274,1,416,235
10275,1,431,238
10276,1,468,241
10277,1,483,245
10278,1,498,248
10279,1,510,255
10280,1,525,258
10281,1,537,266
10282,1,562,278
10283,1,573,286
10284,1,585,296
10285,1,596,306
10286,1,607,316
10287,1,626,340
10288,1,635,352
10289,1,645,368
10290,1,652,381
10291,1,652,368
10292,1,641,327
10293,1,637,312
10294,1,633,302
10295,1,630,293
10296,1,626,286
10297,1,620,278
10298,1,615,277
10299,1,615,274
10300,1,612,274
10301,1,611,274
10302,1,608,274
10303,1,605,280
10304,1,603,284
10305,1,603,289
10306,1,603,297
10307,1,604,303
10308,1,604,315
10309,1,603,321
10310,1,607,316
10311,1,608,302
10312,1,615,280
10313,1,633,248
10314,1,641,235
10315,1,648,222
10316,1,656,211
10317,1,663,201
10318,1,675,187
10319,1,682,178
10320,1,690,175
10321,1,697,171
10322,1,703,170
10323,1,710,170
10324,1,723,172
10325,1,731,177
10326,1,735,180
10327,1,743,188
10328,1,750,197
10329,1,762,221
10330,1,717,226
10331,1,678,229
10332,1,658,229
10333,1,643,232
10334,1,623,238
10335,1,615,241
10336,1,611,243
10337,1,607,246
10338,1,603,250
10339,1,597,258
10340,1,594,263
10341,1,585,260
10342,1,577,258
10343,1,570,255
10344,1,563,252
10345,1,551,250
10346,1,543,252
10347,1,537,252
10348,1,529,256
10349,1,525,260
10350,1,513,267
10351,1,508,274
10352,1,502,282
10353,1,495,289
10354,1,491,297
10355,1,483,314
10356,1,476,331
10357,1,470,340
10358,1,465,357
10359,1,461,369
10360,1,480,267
10361,1,487,239
10362,1,492,218
10363,1,498,201
10364,1,499,188
10365,1,503,177
10366,1,510,161
10367,1,513,156
10368,1,514,151
10369,1,517,148
10370,1,521,146
10371,1,525,144
10372,1,525,144
10373,1,528,144
10374,1,528,146
10375,1,532,151
10376,1,536,156
10377,1,537,160
10378,1,540,165
10379,1,540,170
10380,1,543,177
10381,1,547,188
10382,1,547,195
10383,1,548,204
10384,1,551,211
10385,1,551,222
10386,1,534,235
10387,1,503,262
10388,1,491,272
10389,1,480,284
10390,1,468,299
10391,1,457,312
10392,1,438,343
10393,1,427,359
10394,1,418,377
10395,1,408,395
10396,1,405,402
10397,1,427,334
10398,1,433,312
10399,1,438,299
10400,1,446,289
10401,1,450,278
10402,1,459,266
10403,1,463,262
10404,1,466,258
10405,1,470,256
10406,1,472,256
10407,1,476,256
10408,1,480,260
10409,1,483,263
10410,1,484,267
10411,1,488,272
10412,1,491,277
10413,1,495,289
10414,1,495,293
10415,1,498,302
10416,1,499,309
10417,1,502,318
10418,1,509,321
10419,1,528,302
10420,1,543,289
10421,1,558,274
10422,1,570,260
10423,1,596,239
10424,1,608,229
10425,1,620,222
10426,1,630,216
10427,1,645,211
10428,1,656,209
10429,1,678,207
10430,1,690,207
10431,1,701,209
10432,1,711,212
10433,1,723,218
10434,1,746,232
10435,1,757,241
10436,1,768,252
10437,1,778,266
10438,1,788,280
10439,1,810,314
10440,1,821,336
10441,1,828,355
10442,1,840,381
10443,1,848,403
10444,1,868,457
10445,1,877,483
10446,1,883,490
10447,1,862,489
10448,1,885,476
10449,1,857,480
10450,1,888,474
10451,1,888,474
10452,1,892,478
10453,1,893,484
10454,1,897,493
10455,1,907,497
10456,1,851,504
10457,1,843,501
10458,1,812,483
10459,1,785,458
10460,1,710,425
10461,1,688,367
10462,1,679,343
10463,1,648,319
10464,1,598,272
10465,1,457,135
10466,1,457,135
10467,1,457,135
10468,1,457,135
10469,1,457,135
10470,1,457,135
10471,1,478,180
10472,1,485,198
10473,1,489,224
10474,1,489,265
10475,1,498,287
10476,1,507,301
10477,1,506,312
10478,1,506,311
10479,1,507,309
10480,1,502,306
10481,1,495,289
10482,1,491,282
10483,1,487,278
10484,1,480,274
10485,1,478,272
10486,1,470,272
10487,1,465,272
10488,1,461,272
10489,1,457,277
10490,1,453,280
10491,1,450,284
10492,1,442,297
10493,1,438,306
10494,1,435,316
10495,1,423,306
10496,1,421,293
10497,1,410,280
10498,1,408,274
10499,1,406,272
10500,1,405,267
10501,1,403,267
10502,1,401,270
10503,1,401,272
10504,1,399,277
10505,1,397,280
10506,1,397,284
10507,1,393,297
10508,1,393,306
10509,1,393,311
10510,1,388,303
10511,1,384,293
10512,1,382,286
10513,1,376,274
10514,1,375,272
10515,1,373,270
10516,1,371,267
10517,1,369,266
10518,1,365,266
10519,1,363,270
10520,1,363,272
10521,1,361,278
10522,1,360,284
10523,1,355,302
10524,1,354,309
10525,1,354,316
10526,1,352,327
10527,1,382,280
10528,1,414,239
10529,1,427,226
10530,1,436,215
10531,1,446,205
10532,1,455,197
10533,1,463,192
10534,1,476,184
10535,1,483,182
10536,1,488,182
10537,1,492,182
10538,1,498,182
10539,1,508,184
10540,1,510,188
10541,1,517,190
10542,1,520,194
10543,1,525,199
10544,1,529,209
10545,1,534,215
10546,1,537,221
10547,1,540,226
10548,1,543,234
10549,1,548,248
10550,1,553,256
10551,1,555,266
10552,1,555,272
10553,1,558,280
10554,1,553,246
10555,1,545,188
10556,1,540,165
10557,1,540,146
10558,1,536,128
10559,1,532,113
10560,1,528,86
10561,1,525,74
10562,1,523,64
10563,1,518,54
10564,1,517,47
10565,1,513,34
10566,1,510,30
10567,1,508,26
10568,1,503,26
10569,1,502,24
10570,1,495,26
10571,1,495,30
10572,1,491,35
10573,1,488,40
10574,1,484,51
10575,1,483,60
10576,1,478,86
10577,1,474,102
10578,1,472,117
10579,1,468,136
10580,1,433,222
10581,1,410,277
10582,1,405,291
10583,1,401,302
10584,1,399,311
10585,1,397,318
10586,1,393,336
10587,1,393,340
10588,1,393,347
10589,1,391,357
10590,1,391,352
10591,1,391,348
10592,1,390,348
10593,1,388,345
10594,1,394,338
10595,1,391,331
10596,1,400,315
10597,1,414,289
10598,1,419,273
10599,1,418,227
10600,1,431,212
10601,1,443,183
10602,1,457,135
10603,1,457,135
10604,1,457,135
10605,1,457,135
10606,1,457,135
10607,1,457,135
10608,1,439,186
10609,1,423,213
10610,1,418,231
10611,1,406,267
10612,1,401,289
10613,1,390,308
10614,1,384,319
10615,1,380,328
10616,1,378,338
10617,1,376,343
10618,1,376,344
10619,1,376,343
10620,1,375,337
10621,1,387,332
10622,1,390,337
10623,1,412,333
10624,1,447,327
10625,1,475,325
10626,1,489,318
10627,1,500,311
10628,1,506,303
10629,1,510,297
10630,1,513,289
10631,1,518,282
10632,1,525,277
10633,1,528,272
10634,1,534,272
10635,1,537,272
10636,1,540,272
10637,1,545,272
10638,1,548,274
10639,1,555,282
10640,1,558,289
10641,1,562,296
10642,1,563,302
10643,1,559,302
10644,1,536,272
10645,1,517,248
10646,1,502,229
10647,1,488,216
10648,1,478,205
10649,1,461,192
10650,1,453,187
10651,1,448,182
10652,1,442,180
10653,1,436,180
10654,1,429,178
10655,1,423,180
10656,1,421,182
10657,1,418,184
10658,1,416,188
10659,1,412,192
10660,1,408,199
10661,1,405,205
10662,1,403,211
10663,1,401,216
10664,1,401,224
10665,1,397,238
10666,1,397,246
10667,1,403,252
10668,1,410,260
10669,1,416,266
10670,1,427,278
10671,1,433,286
10672,1,436,296
10673,1,442,306
10674,1,446,316
10675,1,440,310
10676,1,436,291
10677,1,433,277
10678,1,429,267
10679,1,425,262
10680,1,423,256
10681,1,420,252
10682,1,418,250
10683,1,416,250
10684,1,414,252
10685,1,412,255
10686,1,412,260
10687,1,410,263
10688,1,410,270
10689,1,408,274
10690,1,408,282
10691,1,408,296
10692,1,408,303
10693,1,408,311
10694,1,408,318
10695,1,408,327
10696,1,416,311
10697,1,420,299
10698,1,423,291
10699,1,427,282
10700,1,431,274
10701,1,435,272
10702,1,440,267
10703,1,444,267
10704,1,448,267
10705,1,450,267
10706,1,455,267
10707,1,461,272
10708,1,465,277
10709,1,468,282
10710,1,472,289
10711,1,474,296
10712,1,480,312
10713,1,482,325
10714,1,487,336
10715,1,475,293
10716,1,469,259
10717,1,459,232
10718,1,453,212
10719,1,448,195
10720,1,444,184
10721,1,440,175
10722,1,438,168
10723,1,431,154
10724,1,429,151
10725,1,427,146
10726,1,425,144
10727,1,423,144
10728,1,421,144
10729,1,420,144
10730,1,418,146
10731,1,418,151
10732,1,416,153
10733,1,414,161
10734,1,414,165
10735,1,414,171
10736,1,412,177
10737,1,412,184
10738,1,412,197
10739,1,412,205
10740,1,412,212
10741,1,412,221
10742,1,412,229
10743,1,408,238
10744,1,397,243
10745,1,391,246
10746,1,388,250
10747,1,384,256
10748,1,380,262
10749,1,375,274
10750,1,371,282
10751,1,367,291
10752,1,363,303
10753,1,360,314
10754,1,354,340
10755,1,352,352
10756,1,367,331
10757,1,376,309
10758,1,386,296
10759,1,397,278
10760,1,405,274
10761,1,408,272
10762,1,414,267
10763,1,418,267
10764,1,421,267
10765,1,429,270
10766,1,433,272
10767,1,435,274
10768,1,438,278
10769,1,442,282
10770,1,446,293
10771,1,450,302
10772,1,452,311
10773,1,455,320
10774,1,459,326
10775,1,463,315
10776,1,465,302
10777,1,466,291
10778,1,468,282
10779,1,468,274
10780,1,474,267
10781,1,476,263
10782,1,480,262
10783,1,480,260
10784,1,483,260
10785,1,484,262
10786,1,488,263
10787,1,491,267
10788,1,492,272
10789,1,495,278
10790,1,495,286
10791,1,499,303
10792,1,502,312
10793,1,503,325
10794,1,506,337
10795,1,483,285
10796,1,468,252
10797,1,461,238
10798,1,455,226
10799,1,450,215
10800,1,446,209
10801,1,438,199
10802,1,435,195
10803,1,431,194
10804,1,429,192
10805,1,427,192
10806,1,423,194
10807,1,420,195
10808,1,420,199
10809,1,418,204
10810,1,416,207
10811,1,416,211
10812,1,412,222
10813,1,412,228
10814,1,433,238
10815,1,461,245
10816,1,484,252
10817,1,528,266
10818,1,548,272
10819,1,566,282
10820,1,585,291
10821,1,603,303
10822,1,637,327
10823,1,653,340
10824,1,671,357
10825,1,683,372
10826,1,678,337
10827,1,664,303
10828,1,649,263
10829,1,645,250
10830,1,638,241
10831,1,635,232
10832,1,633,226
10833,1,626,221
10834,1,623,218
10835,1,622,218
10836,1,620,218
10837,1,618,222
10838,1,615,226
10839,1,615,229
10840,1,612,234
10841,1,612,239
10842,1,611,246
10843,1,611,258
10844,1,608,266
10845,1,608,272
10846,1,608,282
10847,1,608,289
10848,1,608,299
10849,1,622,282
10850,1,630,272
10851,1,637,262
10852,1,645,258
10853,1,652,252
10854,1,664,245
10855,1,672,243
10856,1,680,243
10857,1,688,243
10858,1,693,245
10859,1,708,252
10860,1,716,260
10861,1,723,267
10862,1,729,277
10863,1,735,286
10864,1,750,311
10865,1,757,323
10866,1,765,340
10867,1,768,357
10868,1,776,374
10869,1,780,394
10870,1,793,437
10871,1,795,459
10872,1,792,463
10873,1,798,457
10874,1,790,449
10875,1,802,445
10876,1,802,445
10877,1,802,445
10878,1,802,446
10879,1,802,455
10880,1,804,459
10881,1,804,459
10882,1,806,459
10883,1,806,459
10884,1,806,459
10885,1,808,462
10886,1,795,460
10887,1,789,455
10888,1,759,440
10889,1,736,428
10890,1,676,397
10891,1,659,347
10892,1,649,324
10893,1,617,305
10894,1,575,257
10895,1,457,135
10896,1,475,180
10897,1,481,199
10898,1,484,223
10899,1,487,265
10900,1,497,282
10901,1,515,299
10902,1,519,310
10903,1,513,306
10904,1,506,307
10905,1,492,306
10906,1,476,289
10907,1,466,278
10908,1,457,277
10909,1,450,274
10910,1,442,272
10911,1,435,272
10912,1,420,272
10913,1,412,274
10914,1,406,278
10915,1,399,282
10916,1,391,289
10917,1,378,302
10918,1,373,309
10919,1,367,318
10920,1,360,330
10921,1,355,340
10922,1,348,327
10923,1,348,314
10924,1,345,303
10925,1,346,293
10926,1,348,286
10927,1,350,274
10928,1,352,272
10929,1,352,270
10930,1,354,270
10931,1,355,272
10932,1,358,272
10933,1,360,278
10934,1,360,282
10935,1,361,289
10936,1,361,293
10937,1,363,299
10938,1,365,314
10939,1,367,320
10940,1,363,311
10941,1,363,299
10942,1,361,289
10943,1,363,278
10944,1,363,272
10945,1,363,270
10946,1,361,266
10947,1,361,263
10948,1,360,263
10949,1,360,263
10950,1,360,266
10951,1,358,270
10952,1,355,272
10953,1,355,278
10954,1,354,293
10955,1,354,302
10956,1,354,312
10957,1,354,323
10958,1,354,334
10959,1,361,274
10960,1,363,243
10961,1,367,216
10962,1,371,195
10963,1,373,178
10964,1,378,154
10965,1,378,144
10966,1,380,137
10967,1,382,130
10968,1,384,125
10969,1,388,119
10970,1,390,117
10971,1,390,114
10972,1,391,114
10973,1,393,114
10974,1,395,117
10975,1,397,119
10976,1,399,122
10977,1,401,125
10978,1,401,130
10979,1,403,136
10980,1,406,146
10981,1,408,154
10982,1,408,160
10983,1,410,168
10984,1,412,175
10985,1,414,192
10986,1,416,199
10987,1,416,209
10988,1,418,221
10989,1,451,239
10990,1,499,266
10991,1,523,278
10992,1,540,289
10993,1,562,306
10994,1,575,316
10995,1,596,336
10996,1,630,372
10997,1,648,391
10998,1,663,408
10999,1,656,374
11000,1,643,343
11001,1,630,311
11002,1,627,302
11003,1,623,291
11004,1,622,286
11005,1,618,282
11006,1,615,278
11007,1,612,278
11008,1,611,278
11009,1,611,280
11010,1,608,282
11011,1,607,289
11012,1,607,296
11013,1,607,302
11014,1,605,306
11015,1,603,311
11016,1,607,315
11017,1,612,324
11018,1,605,323
11019,1,611,320
11020,1,612,316
11021,1,613,309
11022,1,615,303
11023,1,618,296
11024,1,620,291
11025,1,622,289
11026,1,623,289
11027,1,627,286
11028,1,630,284
11029,1,633,286
11030,1,635,289
11031,1,635,289
11032,1,635,293
11033,1,633,297
11034,1,633,303
11035,1,630,309
11036,1,630,314
11037,1,630,323
11038,1,630,340
11039,1,630,348
11040,1,630,359
11041,1,623,356
11042,1,614,345
11043,1,603,333
11044,1,598,322
11045,1,576,301
11046,1,565,279
11047,1,561,260
11048,1,540,237
11049,1,508,196
11050,1,457,135
11051,1,457,135
11052,1,457,135
11053,1,457,135
11054,1,457,135
11055,1,457,135
11056,1,457,135
11057,1,457,135
11058,1,457,135
11059,1,457,135
11060,1,457,135
11061,1,457,135
11062,1,457,135
11063,1,457,135
11064,1,457,135
11065,1,483,176
11066,1,492,193
11067,1,496,220
11068,1,495,259
11069,1,501,282
11070,1,503,294
11071,1,506,305
11072,1,508,305
11073,1,514,301
11074,1,517,297
11075,1,518,289
11076,1,521,278
11077,1,521,274
11078,1,521,272
11079,1,521,272
11080,1,521,272
11081,1,521,272
11082,1,523,272
11083,1,523,277
11084,1,525,280
11085,1,525,289
11086,1,525,293
11087,1,525,302
11088,1,516,299
11089,1,503,289
11090,1,484,282
11091,1,476,277
11092,1,470,274
11093,1,465,272
11094,1,459,270
11095,1,444,272
11096,1,436,277
11097,1,431,280
11098,1,425,284
11099,1,418,291
11100,1,412,299
11101,1,401,314
11102,1,395,326
11103,1,390,336
11104,1,391,325
11105,1,397,309
11106,1,406,289
11107,1,408,284
11108,1,410,278
11109,1,414,274
11110,1,418,272
11111,1,423,272
11112,1,427,272
11113,1,429,272
11114,1,433,274
11115,1,435,278
11116,1,442,289
11117,1,444,293
11118,1,446,299
11119,1,446,306
11120,1,448,316
11121,1,450,320
11122,1,452,328
11123,1,449,332
11124,1,442,296
11125,1,438,260
11126,1,433,232
11127,1,425,184
11128,1,421,161
11129,1,418,143
11130,1,414,124
11131,1,412,109
11132,1,405,80
11133,1,401,69
11134,1,399,60
11135,1,395,51
11136,1,393,43
11137,1,388,30
11138,1,384,26
11139,1,382,24
11140,1,378,22
11141,1,375,22
11142,1,371,26
11143,1,363,34
11144,1,360,40
11145,1,355,51
11146,1,352,60
11147,1,348,72
11148,1,341,103
11149,1,337,120
11150,1,335,139
11151,1,333,160
11152,1,342,201
11153,1,353,240
11154,1,364,263
11155,1,371,280
11156,1,373,289
11157,1,375,296
11158,1,376,306
11159,1,378,312
11160,1,375,317
11161,1,373,306
11162,1,371,297
11163,1,369,289
11164,1,361,278
11165,1,358,274
11166,1,355,272
11167,1,352,267
11168,1,348,267
11169,1,345,267
11170,1,341,267
11171,1,337,272
11172,1,335,274
11173,1,331,278
11174,1,328,291
11175,1,324,299
11176,1,322,309
11177,1,318,320
11178,1,316,331
11179,1,311,352
11180,1,311,340
11181,1,316,320
11182,1,320,306
11183,1,322,293
11184,1,324,282
11185,1,330,277
11186,1,331,272
11187,1,333,272
11188,1,335,272
11189,1,337,270
11190,1,339,272
11191,1,341,272
11192,1,343,277
11193,1,345,282
11194,1,345,289
11195,1,348,297
11196,1,350,306
11197,1,352,311
11198,1,371,289
11199,1,386,270
11200,1,416,234
11201,1,429,221
11202,1,442,207
11203,1,455,195
11204,1,468,188
11205,1,480,178
11206,1,503,168
11207,1,517,163
11208,1,529,161
11209,1,540,161
11210,1,553,161
11211,1,577,168
11212,1,589,172
11213,1,603,180
11214,1,615,190
11215,1,627,201
11216,1,652,228
11217,1,663,245
11218,1,675,263
11219,1,682,278
11220,1,648,278
11221,1,620,274
11222,1,611,274
11223,1,607,277
11224,1,600,278
11225,1,600,280
11226,1,596,282
11227,1,592,291
11228,1,589,296
11229,1,590,301
11230,1,594,304
11231,1,599,293
11232,1,603,286
11233,1,611,278
11234,1,618,272
11235,1,623,266
11236,1,630,262
11237,1,641,256
11238,1,645,256
11239,1,652,256
11240,1,658,260
11241,1,663,262
11242,1,672,272
11243,1,671,272
11244,1,656,262
11245,1,645,255
11246,1,637,248
11247,1,635,248
11248,1,627,248
11249,1,623,250
11250,1,620,252
11251,1,615,256
11252,1,615,260
11253,1,611,272
11254,1,608,274
11255,1,607,282
11256,1,607,289
11257,1,604,299
11258,1,605,304
11259,1,604,310
11260,1,593,311
11261,1,586,302
11262,1,572,282
11263,1,560,260
11264,1,547,239
11265,1,536,221
11266,1,525,204
11267,1,513,188
11268,1,503,175
11269,1,483,153
11270,1,474,143
11271,1,463,136
11272,1,453,128
11273,1,444,124
11274,1,425,119
11275,1,414,119
11276,1,405,119
11277,1,393,120
11278,1,384,125
11279,1,363,139
11280,1,354,148
11281,1,343,161
11282,1,333,172
11283,1,324,188
11284,1,378,250
11285,1,388,262
11286,1,395,270
11287,1,401,277
11288,1,405,282
11289,1,408,289
11290,1,412,299
11291,1,416,306
11292,1,416,306
11293,1,420,293
11294,1,418,280
11295,1,421,266
11296,1,421,260
11297,1,423,252
11298,1,423,248
11299,1,425,245
11300,1,427,243
11301,1,429,243
11302,1,429,245
11303,1,431,246
11304,1,431,250
11305,1,433,262
11306,1,433,270
11307,1,435,278
11308,1,435,286
11309,1,435,297
11310,1,427,277
11311,1,421,222
11312,1,420,207
11313,1,416,195
11314,1,416,188
11315,1,414,180
11316,1,412,172
11317,1,412,171
11318,1,410,171
11319,1,410,171
11320,1,410,171
11321,1,410,175
11322,1,410,177
11323,1,410,180
11324,1,410,184
11325,1,410,188
11326,1,412,199
11327,1,412,205
11328,1,412,211
11329,1,412,218
11330,1,412,224
11331,1,414,232
11332,1,410,239
11333,1,406,238
11334,1,405,238
11335,1,401,238
11336,1,399,239
11337,1,395,243
11338,1,393,246
11339,1,391,252
11340,1,390,258
11341,1,388,266
11342,1,384,280
11343,1,382,289
11344,1,380,302
11345,1,378,312
11346,1,378,325
11347,1,373,357
11348,1,382,343
11349,1,390,323
11350,1,397,306
11351,1,403,296
11352,1,408,289
11353,1,420,278
11354,1,423,277
11355,1,427,274
11356,1,431,274
11357,1,435,272
11358,1,442,277
11359,1,444,278
11360,1,448,282
11361,1,451,289
11362,1,453,293
11363,1,459,306
11364,1,463,311
11365,1,464,310
11366,1,463,297
11367,1,465,286
11368,1,468,274
11369,1,468,270
11370,1,468,266
11371,1,468,263
11372,1,470,263
11373,1,470,263
11374,1,472,263
11375,1,472,267
11376,1,472,272
11377,1,472,277
11378,1,472,282
11379,1,473,290
11380,1,476,297
11381,1,474,301
11382,1,470,290
11383,1,465,266
11384,1,461,245
11385,1,455,226
11386,1,451,209
11387,1,450,195
11388,1,446,184
11389,1,444,170
11390,1,442,161
11391,1,440,158
11392,1,438,154
11393,1,438,153
11394,1,438,151
11395,1,436,151
11396,1,436,151
11397,1,435,153
11398,1,435,154
11399,1,435,158
11400,1,435,165
11401,1,435,170
11402,1,435,175
11403,1,435,180
11404,1,435,188
11405,1,435,201
11406,1,436,209
11407,1,461,222
11408,1,487,234
11409,1,508,241
11410,1,545,262
11411,1,563,272
11412,1,581,282
11413,1,596,293
11414,1,611,306
11415,1,626,320
11416,1,656,350
11417,1,669,368
11418,1,682,384
11419,1,693,403
11420,1,703,411
11421,1,667,340
11422,1,658,316
11423,1,649,302
11424,1,643,289
11425,1,637,278
11426,1,626,266
11427,1,622,260
11428,1,615,256
11429,1,612,255
11430,1,608,255
11431,1,603,256
11432,1,600,258
11433,1,600,260
11434,1,596,263
11435,1,594,270
11436,1,592,274
11437,1,588,286
11438,1,588,293
11439,1,588,302
11440,1,585,309
11441,1,585,320
11442,1,589,328
11443,1,591,323
11444,1,592,306
11445,1,592,296
11446,1,594,289
11447,1,600,274
11448,1,600,270
11449,1,603,266
11450,1,603,262
11451,1,605,260
11452,1,607,260
11453,1,608,260
11454,1,608,260
11455,1,611,263
11456,1,615,267
11457,1,615,272
11458,1,620,286
11459,1,622,293
11460,1,622,303
11461,1,623,312
11462,1,626,323
11463,1,585,258
11464,1,567,229
11465,1,553,207
11466,1,540,190
11467,1,529,175
11468,1,513,153
11469,1,508,144
11470,1,499,139
11471,1,495,133
11472,1,488,130
11473,1,480,124
11474,1,478,122
11475,1,472,122
11476,1,470,122
11477,1,466,124
11478,1,463,125
11479,1,459,131
11480,1,457,136
11481,1,453,139
11482,1,451,144
11483,1,450,151
11484,1,448,161
11485,1,446,170
11486,1,444,177
11487,1,444,184
11488,1,442,192
11489,1,440,209
11490,1,438,221
11491,1,418,241
11492,1,401,256
11493,1,390,272
11494,1,363,302
11495,1,352,316
11496,1,341,334
11497,1,330,352
11498,1,318,368
11499,1,307,391
11500,1,318,334
11501,1,326,309
11502,1,331,296
11503,1,335,284
11504,1,339,274
11505,1,345,263
11506,1,346,260
11507,1,350,258
11508,1,352,256
11509,1,354,256
11510,1,358,260
11511,1,360,262
11512,1,361,266
11513,1,363,270
11514,1,365,274
11515,1,369,286
11516,1,371,293
11517,1,373,302
11518,1,375,309
11519,1,376,316
11520,1,375,326
11521,1,376,335
11522,1,377,338
11523,1,378,323
11524,1,376,311
11525,1,375,302
11526,1,375,284
11527,1,375,278
11528,1,373,272
11529,1,371,272
11530,1,367,267
11531,1,365,266
11532,1,363,266
11533,1,363,267
11534,1,361,267
11535,1,361,272
11536,1,358,282
11537,1,355,289
11538,1,355,293
11539,1,354,303
11540,1,352,312
11541,1,350,323
11542,1,376,272
11543,1,391,241
11544,1,405,215
11545,1,414,194
11546,1,423,178
11547,1,438,154
11548,1,444,144
11549,1,451,137
11550,1,457,131
11551,1,461,125
11552,1,470,120
11553,1,476,119
11554,1,480,119
11555,1,483,117
11556,1,487,119
11557,1,495,122
11558,1,498,124
11559,1,502,128
11560,1,506,131
11561,1,510,136
11562,1,510,141
11563,1,517,153
11564,1,521,158
11565,1,525,165
11566,1,525,172
11567,1,528,180
11568,1,534,195
11569,1,536,205
11570,1,537,215
11571,1,540,224
11572,1,540,232
11573,1,560,232
11574,1,570,229
11575,1,578,229
11576,1,585,229
11577,1,594,232
11578,1,608,238
11579,1,615,241
11580,1,622,246
11581,1,630,255
11582,1,637,262
11583,1,643,272
11584,1,653,293
11585,1,635,293
11586,1,603,274
11587,1,577,263
11588,1,562,256
11589,1,529,248
11590,1,517,248
11591,1,508,248
11592,1,498,248
11593,1,488,250
11594,1,474,256
11595,1,468,260
11596,1,463,266
11597,1,457,272
11598,1,453,277
11599,1,444,289
11600,1,442,296
11601,1,438,306
11602,1,435,312
11603,1,433,320
11604,1,431,330
11605,1,425,339
11606,1,421,337
11607,1,414,297
11608,1,408,272
11609,1,401,250
11610,1,390,209
11611,1,386,192
11612,1,380,177
11613,1,376,161
11614,1,371,148
11615,1,361,125
11616,1,358,119
11617,1,354,111
11618,1,348,103
11619,1,345,99
11620,1,335,94
11621,1,330,94
11622,1,324,94
11623,1,318,97
11624,1,313,102
11625,1,307,109
11626,1,296,125
11627,1,290,139
11628,1,285,153
11629,1,279,168
11630,1,273,184
11631,1,262,226
11632,1,258,248
11633,1,281,256
11634,1,307,252
11635,1,326,250
11636,1,345,250
11637,1,352,252
11638,1,358,255
11639,1,363,258
11640,1,367,262
11641,1,375,272
11642,1,376,274
11643,1,378,280
11644,1,382,284
11645,1,384,291
11646,1,386,299
11647,1,390,312
11648,1,391,320
11649,1,390,329
11650,1,390,331
11651,1,390,318
11652,1,390,306
11653,1,388,296
11654,1,386,289
11655,1,382,284
11656,1,378,278
11657,1,376,274
11658,1,375,272
11659,1,375,272
11660,1,373,272
11661,1,371,272
11662,1,367,278
11663,1,365,282
11664,1,363,289
11665,1,360,296
11666,1,360,303
11667,1,358,312
11668,1,354,331
11669,1,352,340
11670,1,352,355
11671,1,345,340
11672,1,352,274
11673,1,355,205
11674,1,358,180
11675,1,360,160
11676,1,361,144
11677,1,363,131
11678,1,365,111
11679,1,365,103
11680,1,367,97
11681,1,367,92
11682,1,369,86
11683,1,371,82
11684,1,373,82
11685,1,375,82
11686,1,375,82
11687,1,376,82
11688,1,376,85
11689,1,378,89
11690,1,380,92
11691,1,382,96
11692,1,382,102
11693,1,384,107
11694,1,388,120
11695,1,390,125
11696,1,390,133
11697,1,391,141
11698,1,393,151
11699,1,395,165
11700,1,395,175
11701,1,397,184
11702,1,397,192
11703,1,399,204
11704,1,401,222
11705,1,420,229
11706,1,440,232
11707,1,459,235
11708,1,478,239
11709,1,492,243
11710,1,523,252
11711,1,537,260
11712,1,551,267
11713,1,563,274
11714,1,575,282
11715,1,600,306
11716,1,612,316
11717,1,623,331
11718,1,633,343
11719,1,637,340
11720,1,630,302
11721,1,626,293
11722,1,622,286
11723,1,618,277
11724,1,618,272
11725,1,612,262
11726,1,611,260
11727,1,611,258
11728,1,608,260
11729,1,607,260
11730,1,607,263
11731,1,605,272
11732,1,603,274
11733,1,603,282
11734,1,603,289
11735,1,601,296
11736,1,603,305
11737,1,606,318
11738,1,605,328
11739,1,607,339
11740,1,608,349
11741,1,608,344
11742,1,608,331
11743,1,611,316
11744,1,615,306
11745,1,615,297
11746,1,620,280
11747,1,622,274
11748,1,626,272
11749,1,627,267
11750,1,630,267
11751,1,633,267
11752,1,637,267
11753,1,638,270
11754,1,641,272
11755,1,645,274
11756,1,645,280
11757,1,652,293
11758,1,653,303
11759,1,656,311
11760,1,658,320
11761,1,622,278
11762,1,573,218
11763,1,555,197
11764,1,540,180
11765,1,528,170
11766,1,517,158
11767,1,498,143
11768,1,488,136
11769,1,480,131
11770,1,476,130
11771,1,470,128
11772,1,465,125
11773,1,453,125
11774,1,450,128
11775,1,446,128
11776,1,442,131
11777,1,438,136
11778,1,433,143
11779,1,429,146
11780,1,427,154
11781,1,423,158
11782,1,421,165
11783,1,418,180
11784,1,416,188
11785,1,416,195
11786,1,414,204
11787,1,412,212
11788,1,410,229
11789,1,408,239
11790,1,408,248
11791,1,408,258
11792,1,406,267
11793,1,406,277
11794,1,401,234
11795,1,399,209
11796,1,397,188
11797,1,397,170
11798,1,395,153
11799,1,393,124
11800,1,391,113
11801,1,391,102
11802,1,390,94
11803,1,390,85
11804,1,388,71
11805,1,386,68
11806,1,386,64
11807,1,384,62
11808,1,382,60
11809,1,380,62
11810,1,378,65
11811,1,376,71
11812,1,375,77
11813,1,373,85
11814,1,371,96
11815,1,367,120
11816,1,365,136
11817,1,363,153
11818,1,363,165
11819,1,425,184
11820,1,474,205
11821,1,491,212
11822,1,506,221
11823,1,517,228
11824,1,525,235
11825,1,540,250
11826,1,547,258
11827,1,555,266
11828,1,558,272
11829,1,563,282
11830,1,570,297
11831,1,575,306
11832,1,578,316
11833,1,582,323
11834,1,585,336
11835,1,590,335
11836,1,594,318
11837,1,596,306
11838,1,597,297
11839,1,600,289
11840,1,600,284
11841,1,600,277
11842,1,600,272
11843,1,600,272
11844,1,600,270
11845,1,600,272
11846,1,603,272
11847,1,605,277
11848,1,605,282
11849,1,607,289
11850,1,607,296
11851,1,607,311
11852,1,608,318
11853,1,608,330
11854,1,608,340
11855,1,588,305
11856,1,565,258
11857,1,545,222
11858,1,529,194
11859,1,518,171
11860,1,510,153
11861,1,499,137
11862,1,487,114
11863,1,480,105
11864,1,476,97
11865,1,470,92
11866,1,466,88
11867,1,459,80
11868,1,455,80
11869,1,452,80
11870,1,445,80
11871,1,439,80
11872,1,438,83
11873,1,438,86
11874,1,436,89
11875,1,435,94
11876,1,433,99
11877,1,429,105
11878,1,427,117
11879,1,427,122
11880,1,425,130
11881,1,423,137
11882,1,423,146
11883,1,421,161
11884,1,421,171
11885,1,420,180
11886,1,420,188
11887,1,420,199
11888,1,431,222
11889,1,461,229
11890,1,484,239
11891,1,508,248
11892,1,525,256
11893,1,562,274
11894,1,578,284
11895,1,596,297
11896,1,611,309
11897,1,626,323
11898,1,641,337
11899,1,669,369
11900,1,682,386
11901,1,695,403
11902,1,705,416
11903,1,697,361
11904,1,682,306
11905,1,678,286
11906,1,672,270
11907,1,669,258
11908,1,667,248
11909,1,660,234
11910,1,660,229
11911,1,656,226
11912,1,653,224
11913,1,652,224
11914,1,649,224
11915,1,648,226
11916,1,648,229
11917,1,645,234
11918,1,645,239
11919,1,645,245
11920,1,645,256
11921,1,643,263
11922,1,643,272
11923,1,643,280
11924,1,643,289
11925,1,641,309
11926,1,641,318
11927,1,641,330
11928,1,641,340
11929,1,641,350
11930,1,643,365
11931,1,643,361
11932,1,630,339
11933,1,620,316
11934,1,611,306
11935,1,611,311
11936,1,585,290
11937,1,572,274
11938,1,566,263
11939,1,543,240
11940,1,511,198
11941,1,457,135
11942,1,457,135
11943,1,457,135
11944,1,457,135
11945,1,457,135
11946,1,457,135
11947,1,457,135
11948,1,457,135
11949,1,457,135
11950,1,457,135
11951,1,457,135
11952,1,457,135
11953,1,457,135
11954,1,457,135
11955,1,457,135
11956,1,457,135
11957,1,457,135
11958,1,457,135
11959,1,457,135
11960,1,457,135
11961,1,457,135
11962,1,457,135
11963,1,457,135
11964,1,457,135
11965,1,457,135
11966,1,457,135
11967,1,457,135
11968,1,457,135
11969,1,457,135
11970,1,477,176
11971,1,483,193
11972,1,487,217
11973,1,483,258
11974,1,492,279
11975,1,501,288
11976,1,500,298
11977,1,501,301
11978,1,502,298
11979,1,498,293
11980,1,495,286
11981,1,488,280
11982,1,483,277
11983,1,476,272
11984,1,472,272
11985,1,468,272
11986,1,466,274
11987,1,463,278
11988,1,459,284
11989,1,457,289
11990,1,453,296
11991,1,453,302
11992,1,451,306
11993,1,442,245
11994,1,435,224
11995,1,431,204
11996,1,425,184
11997,1,421,170
11998,1,412,139
11999,1,408,128
12000,1,405,117
12001,1,403,107
12002,1,399,97
12003,1,395,92
12004,1,388,80
12005,1,384,77
12006,1,380,74
12007,1,375,74
12008,1,371,74
12009,1,361,82
12010,1,358,88
12011,1,352,94
12012,1,348,105
12013,1,345,114
12014,1,335,143
12015,1,331,154
12016,1,436,245
12017,1,465,270
12018,1,480,284
12019,1,506,306
12020,1,513,316
12021,1,518,323
12022,1,523,331
12023,1,528,337
12024,1,536,323
12025,1,553,289
12026,1,560,278
12027,1,570,270
12028,1,577,260
12029,1,585,252
12030,1,597,241
12031,1,603,235
12032,1,611,234
12033,1,615,232
12034,1,622,232
12035,1,633,234
12036,1,641,238
12037,1,645,241
12038,1,652,245
12039,1,658,252
12040,1,669,270
12041,1,675,278
12042,1,680,293
12043,1,682,302
12044,1,669,289
12045,1,656,278
12046,1,652,267
12047,1,648,263
12048,1,645,263
12049,1,641,266
12050,1,637,266
12051,1,633,272
12052,1,633,274
12053,1,630,278
12054,1,630,282
12055,1,630,289
12056,1,626,302
12057,1,626,309
12058,1,626,316
12059,1,633,306
12060,1,637,284
12061,1,649,245
12062,1,656,228
12063,1,660,212
12064,1,667,199
12065,1,672,188
12066,1,678,177
12067,1,688,160
12068,1,693,153
12069,1,698,148
12070,1,705,144
12071,1,710,143
12072,1,720,143
12073,1,723,144
12074,1,729,148
12075,1,735,154
12076,1,738,161
12077,1,748,180
12078,1,703,207
12079,1,660,228
12080,1,638,239
12081,1,626,246
12082,1,607,258
12083,1,603,263
12084,1,597,267
12085,1,594,272
12086,1,592,278
12087,1,588,282
12088,1,577,266
12089,1,575,260
12090,1,570,255
12091,1,566,248
12092,1,562,246
12093,1,555,243
12094,1,553,243
12095,1,548,243
12096,1,547,245
12097,1,543,246
12098,1,537,256
12099,1,536,262
12100,1,532,267
12101,1,528,277
12102,1,525,284
12103,1,521,306
12104,1,518,320
12105,1,517,330
12106,1,521,330
12107,1,528,312
12108,1,537,302
12109,1,548,289
12110,1,551,282
12111,1,555,280
12112,1,558,278
12113,1,562,278
12114,1,566,278
12115,1,570,282
12116,1,570,284
12117,1,573,289
12118,1,577,293
12119,1,581,306
12120,1,581,309
12121,1,588,306
12122,1,592,293
12123,1,596,286
12124,1,600,272
12125,1,605,267
12126,1,607,263
12127,1,611,262
12128,1,612,262
12129,1,615,262
12130,1,615,263
12131,1,618,266
12132,1,620,270
12133,1,623,274
12134,1,626,282
12135,1,630,297
12136,1,633,306
12137,1,635,314
12138,1,637,325
12139,1,638,336
12140,1,633,309
12141,1,633,299
12142,1,630,293
12143,1,627,289
12144,1,626,280
12145,1,626,274
12146,1,623,272
12147,1,622,272
12148,1,620,272
12149,1,618,274
12150,1,618,278
12151,1,615,282
12152,1,615,289
12153,1,615,293
12154,1,615,299
12155,1,615,306
12156,1,615,323
12157,1,612,331
12158,1,612,340
12159,1,612,350
12160,1,611,365
12161,1,607,369
12162,1,598,364
12163,1,586,350
12164,1,582,327
12165,1,562,307
12166,1,555,284
12167,1,554,263
12168,1,536,238
12169,1,536,260
12170,1,498,228
12171,1,500,257
12172,1,515,299
12173,1,514,329
12174,1,524,342
12175,1,528,357
12176,1,532,368
12177,1,535,374
12178,1,536,377
12179,1,534,377
12180,1,534,377
12181,1,534,377
12182,1,534,377
12183,1,534,377
12184,1,534,377
12185,1,536,377
12186,1,534,378
12187,1,517,337
12188,1,510,309
12189,1,517,302
12190,1,525,293
12191,1,532,286
12192,1,537,280
12193,1,551,274
12194,1,558,272
12195,1,566,272
12196,1,570,272
12197,1,577,272
12198,1,588,277
12199,1,596,282
12200,1,600,289
12201,1,607,293
12202,1,611,302
12203,1,620,316
12204,1,609,312
12205,1,577,267
12206,1,553,239
12207,1,536,218
12208,1,508,188
12209,1,498,178
12210,1,487,170
12211,1,480,163
12212,1,472,158
12213,1,466,156
12214,1,457,153
12215,1,451,151
12216,1,448,151
12217,1,444,153
12218,1,440,154
12219,1,433,160
12220,1,431,163
12221,1,427,168
12222,1,425,172
12223,1,423,177
12224,1,420,188
12225,1,418,195
12226,1,416,204
12227,1,416,211
12228,1,414,218
12229,1,412,234
12230,1,410,241
12231,1,410,250
12232,1,406,255
12233,1,401,256
12234,1,397,258
12235,1,390,263
12236,1,388,267
12237,1,384,272
12238,1,382,277
12239,1,378,284
12240,1,373,302
12241,1,371,309
12242,1,410,291
12243,1,429,277
12244,1,450,270
12245,1,480,258
12246,1,492,256
12247,1,503,255
12248,1,513,252
12249,1,521,255
12250,1,536,258
12251,1,543,262
12252,1,548,266
12253,1,555,270
12254,1,560,274
12255,1,566,278
12256,1,573,291
12257,1,577,297
12258,1,582,306
12259,1,585,312
12260,1,588,320
12261,1,596,302
12262,1,600,289
12263,1,603,282
12264,1,603,277
12265,1,605,272
12266,1,608,266
12267,1,612,262
12268,1,615,260
12269,1,615,260
12270,1,618,260
12271,1,620,266
12272,1,622,270
12273,1,623,274
12274,1,626,280
12275,1,627,289
12276,1,630,297
12277,1,630,316
12278,1,630,330
12279,1,633,340
12280,1,633,344
12281,1,623,325
12282,1,618,297
12283,1,612,286
12284,1,611,278
12285,1,611,274
12286,1,611,272
12287,1,607,266
12288,1,605,266
12289,1,603,266
12290,1,600,267
12291,1,600,270
12292,1,600,274
12293,1,600,280
12294,1,597,284
12295,1,597,291
12296,1,596,297
12297,1,597,297
12298,1,603,282
12299,1,603,274
12300,1,605,270
12301,1,605,266
12302,1,607,262
12303,1,611,260
12304,1,615,258
12305,1,615,258
12306,1,615,260
12307,1,615,262
12308,1,615,270
12309,1,615,274
12310,1,618,282
12311,1,618,291
12312,1,620,299
12313,1,622,318
12314,1,623,330
12315,1,613,320
12316,1,582,241
12317,1,562,195
12318,1,547,165
12319,1,523,117
12320,1,513,99
12321,1,506,86
12322,1,499,72
12323,1,492,62
12324,0,0,0
12325,0,0,0
12326,0,0,0
12327,0,0,0
12328,0,0,0
12329,1,457,26
12330,0,0,0
12331,0,0,0
12332,0,0,0
12333,0,0,0
12334,0,0,0
12335,0,0,0
12336,0,0,0
12337,0,0,0
12338,0,0,0
12339,1,433,64
12340,1,431,77
12341,1,429,85
12342,1,427,92
12343,1,427,99
12344,1,425,109
12345,1,423,125
12346,1,423,136
12347,1,423,144
12348,1,421,154
12349,1,421,165
12350,1,420,184
12351,1,420,195
12352,1,420,207
12353,1,420,218
12354,1,412,238
12355,1,399,267
12356,1,395,280
12357,1,390,296
12358,1,386,309
12359,1,380,323
12360,1,376,340
12361,1,367,381
12362,1,365,391
12363,1,407,330
12364,1,440,311
12365,1,450,299
12366,1,474,277
12367,1,484,270
12368,1,495,263
12369,1,499,260
12370,1,508,258
12371,1,518,258
12372,1,525,260
12373,1,528,260
12374,1,532,263
12375,1,536,266
12376,1,543,274
12377,1,547,278
12378,1,551,284
12379,1,553,291
12380,1,555,299
12381,1,558,306
12382,1,551,291
12383,1,543,282
12384,1,540,278
12385,1,536,274
12386,1,529,272
12387,1,521,267
12388,1,517,267
12389,1,510,270
12390,1,508,272
12391,1,502,272
12392,1,495,282
12393,1,491,289
12394,1,487,296
12395,1,472,282
12396,1,459,253
12397,1,448,232
12398,1,438,209
12399,1,431,192
12400,1,423,180
12401,1,420,170
12402,1,416,161
12403,1,408,151
12404,1,405,146
12405,1,401,143
12406,1,399,143
12407,1,397,143
12408,1,393,143
12409,1,393,144
12410,1,391,146
12411,1,390,151
12412,1,390,154
12413,1,388,161
12414,1,386,168
12415,1,386,172
12416,1,386,180
12417,1,384,187
12418,1,384,199
12419,1,384,207
12420,1,382,215
12421,1,382,224
12422,1,382,232
12423,1,382,241
12424,1,382,258
12425,1,382,267
12426,1,382,245
12427,1,382,218
12428,1,382,192
12429,1,382,154
12430,1,380,137
12431,1,380,122
12432,1,382,111
12433,1,382,97
12434,1,382,79
12435,1,382,71
12436,1,382,64
12437,1,382,60
12438,1,382,54
12439,1,382,51
12440,1,384,51
12441,1,384,51
12442,1,384,54
12443,1,384,58
12444,1,384,64
12445,1,384,80
12446,1,382,92
12447,1,382,103
12448,1,382,119
12449,1,382,133
12450,1,405,205
12451,1,423,245
12452,1,435,267
12453,1,440,278
12454,1,444,289
12455,1,450,306
12456,1,453,312
12457,1,457,320
12458,1,457,325
12459,1,449,306
12460,1,442,289
12461,1,435,282
12462,1,431,274
12463,1,427,272
12464,1,423,266
12465,1,418,262
12466,1,410,258
12467,1,406,258
12468,1,403,258
12469,1,397,260
12470,1,393,263
12471,1,386,272
12472,1,382,278
12473,1,378,284
12474,1,375,293
12475,1,371,306
12476,1,363,325
12477,1,360,340
12478,1,358,352
12479,1,355,365
12480,1,354,343
12481,1,355,309
12482,1,355,291
12483,1,355,282
12484,1,355,277
12485,1,355,272
12486,1,358,266
12487,1,358,260
12488,1,358,260
12489,1,360,260
12490,1,360,260
12491,1,360,262
12492,1,360,267
12493,1,361,272
12494,1,361,277
12495,1,361,282
12496,1,363,289
12497,1,361,291
12498,1,361,284
12499,1,361,278
12500,1,361,274
12501,1,363,272
12502,1,361,270
12503,1,360,272
12504,1,358,272
12505,1,358,274
12506,1,355,278
12507,1,355,282
12508,1,355,296
12509,1,355,303
12510,1,354,312
12511,1,354,323
12512,1,352,334
12513,1,354,357
12514,1,352,330
12515,1,358,289
12516,1,361,258
12517,1,363,238
12518,1,367,209
12519,1,369,197
12520,1,371,190
12521,1,371,182
12522,1,373,177
12523,1,375,171
12524,1,376,170
12525,1,378,168
12526,1,378,168
12527,1,380,168
12528,1,382,170
12529,1,384,172
12530,1,386,177
12531,1,386,180
12532,1,388,184
12533,1,390,188
12534,1,391,199
12535,1,393,207
12536,1,393,212
12537,1,393,221
12538,1,395,228
12539,1,397,243
12540,1,399,250
12541,1,399,260
12542,1,401,267
12543,1,399,272
12544,1,391,260
12545,1,390,256
12546,1,386,255
12547,1,384,255
12548,1,382,255
12549,1,380,255
12550,1,376,260
12551,1,375,263
12552,1,371,267
12553,1,369,272
12554,1,367,280
12555,1,363,299
12556,1,361,309
12557,1,360,323
12558,1,358,336
12559,1,355,325
12560,1,360,289
12561,1,360,282
12562,1,361,278
12563,1,361,274
12564,1,361,272
12565,1,363,270
12566,1,363,270
12567,1,363,272
12568,1,365,272
12569,1,365,274
12570,1,367,280
12571,1,367,289
12572,1,367,293
12573,1,369,302
12574,1,369,309
12575,1,371,316
12576,1,371,327
12577,1,369,320
12578,1,367,311
12579,1,365,299
12580,1,363,291
12581,1,360,277
12582,1,360,272
12583,1,358,272
12584,1,358,267
12585,1,355,267
12586,1,354,267
12587,1,352,267
12588,1,352,270
12589,1,350,272
12590,1,348,277
12591,1,348,282
12592,1,345,297
12593,1,345,306
12594,1,345,316
12595,1,343,327
12596,1,341,340
12597,1,345,266
12598,1,348,241
12599,1,348,221
12600,1,350,205
12601,1,352,192
12602,1,354,172
12603,1,355,165
12604,1,355,160
12605,1,358,154
12606,1,360,151
12607,1,360,146
12608,1,361,146
12609,1,363,146
12610,1,363,146
12611,1,363,151
12612,1,365,153
12613,1,367,158
12614,1,369,161
12615,1,369,168
12616,1,371,172
12617,1,371,178
12618,1,375,192
12619,1,375,197
12620,1,376,205
12621,1,376,212
12622,1,378,222
12623,1,380,238
12624,1,382,246
12625,1,384,256
12626,1,410,250
12627,1,431,246
12628,1,466,243
12629,1,483,243
12630,1,495,243
12631,1,510,245
12632,1,525,246
12633,1,537,250
12634,1,562,258
12635,1,573,263
12636,1,585,272
12637,1,596,277
12638,1,603,284
12639,1,626,303
12640,1,635,314
12641,1,645,325
12642,1,652,340
12643,1,660,352
12644,1,671,365
12645,1,664,340
12646,1,660,323
12647,1,652,306
12648,1,648,293
12649,1,641,274
12650,1,638,267
12651,1,635,262
12652,1,630,258
12653,1,630,256
12654,1,626,252
12655,1,620,252
12656,1,618,252
12657,1,615,255
12658,1,615,256
12659,1,611,260
12660,1,608,270
12661,1,607,274
12662,1,605,282
12663,1,603,289
12664,1,603,297
12665,1,612,289
12666,1,620,272
12667,1,626,262
12668,1,635,250
12669,1,643,241
12670,1,658,228
12671,1,664,222
12672,1,671,218
12673,1,678,215
12674,1,686,215
12675,1,690,215
12676,1,705,218
12677,1,711,222
12678,1,720,228
12679,1,724,235
12680,1,680,154
12681,1,615,102
12682,1,600,85
12683,1,585,71
12684,1,577,60
12685,1,570,52
12686,1,555,44
12687,1,551,40
12688,1,547,40
12689,1,540,40
12690,1,533,43
12691,1,531,48
12692,1,528,51
12693,1,525,53
12694,1,528,61
12695,1,530,66
12696,1,522,71
12697,1,521,71
12698,1,520,75
12699,1,517,81
12700,1,517,89
12701,1,517,97
12702,1,514,111
12703,1,514,119
12704,1,513,128
12705,1,513,136
12706,1,513,144
12707,1,513,161
12708,1,513,171
12709,1,513,180
12710,1,513,190
12711,1,513,199
12712,1,513,218
12713,1,513,228
12714,1,513,239
12715,1,513,248
12716,1,513,260
12717,1,513,270
12718,1,510,272
12719,1,507,270
12720,1,506,264
12721,1,507,260
12722,1,504,246
12723,1,496,224
12724,1,486,202
12725,1,489,182
12726,1,466,155
12727,1,457,135
12728,1,457,135
12729,1,457,135
12730,1,457,135
12731,1,457,135
12732,1,457,135
12733,1,457,135
12734,1,457,135
12735,1,457,135
12736,1,457,135
12737,1,457,135
12738,1,457,135
12739,1,457,135
12740,1,457,135
12741,1,457,135
12742,1,457,135
12743,1,457,135
12744,1,457,135
12745,1,457,135
12746,1,457,135
12747,1,457,135
12748,1,457,135
12749,1,457,135
12750,1,457,135
12751,1,457,135
12752,1,457,135
12753,1,457,135
12754,1,457,135
12755,1,457,135
12756,1,476,178
12757,1,482,196
12758,1,485,220
12759,1,483,261
12760,1,492,284
12761,1,501,295
12762,1,501,305
12763,1,502,309
12764,1,502,305
12765,1,495,299
12766,1,491,289
12767,1,484,282
12768,1,480,278
12769,1,474,274
12770,1,465,272
12771,1,461,270
12772,1,455,270
12773,1,451,272
12774,1,446,272
12775,1,438,280
12776,1,433,286
12777,1,431,289
12778,1,424,297
12779,1,421,309
12780,1,416,318
12781,1,448,262
12782,1,461,241
12783,1,472,226
12784,1,480,212
12785,1,488,204
12786,1,499,192
12787,1,506,187
12788,1,510,184
12789,1,514,182
12790,1,518,180
12791,1,525,180
12792,1,528,182
12793,1,532,184
12794,1,536,188
12795,1,537,190
12796,1,543,199
12797,1,547,204
12798,1,548,209
12799,1,551,215
12800,1,553,222
12801,1,555,228
12802,1,558,243
12803,1,562,250
12804,1,562,258
12805,1,566,263
12806,1,570,226
12807,1,581,178
12808,1,582,160
12809,1,585,144
12810,1,589,130
12811,1,594,117
12812,1,600,94
12813,1,603,86
12814,1,607,77
12815,1,611,71
12816,1,615,65
12817,1,620,58
12818,1,623,56
12819,1,627,56
12820,1,630,58
12821,1,633,60
12822,1,637,64
12823,1,645,77
12824,1,645,86
12825,1,649,97
12826,1,652,111
12827,1,656,124
12828,1,618,220
12829,1,618,255
12830,1,611,274
12831,1,607,289
12832,1,603,302
12833,1,600,314
12834,1,599,323
12835,1,596,331
12836,1,596,340
12837,1,596,347
12838,1,594,350
12839,1,588,344
12840,1,582,333
12841,1,575,328
12842,1,572,316
12843,1,554,295
12844,1,543,272
12845,1,543,250
12846,1,527,228
12847,1,500,190
12848,1,457,135
12849,1,457,135
12850,1,457,135
12851,1,457,135
12852,1,457,135
12853,1,457,135
12854,1,457,135
12855,1,457,135
12856,1,457,135
12857,1,505,185
12858,1,524,204
12859,1,524,237
12860,1,543,274
12861,1,557,300
12862,1,568,310
12863,1,574,326
12864,1,578,335
12865,1,581,339
12866,1,582,340
12867,1,581,340
12868,1,581,340
12869,1,581,340
12870,1,581,340
12871,1,581,340
12872,1,579,338
12873,1,573,333
12874,1,572,335
12875,1,571,326
12876,1,558,321
12877,1,534,327
12878,1,522,321
12879,1,512,327
12880,1,502,319
12881,1,496,311
12882,1,500,310
12883,1,503,306
12884,1,508,299
12885,1,510,291
12886,1,517,278
12887,1,518,274
12888,1,523,272
12889,1,525,272
12890,1,528,270
12891,1,532,270
12892,1,536,272
12893,1,537,274
12894,1,540,278
12895,1,543,282
12896,1,547,299
12897,1,548,306
12898,1,551,314
12899,1,555,321
12900,1,558,299
12901,1,563,272
12902,1,563,246
12903,1,566,228
12904,1,567,212
12905,1,567,199
12906,1,570,192
12907,1,570,177
12908,1,570,171
12909,1,570,170
12910,1,573,165
12911,1,573,165
12912,1,575,165
12913,1,575,165
12914,1,577,168
12915,1,577,170
12916,1,578,172
12917,1,578,180
12918,1,581,187
12919,1,581,192
12920,1,582,197
12921,1,582,204
12922,1,585,218
12923,1,585,224
12924,1,585,232
12925,1,588,241
12926,1,588,248
12927,1,588,256
12928,1,592,272
12929,1,600,260
12930,1,605,252
12931,1,608,248
12932,1,615,245
12933,1,622,241
12934,1,626,241
12935,1,630,241
12936,1,633,245
12937,1,637,246
12938,1,645,256
12939,1,648,262
12940,1,649,270
12941,1,620,267
12942,1,594,258
12943,1,547,250
12944,1,525,248
12945,1,510,246
12946,1,495,248
12947,1,484,248
12948,1,474,252
12949,1,455,258
12950,1,446,263
12951,1,438,267
12952,1,431,272
12953,1,425,278
12954,1,414,291
12955,1,408,299
12956,1,405,309
12957,1,401,316
12958,1,399,323
12959,1,399,320
12960,1,405,306
12961,1,410,297
12962,1,416,289
12963,1,421,280
12964,1,427,270
12965,1,431,266
12966,1,435,263
12967,1,440,262
12968,1,444,260
12969,1,448,260
12970,1,455,262
12971,1,461,266
12972,1,465,270
12973,1,468,274
12974,1,472,280
12975,1,478,297
12976,1,480,306
12977,1,484,312
12978,1,489,326
12979,1,492,340
12980,1,499,345
12981,1,514,325
12982,1,521,312
12983,1,528,299
12984,1,536,289
12985,1,547,272
12986,1,553,267
12987,1,555,262
12988,1,562,260
12989,1,566,258
12990,1,570,256
12991,1,578,258
12992,1,582,260
12993,1,585,263
12994,1,589,267
12995,1,594,272
12996,1,600,282
12997,1,603,291
12998,1,605,299
12999,1,607,306
13000,1,611,316
13001,1,615,330
13002,1,620,316
13003,1,622,303
13004,1,622,293
13005,1,622,289
13006,1,627,278
13007,1,630,272
13008,1,630,270
13009,1,633,267
13010,1,633,266
13011,1,635,266
13012,1,637,267
13013,1,635,270
13014,1,637,272
13015,1,637,278
13016,1,638,282
13017,1,643,299
13018,1,645,306
13019,1,615,282
13020,1,592,258
13021,1,570,241
13022,1,540,215
13023,1,529,207
13024,1,521,199
13025,1,510,194
13026,1,502,190
13027,1,487,184
13028,1,480,184
13029,1,476,184
13030,1,470,184
13031,1,466,187
13032,1,461,188
13033,1,453,194
13034,1,451,197
13035,1,448,204
13036,1,444,207
13037,1,442,212
13038,1,438,224
13039,1,435,232
13040,1,433,238
13041,1,431,245
13042,1,425,255
13043,1,399,266
13044,1,388,272
13045,1,378,278
13046,1,371,286
13047,1,361,296
13048,1,346,314
13049,1,337,327
13050,1,330,340
13051,1,324,352
13052,1,320,350
13053,1,324,318
13054,1,331,280
13055,1,333,270
13056,1,337,260
13057,1,337,255
13058,1,341,248
13059,1,345,245
13060,1,345,243
13061,1,346,245
13062,1,348,245
13063,1,350,246
13064,1,352,252
13065,1,354,256
13066,1,355,262
13067,1,355,267
13068,1,358,272
13069,1,360,289
13070,1,361,293
13071,1,361,302
13072,1,363,311
13073,1,363,318
13074,1,365,312
13075,1,363,291
13076,1,363,282
13077,1,363,277
13078,1,360,272
13079,1,358,270
13080,1,355,263
13081,1,355,263
13082,1,355,262
13083,1,354,263
13084,1,352,266
13085,1,350,272
13086,1,350,278
13087,1,348,282
13088,1,348,291
13089,1,346,302
13090,1,346,320
13091,1,345,331
13092,1,345,343
13093,1,347,321
13094,1,348,282
13095,1,354,258
13096,1,360,216
13097,1,360,204
13098,1,363,192
13099,1,363,182
13100,1,365,175
13101,1,369,165
13102,1,371,161
13103,1,371,160
13104,1,373,158
13105,1,375,158
13106,1,376,160
13107,1,378,160
13108,1,378,163
13109,1,380,165
13110,1,382,170
13111,1,384,178
13112,1,386,184
13113,1,386,190
13114,1,388,195
13115,1,388,204
13116,1,390,211
13117,1,391,224
13118,1,393,234
13119,1,393,241
13120,1,395,248
13121,1,395,256
13122,1,390,246
13123,1,386,243
13124,1,384,239
13125,1,382,238
13126,1,380,238
13127,1,376,238
13128,1,376,239
13129,1,375,241
13130,1,373,245
13131,1,371,250
13132,1,369,262
13133,1,367,270
13134,1,365,278
13135,1,365,289
13136,1,363,299
13137,1,363,309
13138,1,414,289
13139,1,433,277
13140,1,448,274
13141,1,463,274
13142,1,476,274
13143,1,498,274
13144,1,510,277
13145,1,518,280
13146,1,525,284
13147,1,536,289
13148,1,551,299
13149,1,558,306
13150,1,563,312
13151,1,570,320
13152,1,577,327
13153,1,585,340
13154,1,589,350
13155,1,598,349
13156,1,603,327
13157,1,603,316
13158,1,611,303
13159,1,612,289
13160,1,612,278
13161,1,615,272
13162,1,615,267
13163,1,618,263
13164,1,623,260
13165,1,626,260
13166,1,627,260
13167,1,630,260
13168,1,633,263
13169,1,637,270
13170,1,637,274
13171,1,641,282
13172,1,641,289
13173,1,643,299
13174,1,645,318
13175,1,648,331
13176,1,649,340
13177,1,637,289
13178,1,630,260
13179,1,623,239
13180,1,615,211
13181,1,611,201
13182,1,608,192
13183,1,607,187
13184,1,603,180
13185,1,600,175
13186,1,600,172
13187,1,597,172
13188,1,596,172
13189,1,596,172
13190,1,594,177
13191,1,594,180
13192,1,592,182
13193,1,592,187
13194,1,592,192
13195,1,592,204
13196,1,592,209
13197,1,592,215
13198,1,592,222
13199,1,592,229
13200,1,592,238
13201,1,592,252
13202,1,592,260
13203,1,600,243
13204,1,612,212
13205,1,622,190
13206,1,641,146
13207,1,649,130
13208,1,658,113
13209,1,664,99
13210,1,672,88
13211,1,686,68
13212,1,693,58
13213,1,701,51
13214,1,705,44
13215,1,713,40
13216,1,724,37
13217,1,735,32
13218,1,740,34
13219,1,748,37
13220,1,753,39
13221,1,761,44
13222,1,773,60
13223,1,780,69
13224,1,787,80
13225,1,795,94
13226,1,799,107
13227,1,813,141
13228,1,818,161
13229,1,825,180
13230,1,830,204
13231,1,836,226
13232,1,847,278
13233,1,852,306
13234,1,855,336
13235,1,862,365
13236,1,866,391
13237,1,875,457
13238,1,878,489
13239,1,881,503
13240,1,836,511
13241,1,827,505
13242,1,802,487
13243,1,778,460
13244,1,703,428
13245,1,681,372
13246,1,675,345
13247,1,645,320
13248,1,596,272
13249,1,457,135
13250,1,457,135
13251,1,457,135
13252,1,457,135
13253,1,457,135
13254,1,457,135
13255,1,457,135
13256,1,457,135
13257,1,457,135
13258,1,457,135
13259,1,457,135
13260,1,457,135
13261,1,457,135
13262,1,457,135
13263,1,457,135
13264,1,457,135
13265,1,457,135
13266,1,457,135
13267,1,457,135
13268,1,457,135
13269,1,457,135
13270,1,457,135
13271,1,457,135
13272,1,565,151
13273,1,625,132
13274,1,698,144
13275,1,727,201
13276,1,753,203
13277,1,787,261
13278,1,814,260
13279,1,845,278
13280,1,853,302
13281,1,885,306
13282,1,873,297
13283,1,862,291
13284,1,851,289
13285,1,836,289
13286,1,825,289
13287,1,817,293
13288,1,800,306
13289,1,802,316
13290,1,783,327
13291,1,768,345
13292,1,769,357
13293,1,765,369
13294,1,717,300
13295,1,649,238
13296,1,630,216
13297,1,615,201
13298,1,603,188
13299,1,592,180
13300,1,575,170
13301,1,566,165
13302,1,560,163
13303,1,555,163
13304,1,551,163
13305,1,545,165
13306,1,537,171
13307,1,534,175
13308,1,529,180
13309,1,528,187
13310,1,525,192
13311,1,521,207
13312,1,518,215
13313,1,517,222
13314,1,517,232
13315,1,514,241
13316,1,513,260
13317,1,510,270
13318,1,510,278
13319,1,510,289
13320,1,510,302
13321,1,508,323
13322,1,508,336
13323,1,508,347
13324,1,506,357
13325,1,506,363
13326,1,503,359
13327,1,502,357
13328,1,502,357
13329,1,502,357
13330,1,502,357
13331,1,502,360
13332,1,502,363
13333,0,0,0
13334,0,0,0
13335,0,0,0
13336,0,0,0
13337,0,0,0
13338,0,0,0
13339,0,0,0
13340,0,0,0
13341,0,0,0
13342,0,0,0
13343,0,0,0
