Frame,Visibility,X,Y
0,1,457,196
1,1,457,194
2,1,466,166
3,1,476,139
4,1,483,117
5,1,491,94
6,1,498,75
7,1,508,58
8,1,515,41
9,1,523,26
10,1,530,13
11,1,538,3
12,0,0,0
13,0,0,0
14,0,0,0
15,0,0,0
16,0,0,0
17,0,0,0
18,0,0,0
19,0,0,0
20,0,0,0
21,0,0,0
22,0,0,0
23,0,0,0
24,1,645,5
25,1,652,18
26,1,658,34
27,1,663,49
28,1,676,86
29,1,682,107
30,1,686,128
31,1,650,196
32,1,622,236
33,1,607,256
34,1,594,279
35,1,588,287
36,1,585,294
37,1,583,300
38,1,581,306
39,1,586,298
40,1,588,289
41,1,590,277
42,1,596,268
43,1,600,260
44,1,605,251
45,1,609,247
46,1,613,243
47,1,616,241
48,1,620,241
49,1,626,241
50,1,630,245
51,1,631,247
52,1,635,253
53,1,637,258
54,1,641,266
55,1,645,281
56,1,648,292
57,1,650,306
58,1,652,315
59,0,0,0
60,1,611,289
61,1,601,279
62,1,592,272
63,1,585,264
64,1,579,258
65,1,568,256
66,1,562,258
67,1,558,258
68,1,553,260
69,1,547,264
70,1,540,272
71,1,536,275
72,1,534,281
73,1,532,289
74,1,528,294
75,1,526,302
76,0,0,0
77,0,0,0
78,1,511,296
79,1,506,272
80,1,495,253
81,1,481,219
82,1,476,204
83,1,468,190
84,1,463,179
85,1,457,170
86,1,444,153
87,1,438,145
88,1,431,141
89,1,425,137
90,1,420,136
91,1,408,136
92,1,401,136
93,1,395,139
94,1,390,145
95,1,382,153
96,1,376,162
97,1,468,228
98,1,500,247
99,1,521,260
100,1,534,270
101,1,543,279
102,1,560,292
103,1,566,298
104,1,571,306
105,1,575,311
106,1,579,317
107,0,0,0
108,1,592,321
109,1,596,306
110,1,600,300
111,1,603,294
112,1,611,287
113,1,615,283
114,1,618,283
115,1,622,281
116,1,624,281
117,1,628,283
118,1,631,281
119,1,633,283
120,1,633,283
121,1,633,287
122,1,633,290
123,1,635,298
124,1,635,304
125,1,637,309
126,1,637,315
127,1,637,323
128,1,637,340
129,1,637,347
130,1,637,358
131,1,639,366
132,0,0,0
133,0,0,0
134,0,0,0
135,0,0,0
136,0,0,0
137,0,0,0
138,0,0,0
139,0,0,0
140,0,0,0
141,0,0,0
142,0,0,0
143,0,0,0
144,0,0,0
145,1,645,9
146,1,646,34
147,1,648,58
148,1,652,83
149,0,0,0
150,1,620,245
151,1,613,270
152,1,607,287
153,1,605,300
154,1,601,317
155,0,0,0
156,1,600,332
157,1,598,340
158,1,596,347
159,1,596,353
160,1,596,349
161,0,0,0
162,0,0,0
163,0,0,0
164,0,0,0
165,0,0,0
166,0,0,0
167,0,0,0
168,0,0,0
169,0,0,0
170,0,0,0
171,0,0,0
172,0,0,0
173,0,0,0
174,0,0,0
175,0,0,0
176,0,0,0
177,0,0,0
178,0,0,0
179,1,502,24
180,1,500,26
181,1,495,30
182,1,491,35
183,1,489,41
184,1,485,51
185,1,483,60
186,1,478,86
187,1,474,100
188,1,472,117
189,1,468,136
190,1,433,222
191,1,410,277
192,1,405,290
193,1,401,302
194,1,399,311
195,1,397,319
196,1,393,336
197,1,393,341
198,1,393,347
199,1,391,357
200,1,393,353
201,0,0,0
202,0,0,0
203,0,0,0
204,0,0,0
205,0,0,0
206,0,0,0
207,0,0,0
208,0,0,0
209,0,0,0
210,0,0,0
211,0,0,0
212,0,0,0
213,0,0,0
214,0,0,0
215,0,0,0
216,0,0,0
217,0,0,0
218,0,0,0
219,0,0,0
220,0,0,0
221,0,0,0
222,0,0,0
223,0,0,0
224,1,378,196
225,1,380,204
226,1,382,213
227,1,382,221
228,1,367,245
229,1,356,255
230,1,345,264
231,1,335,275
232,1,326,283
233,1,309,307
234,1,301,321
235,1,294,338
236,1,285,353
237,1,279,370
238,1,298,328
239,1,311,306
240,1,318,290
241,1,326,277
242,1,333,268
243,1,339,260
244,1,348,253
245,1,352,249
246,1,356,249
247,1,360,249
248,1,361,251
249,1,367,255
250,1,371,258
251,1,373,262
252,1,375,268
253,1,378,273
254,1,382,285
255,1,384,292
256,1,386,300
257,1,388,307
258,1,390,315
259,1,397,307
260,1,399,296
261,1,403,289
262,1,406,279
263,1,408,273
264,1,406,270
265,1,410,264
266,1,412,260
267,1,416,260
268,1,418,260
269,1,420,262
270,1,421,268
271,1,423,272
272,1,425,277
273,1,427,285
274,1,427,294
275,0,0,0
276,0,0,0
277,0,0,0
278,0,0,0
279,0,0,0
280,1,476,298
281,1,481,289
282,1,491,279
283,1,500,272
284,1,508,270
285,1,515,268
286,1,528,264
287,1,534,264
288,1,540,266
289,1,545,268
290,1,551,270
291,1,562,279
292,1,566,283
293,1,570,290
294,1,573,298
295,1,577,306
296,1,585,321
297,1,588,330
298,1,592,340
299,1,596,351
300,1,598,360
301,1,603,370
302,1,603,368
303,1,603,368
304,1,603,366
305,1,603,366
306,1,603,366
307,1,603,366
308,1,605,368
309,1,609,374
310,1,611,374
311,1,613,374
312,1,613,374
313,1,615,374
314,1,615,374
315,1,615,374
316,1,615,374
317,1,615,374
318,1,615,374
319,1,615,374
320,1,615,374
321,1,615,374
322,1,435,177
323,1,435,181
324,1,435,188
325,1,435,194
326,1,435,202
327,1,436,209
328,1,487,234
329,1,508,241
330,1,526,253
331,1,547,262
332,1,564,273
333,1,596,294
334,1,611,307
335,1,626,321
336,1,641,336
337,1,654,351
338,1,682,385
339,1,695,404
340,0,0,0
341,1,682,366
342,1,669,340
343,1,650,302
344,1,643,290
345,1,637,279
346,1,631,272
347,1,626,266
348,1,622,260
349,1,613,256
350,1,609,255
351,1,607,255
352,1,603,256
353,1,601,258
354,1,596,264
355,1,594,270
356,1,592,275
357,1,590,281
358,1,588,289
359,1,586,302
360,1,586,309
361,1,585,321
362,0,0,0
363,0,0,0
364,1,592,306
365,1,592,296
366,1,594,287
367,1,598,283
368,1,600,275
369,1,601,270
370,1,603,262
371,1,605,260
372,1,607,260
373,1,607,260
374,1,609,260
375,1,611,264
376,1,615,268
377,1,615,272
378,1,618,279
379,1,620,287
380,1,622,304
381,1,624,313
382,1,626,323
383,1,607,300
384,1,586,258
385,1,553,207
386,1,541,188
387,1,530,175
388,1,521,162
389,1,513,153
390,1,508,145
391,1,495,134
392,1,489,128
393,1,485,126
394,1,481,124
395,1,476,122
396,1,470,122
397,1,466,124
398,1,465,126
399,1,461,128
400,1,457,132
401,1,453,139
402,1,451,145
403,1,450,151
404,1,450,156
405,1,448,162
406,1,444,177
407,1,444,185
408,1,442,192
409,1,442,200
410,1,440,209
411,1,440,219
412,1,403,256
413,1,390,272
414,1,376,285
415,1,363,302
416,1,352,317
417,1,330,351
418,1,318,368
419,1,307,391
420,1,309,362
421,1,318,334
422,1,331,296
423,1,335,285
424,1,339,275
425,1,341,268
426,1,345,264
427,1,348,258
428,1,352,256
429,1,354,256
430,1,356,258
431,1,358,260
432,1,360,262
433,1,363,270
434,1,365,275
435,1,367,281
436,1,369,287
437,1,371,294
438,1,375,309
439,1,376,317
440,0,0,0
441,0,0,0
442,0,0,0
443,1,378,324
444,1,376,311
445,1,375,302
446,1,376,292
447,1,375,283
448,1,373,273
449,1,371,272
450,1,367,268
451,1,367,266
452,1,365,266
453,1,363,266
454,0,0,0
455,0,0,0
456,0,0,0
457,0,0,0
458,1,416,68
459,1,405,71
460,1,399,75
461,1,393,83
462,1,388,92
463,1,382,102
464,1,371,126
465,1,365,139
466,0,0,0
467,0,0,0
468,0,0,0
469,0,0,0
470,0,0,0
471,0,0,0
472,0,0,0
473,0,0,0
474,0,0,0
475,1,376,300
476,1,371,290
477,1,367,279
478,1,361,272
479,1,360,264
480,1,352,253
481,1,348,249
482,1,345,245
483,1,341,245
484,1,339,243
485,1,333,245
486,1,330,249
487,1,326,253
488,1,322,256
489,1,318,264
490,1,313,279
491,1,309,289
492,1,307,298
493,1,309,296
494,1,315,283
495,1,318,275
496,1,322,264
497,1,324,260
498,1,328,260
499,1,330,262
500,1,333,264
501,1,339,270
502,1,341,273
503,1,343,277
504,1,345,283
505,1,346,290
506,1,350,302
507,1,352,309
508,1,354,317
509,1,356,328
510,1,356,338
511,1,360,343
512,1,356,328
513,1,354,313
514,1,354,306
515,1,358,296
516,1,356,289
517,1,354,277
518,1,354,272
519,1,352,270
520,1,350,268
521,1,348,266
522,1,348,266
523,1,348,268
524,1,348,272
525,1,348,275
526,1,346,281
527,1,345,296
528,1,345,304
529,1,345,313
530,1,345,319
531,1,343,309
532,1,343,289
533,1,341,283
534,1,341,277
535,1,341,273
536,1,341,270
537,1,341,268
538,1,341,266
539,1,341,268
540,1,341,272
541,1,341,275
542,1,339,279
543,1,337,289
544,1,339,292
545,1,339,300
546,1,341,307
547,1,341,315
548,1,341,334
549,1,339,334
550,1,341,319
551,1,339,309
552,1,339,298
553,1,343,289
554,1,341,283
555,1,341,279
556,1,343,273
557,1,345,273
558,1,346,273
559,1,346,275
560,1,346,279
561,1,346,281
562,1,346,285
563,1,348,289
564,1,352,300
565,1,352,309
566,1,352,317
567,1,352,326
568,1,352,336
569,1,350,357
570,1,352,368
571,1,350,379
572,1,350,383
573,1,348,383
574,1,348,381
575,1,346,379
576,1,345,381
577,1,343,381
578,1,341,385
579,1,337,387
580,1,335,387
581,1,333,387
582,1,333,389
583,1,333,389
584,1,333,389
585,1,333,389
586,1,333,389
587,1,333,389
588,1,333,389
589,1,333,389
590,1,335,389
591,1,337,389
592,1,341,389
593,0,0,0
594,0,0,0
595,0,0,0
596,0,0,0
597,0,0,0
598,0,0,0
599,0,0,0
600,0,0,0
601,0,0,0
602,1,551,39
603,1,84,43
604,1,76,39
605,1,88,41
606,1,91,37
607,1,75,47
608,1,93,37
609,1,75,45
610,1,91,43
611,1,90,45
612,0,0,0
613,0,0,0
614,0,0,0
615,0,0,0
616,0,0,0
617,0,0,0
618,0,0,0
619,0,0,0
620,0,0,0
621,0,0,0
622,0,0,0
623,0,0,0
624,0,0,0
625,0,0,0
626,0,0,0
627,0,0,0
628,0,0,0
629,0,0,0
630,0,0,0
631,0,0,0
632,0,0,0
633,0,0,0
634,0,0,0
635,0,0,0
636,0,0,0
637,0,0,0
638,0,0,0
639,0,0,0
640,0,0,0
641,0,0,0
642,0,0,0
643,0,0,0
644,0,0,0
645,0,0,0
646,0,0,0
647,0,0,0
648,0,0,0
649,0,0,0
650,0,0,0
651,0,0,0
652,0,0,0
653,0,0,0
654,0,0,0
655,0,0,0
656,0,0,0
657,0,0,0
658,0,0,0
659,0,0,0
660,0,0,0
661,0,0,0
662,0,0,0
663,0,0,0
664,0,0,0
665,0,0,0
666,0,0,0
667,0,0,0
668,0,0,0
669,0,0,0
670,0,0,0
671,0,0,0
672,0,0,0
673,0,0,0
674,0,0,0
675,0,0,0
676,0,0,0
677,0,0,0
678,0,0,0
679,0,0,0
680,0,0,0
681,0,0,0
682,0,0,0
683,0,0,0
684,0,0,0
685,0,0,0
686,0,0,0
687,0,0,0
688,0,0,0
689,0,0,0
690,0,0,0
691,0,0,0
692,0,0,0
693,0,0,0
694,0,0,0
695,0,0,0
696,0,0,0
697,0,0,0
698,0,0,0
699,0,0,0
700,0,0,0
701,0,0,0
702,0,0,0
703,0,0,0
704,0,0,0
705,0,0,0
706,0,0,0
707,0,0,0
708,0,0,0
709,0,0,0
710,0,0,0
711,0,0,0
712,0,0,0
713,0,0,0
714,0,0,0
715,0,0,0
716,0,0,0
717,0,0,0
718,0,0,0
719,0,0,0
720,0,0,0
721,1,498,298
722,1,495,289
723,1,489,283
724,1,481,281
725,1,476,279
726,1,472,279
727,1,463,277
728,1,459,279
729,1,453,281
730,1,450,285
731,1,444,290
732,1,435,304
733,1,431,309
734,0,0,0
735,0,0,0
736,1,420,268
737,1,414,219
738,1,412,202
739,1,412,188
740,1,410,179
741,1,408,171
742,1,408,160
743,1,406,156
744,1,406,153
745,1,406,153
746,1,406,151
747,1,406,153
748,1,406,154
749,1,406,156
750,1,406,158
751,1,406,162
752,1,406,166
753,1,408,175
754,1,408,181
755,1,408,188
756,1,408,194
757,1,408,202
758,1,410,215
759,1,412,222
760,1,412,230
761,1,412,239
762,1,412,249
763,1,397,255
764,1,390,256
765,1,382,258
766,1,376,262
767,1,371,266
768,1,365,270
769,1,354,283
770,1,348,290
771,1,343,300
772,1,337,309
773,1,331,321
774,1,346,311
775,1,360,292
776,1,371,285
777,1,378,281
778,1,386,277
779,1,397,273
780,1,405,273
781,1,408,273
782,1,412,275
783,1,416,279
784,1,421,285
785,1,425,290
786,1,427,294
787,1,431,300
788,1,433,306
789,1,435,309
790,1,442,290
791,1,444,279
792,1,446,275
793,1,448,273
794,1,450,270
795,1,453,266
796,1,455,266
797,1,457,268
798,1,459,270
799,1,461,273
800,1,463,283
801,1,465,290
802,0,0,0
803,0,0,0
804,1,451,264
805,1,436,230
806,1,431,219
807,1,427,209
808,1,423,204
809,1,420,198
810,1,418,196
811,1,414,192
812,1,412,192
813,1,410,192
814,1,408,194
815,1,408,196
816,1,405,200
817,1,405,205
818,1,405,209
819,1,403,213
820,1,403,219
821,1,403,230
822,1,403,238
823,1,403,243
824,1,403,251
825,1,420,228
826,1,450,185
827,1,465,168
828,1,476,151
829,1,487,137
830,1,498,126
831,1,510,115
832,1,530,100
833,1,540,92
834,1,549,88
835,1,558,83
836,1,570,81
837,1,586,81
838,1,596,83
839,1,607,85
840,1,616,88
841,1,624,96
842,1,645,113
843,1,652,124
844,1,661,136
845,1,671,151
846,1,678,166
847,0,0,0
848,0,0,0
849,1,641,241
850,1,631,249
851,1,626,255
852,1,620,260
853,1,615,272
854,1,613,277
855,1,611,283
856,1,611,289
857,1,609,294
858,1,607,306
859,1,607,311
860,1,611,306
861,1,613,292
862,1,615,283
863,1,622,273
864,1,624,270
865,1,626,266
866,1,630,264
867,1,631,264
868,1,635,264
869,1,639,268
870,1,641,270
871,1,645,275
872,1,646,281
873,1,648,289
874,1,652,306
875,1,654,315
876,1,656,324
877,1,652,323
878,1,645,307
879,1,637,289
880,1,633,281
881,1,633,277
882,1,631,273
883,1,633,272
884,1,631,272
885,1,630,273
886,1,628,277
887,1,628,281
888,1,628,285
889,1,624,294
890,1,624,302
891,1,624,307
892,1,624,317
893,1,624,324
894,1,624,332
895,1,624,351
896,1,624,357
897,1,611,306
898,1,603,260
899,1,600,230
900,1,588,175
901,1,585,153
902,1,581,132
903,1,577,113
904,1,573,96
905,1,566,66
906,1,564,52
907,1,560,43
908,1,556,34
909,1,555,24
910,1,549,11
911,1,545,7
912,1,543,3
913,1,540,3
914,1,538,1
915,1,532,3
916,1,526,7
917,1,525,11
918,1,521,18
919,1,517,28
920,1,513,37
921,1,510,62
922,1,506,77
923,1,504,92
924,1,502,111
925,1,500,128
926,0,0,0
927,0,0,0
928,1,545,283
929,1,549,296
930,1,553,306
931,1,556,321
932,1,558,328
933,1,560,332
934,1,564,317
935,1,562,306
936,1,566,292
937,1,566,273
938,1,568,268
939,1,570,260
940,1,570,256
941,1,571,253
942,1,573,247
943,1,573,245
944,1,575,247
945,1,575,247
946,1,577,251
947,1,577,258
948,1,579,264
949,1,579,272
950,1,581,277
951,1,586,273
952,1,594,264
953,1,600,262
954,1,603,262
955,1,603,262
956,1,603,264
957,1,603,268
958,1,607,275
959,1,609,279
960,1,611,283
961,1,611,290
962,1,613,298
963,1,615,313
964,1,616,321
965,1,616,330
966,1,618,340
967,1,618,349
968,1,620,357
969,1,624,340
970,1,624,330
971,1,626,324
972,1,630,315
973,1,631,304
974,1,631,300
975,1,633,296
976,1,633,294
977,1,633,292
978,1,633,292
979,1,635,292
980,1,635,294
981,1,637,298
982,1,637,304
983,1,637,307
984,1,637,313
985,1,637,315
986,1,637,317
987,1,637,319
988,1,635,324
989,1,635,340
990,1,635,347
991,0,0,0
992,0,0,0
993,0,0,0
994,0,0,0
995,0,0,0
996,0,0,0
997,0,0,0
998,0,0,0
999,0,0,0
1000,0,0,0
1001,0,0,0
1002,0,0,0
1003,0,0,0
1004,0,0,0
1005,0,0,0
1006,0,0,0
1007,0,0,0
1008,0,0,0
1009,0,0,0
1010,0,0,0
1011,0,0,0
1012,0,0,0
1013,0,0,0
1014,0,0,0
1015,1,633,387
1016,1,633,385
1017,1,635,385
1018,1,635,385
1019,0,0,0
1020,0,0,0
1021,0,0,0
1022,0,0,0
1023,0,0,0
1024,1,510,302
1025,1,513,294
1026,1,519,281
1027,1,521,279
1028,1,523,277
1029,1,526,275
1030,1,530,275
1031,1,534,277
1032,1,536,279
1033,1,540,283
1034,1,541,290
1035,1,545,296
1036,1,549,311
1037,0,0,0
1038,1,525,281
1039,1,510,251
1040,1,493,228
1041,1,481,211
1042,1,465,188
1043,1,457,179
1044,1,451,173
1045,1,446,170
1046,1,440,166
1047,1,433,162
1048,1,429,162
1049,1,427,162
1050,1,423,162
1051,1,421,164
1052,1,416,170
1053,1,416,173
1054,1,412,177
1055,1,412,183
1056,1,410,188
1057,1,408,200
1058,1,406,205
1059,1,405,213
1060,1,405,219
1061,1,405,226
1062,1,403,236
1063,1,403,251
1064,1,401,253
1065,1,401,215
1066,1,403,188
1067,1,403,168
1068,1,403,130
1069,1,403,113
1070,1,405,100
1071,1,405,90
1072,0,0,0
1073,1,406,58
1074,1,406,51
1075,1,408,45
1076,1,408,39
1077,1,408,35
1078,1,410,32
1079,1,410,32
1080,1,410,34
1081,1,410,35
1082,1,412,39
1083,1,410,47
1084,1,410,62
1085,1,410,77
1086,1,410,88
1087,1,410,103
1088,1,410,120
1089,1,410,156
1090,1,399,177
1091,1,386,185
1092,1,378,190
1093,1,373,198
1094,1,367,211
1095,1,363,219
1096,1,361,224
1097,1,360,232
1098,1,358,239
1099,1,356,255
1100,1,356,262
1101,1,354,270
1102,1,354,279
1103,1,354,285
1104,1,354,296
1105,1,352,315
1106,1,354,324
1107,1,354,334
1108,1,354,343
1109,1,354,353
1110,1,345,307
1111,1,339,283
1112,1,335,260
1113,1,331,239
1114,1,328,222
1115,1,320,190
1116,1,318,177
1117,1,313,164
1118,1,309,153
1119,1,307,143
1120,1,300,128
1121,1,298,122
1122,1,294,117
1123,1,290,115
1124,1,288,113
1125,1,283,111
1126,1,277,115
1127,1,271,119
1128,1,268,124
1129,1,264,132
1130,1,258,141
1131,1,253,164
1132,1,249,177
1133,1,245,192
1134,1,243,205
1135,1,307,239
1136,1,341,258
1137,1,350,264
1138,1,358,272
1139,1,363,275
1140,1,367,281
1141,1,375,290
1142,1,378,296
1143,1,382,302
1144,1,378,296
1145,1,371,283
1146,1,365,273
1147,1,356,262
1148,1,350,256
1149,1,345,253
1150,1,341,251
1151,1,337,251
1152,1,328,253
1153,1,324,256
1154,1,350,262
1155,1,380,258
1156,1,399,260
1157,1,425,264
1158,1,433,268
1159,1,440,272
1160,1,446,273
1161,1,451,277
1162,1,459,285
1163,1,470,279
1164,1,480,279
1165,1,489,275
1166,1,498,275
1167,1,506,277
1168,1,523,283
1169,1,530,285
1170,1,538,292
1171,1,545,298
1172,1,551,306
1173,1,538,285
1174,1,532,277
1175,1,530,273
1176,1,526,273
1177,1,525,275
1178,1,519,277
1179,1,517,279
1180,1,515,283
1181,1,513,285
1182,1,513,290
1183,1,511,304
1184,1,511,311
1185,0,0,0
1186,0,0,0
1187,0,0,0
1188,0,0,0
1189,0,0,0
1190,0,0,0
1191,0,0,0
1192,0,0,0
1193,1,500,311
1194,1,500,294
1195,1,498,289
1196,1,498,283
1197,1,496,281
1198,1,495,279
1199,1,495,277
1200,1,493,277
1201,1,491,279
1202,1,491,279
1203,1,491,285
1204,1,487,294
1205,1,487,300
1206,1,485,309
1207,1,485,317
1208,1,485,326
1209,1,485,336
1210,1,461,255
1211,1,455,236
1212,1,450,219
1213,1,446,205
1214,1,442,196
1215,1,438,179
1216,1,435,173
1217,1,433,170
1218,1,431,166
1219,1,429,164
1220,1,427,164
1221,1,425,164
1222,1,423,164
1223,1,423,166
1224,1,421,170
1225,1,420,175
1226,1,420,181
1227,1,420,185
1228,1,420,190
1229,1,418,196
1230,1,418,204
1231,1,418,217
1232,1,418,224
1233,1,395,241
1234,1,378,255
1235,1,363,266
1236,1,337,290
1237,1,326,302
1238,1,313,317
1239,1,301,332
1240,1,292,347
1241,0,0,0
1242,1,298,323
1243,1,315,292
1244,1,324,273
1245,1,333,258
1246,1,346,239
1247,1,352,234
1248,1,358,228
1249,1,363,226
1250,1,365,224
1251,1,369,224
1252,1,376,226
1253,1,378,228
1254,1,380,230
1255,1,384,234
1256,1,386,239
1257,1,391,249
1258,1,393,256
1259,1,395,264
1260,1,416,260
1261,1,433,258
1262,1,468,255
1263,1,483,255
1264,1,498,256
1265,1,513,260
1266,1,526,264
1267,1,555,275
1268,1,568,283
1269,1,558,247
1270,1,547,217
1271,1,543,200
1272,1,538,185
1273,1,532,171
1274,1,530,166
1275,1,528,164
1276,1,528,162
1277,1,526,162
1278,1,525,164
1279,1,525,166
1280,1,525,168
1281,1,525,171
1282,1,525,173
1283,1,525,183
1284,1,525,188
1285,1,525,194
1286,1,525,200
1287,1,525,207
1288,1,526,219
1289,1,526,226
1290,1,526,215
1291,1,523,177
1292,1,521,147
1293,1,521,124
1294,1,519,81
1295,1,521,64
1296,1,519,47
1297,1,519,32
1298,1,519,20
1299,0,0,0
1300,0,0,0
1301,0,0,0
1302,0,0,0
1303,0,0,0
1304,0,0,0
1305,0,0,0
1306,0,0,0
1307,0,0,0
1308,0,0,0
1309,0,0,0
1310,0,0,0
1311,0,0,0
1312,0,0,0
1313,1,515,5
1314,1,515,18
1315,1,515,49
1316,1,515,66
1317,1,515,83
1318,1,517,105
1319,1,517,126
1320,1,476,177
1321,1,463,188
1322,1,451,200
1323,1,444,211
1324,1,436,219
1325,1,427,234
1326,1,423,241
1327,1,421,249
1328,1,420,256
1329,1,416,264
1330,1,412,279
1331,1,412,289
1332,1,410,296
1333,1,410,306
1334,1,408,313
1335,1,408,321
1336,1,408,340
1337,0,0,0
1338,1,405,338
1339,1,405,323
1340,1,403,309
1341,1,405,290
1342,1,405,283
1343,1,403,277
1344,1,401,272
1345,1,401,268
1346,1,399,264
1347,1,397,262
1348,1,397,262
1349,1,397,262
1350,1,397,264
1351,1,395,270
1352,1,393,275
1353,1,393,279
1354,1,393,287
1355,1,391,294
1356,1,391,306
1357,1,390,324
1358,1,390,336
1359,1,391,343
1360,1,416,287
1361,1,433,251
1362,1,455,207
1363,1,465,190
1364,1,472,179
1365,1,480,168
1366,1,485,160
1367,1,495,149
1368,1,500,145
1369,1,504,141
1370,1,510,139
1371,1,513,139
1372,1,519,139
1373,1,523,139
1374,1,526,143
1375,1,528,145
1376,1,532,147
1377,1,536,151
1378,1,541,160
1379,1,543,166
1380,1,545,171
1381,1,547,177
1382,1,551,185
1383,1,555,198
1384,1,556,205
1385,1,558,213
1386,1,560,221
1387,1,577,194
1388,1,600,156
1389,1,609,141
1390,1,616,128
1391,1,626,117
1392,1,633,109
1393,1,650,94
1394,1,658,86
1395,1,665,83
1396,1,673,81
1397,1,680,79
1398,1,688,79
1399,1,703,81
1400,1,708,85
1401,1,716,90
1402,1,723,98
1403,1,731,105
1404,1,746,128
1405,1,753,141
1406,1,761,158
1407,1,766,175
1408,1,772,192
1409,1,690,96
1410,1,663,66
1411,1,646,47
1412,1,633,34
1413,1,626,24
1414,1,611,13
1415,1,605,11
1416,1,601,9
1417,1,598,9
1418,1,594,9
1419,1,592,11
1420,1,586,15
1421,1,585,17
1422,1,585,20
1423,1,583,26
1424,1,581,30
1425,1,579,41
1426,1,577,49
1427,1,577,54
1428,1,577,60
1429,1,575,68
1430,1,575,85
1431,1,575,92
1432,1,573,100
1433,1,573,109
1434,1,573,119
1435,1,573,136
1436,1,573,147
1437,1,573,156
1438,1,573,166
1439,1,573,175
1440,1,573,187
1441,1,573,207
1442,1,556,224
1443,1,534,239
1444,1,515,253
1445,1,498,268
1446,1,466,294
1447,1,451,309
1448,1,436,324
1449,1,423,341
1450,1,410,358
1451,1,386,394
1452,1,376,408
1453,1,375,362
1454,1,378,334
1455,1,380,309
1456,1,384,279
1457,1,384,270
1458,1,386,262
1459,1,388,256
1460,1,388,253
1461,1,390,249
1462,1,391,247
1463,1,391,247
1464,1,393,247
1465,1,393,249
1466,1,395,253
1467,1,397,260
1468,1,397,266
1469,1,397,272
1470,1,399,277
1471,1,401,283
1472,1,403,298
1473,1,399,294
1474,1,397,285
1475,1,395,281
1476,1,393,275
1477,1,390,268
1478,1,388,266
1479,1,388,264
1480,1,386,262
1481,1,384,264
1482,1,382,266
1483,1,376,272
1484,1,375,277
1485,1,373,283
1486,1,371,290
1487,1,369,298
1488,1,365,317
1489,1,363,328
1490,1,361,340
1491,1,361,351
1492,1,360,362
1493,1,363,253
1494,1,367,215
1495,1,369,185
1496,1,371,162
1497,1,373,143
1498,1,375,117
1499,1,376,107
1500,1,378,98
1501,1,380,90
1502,1,380,85
1503,1,382,81
1504,1,384,75
1505,1,386,73
1506,1,386,73
1507,1,388,71
1508,1,390,73
1509,1,391,75
1510,1,391,77
1511,1,393,81
1512,1,393,85
1513,1,395,90
1514,1,397,100
1515,1,399,105
1516,1,399,111
1517,1,401,119
1518,1,401,126
1519,1,405,141
1520,1,405,149
1521,1,405,158
1522,1,406,166
1523,1,406,173
1524,1,408,185
1525,1,410,202
1526,1,410,211
1527,1,412,221
1528,1,412,230
1529,1,412,241
1530,1,410,249
1531,1,403,239
1532,1,397,232
1533,1,393,226
1534,1,390,222
1535,1,382,219
1536,1,380,219
1537,1,376,219
1538,1,375,219
1539,1,371,221
1540,1,365,226
1541,1,363,232
1542,1,360,238
1543,1,358,245
1544,1,356,253
1545,1,352,260
1546,1,348,281
1547,1,345,292
1548,1,345,304
1549,1,341,317
1550,1,339,332
1551,0,0,0
1552,1,335,374
1553,0,0,0
1554,1,341,315
1555,1,348,279
1556,1,358,234
1557,1,361,219
1558,1,365,205
1559,1,367,194
1560,1,371,188
1561,1,375,175
1562,1,378,171
1563,1,380,170
1564,1,382,168
1565,1,384,168
1566,1,386,168
1567,1,390,170
1568,1,391,171
1569,1,393,173
1570,1,395,177
1571,1,397,181
1572,1,401,192
1573,1,403,196
1574,1,405,204
1575,1,406,209
1576,1,408,217
1577,1,410,230
1578,1,412,238
1579,1,414,245
1580,1,414,255
1581,1,416,264
1582,1,418,279
1583,1,412,238
1584,1,408,204
1585,1,405,177
1586,1,401,154
1587,1,401,134
1588,1,395,98
1589,1,393,83
1590,1,391,69
1591,1,390,58
1592,1,388,47
1593,1,384,30
1594,1,382,22
1595,1,382,17
1596,1,378,13
1597,1,378,9
1598,1,375,7
1599,1,371,7
1600,1,371,9
1601,1,367,13
1602,1,365,17
1603,1,361,32
1604,1,358,41
1605,1,356,52
1606,1,354,66
1607,1,352,79
1608,1,350,94
1609,1,346,132
1610,1,345,147
1611,1,444,226
1612,1,474,253
1613,1,493,268
1614,1,517,290
1615,1,525,300
1616,1,532,307
1617,1,538,315
1618,1,543,324
1619,1,551,338
1620,1,558,324
1621,1,562,313
1622,1,566,302
1623,1,570,292
1624,1,573,283
1625,1,577,279
1626,1,583,277
1627,1,586,275
1628,1,588,273
1629,1,592,272
1630,1,598,273
1631,1,601,277
1632,1,603,279
1633,1,607,285
1634,1,611,292
1635,1,615,307
1636,1,616,317
1637,1,620,326
1638,1,622,336
1639,1,624,345
1640,1,630,375
1641,0,0,0
1642,1,581,298
1643,1,562,266
1644,1,545,241
1645,1,525,207
1646,1,515,196
1647,1,508,187
1648,1,502,179
1649,1,495,173
1650,1,491,168
1651,1,481,162
1652,1,478,162
1653,1,474,160
1654,1,472,160
1655,1,468,162
1656,1,465,166
1657,1,461,168
1658,1,461,171
1659,1,457,175
1660,1,457,181
1661,1,453,190
1662,1,453,196
1663,1,451,204
1664,1,450,209
1665,1,450,217
1666,1,448,232
1667,1,448,239
1668,1,448,249
1669,1,446,256
1670,1,446,266
1671,1,446,275
1672,1,446,292
1673,1,446,300
1674,1,446,309
1675,0,0,0
1676,0,0,0
1677,0,0,0
1678,0,0,0
1679,0,0,0
1680,0,0,0
1681,0,0,0
1682,0,0,0
1683,0,0,0
1684,0,0,0
1685,0,0,0
1686,0,0,0
1687,0,0,0
1688,0,0,0
1689,0,0,0
1690,0,0,0
1691,0,0,0
1692,0,0,0
1693,0,0,0
1694,0,0,0
1695,0,0,0
1696,0,0,0
1697,0,0,0
1698,0,0,0
1699,0,0,0
1700,0,0,0
1701,0,0,0
1702,0,0,0
1703,0,0,0
1704,0,0,0
1705,0,0,0
1706,1,502,277
1707,1,498,256
1708,1,487,219
1709,1,483,204
1710,1,480,188
1711,1,476,175
1712,1,472,164
1713,1,468,154
1714,1,459,139
1715,1,455,132
1716,1,453,128
1717,1,450,124
1718,1,444,122
1719,1,436,122
1720,1,433,124
1721,1,427,128
1722,1,423,136
1723,1,420,143
1724,1,412,162
1725,1,408,171
1726,1,403,151
1727,1,399,141
1728,1,399,136
1729,1,397,132
1730,1,397,132
1731,1,399,134
1732,1,399,136
1733,1,399,139
1734,1,401,141
1735,1,401,149
1736,1,401,153
1737,1,403,158
1738,1,403,162
1739,1,405,168
1740,1,405,181
1741,1,406,187
1742,1,406,192
1743,1,408,200
1744,1,408,207
1745,1,410,222
1746,1,410,230
1747,1,412,238
1748,1,412,247
1749,1,412,255
1750,1,408,255
1751,1,403,249
1752,1,401,245
1753,1,397,243
1754,1,393,241
1755,1,390,241
1756,1,384,243
1757,1,382,245
1758,1,378,249
1759,1,375,253
1760,1,373,258
1761,1,367,272
1762,1,365,279
1763,1,361,289
1764,1,360,298
1765,1,356,309
1766,1,352,334
1767,1,348,347
1768,1,345,362
1769,1,345,362
1770,1,345,341
1771,1,345,309
1772,1,345,296
1773,1,345,287
1774,1,345,279
1775,1,346,275
1776,1,346,272
1777,1,348,266
1778,1,348,266
1779,1,348,266
1780,1,348,266
1781,1,348,268
1782,1,350,273
1783,1,350,279
1784,1,352,283
1785,1,352,290
1786,1,352,298
1787,1,354,313
1788,1,356,321
1789,1,356,328
1790,1,352,315
1791,1,350,294
1792,1,345,258
1793,1,341,243
1794,1,339,228
1795,1,337,217
1796,1,333,205
1797,1,331,196
1798,1,328,183
1799,1,326,177
1800,1,324,173
1801,1,322,170
1802,1,318,170
1803,1,315,170
1804,1,313,173
1805,1,309,179
1806,1,307,185
1807,1,305,194
1808,1,300,215
1809,1,298,230
1810,1,296,243
1811,1,363,247
1812,1,405,245
1813,1,457,247
1814,1,474,249
1815,1,491,253
1816,1,504,256
1817,1,515,260
1818,1,525,264
1819,1,541,275
1820,1,547,281
1821,1,555,287
1822,1,558,294
1823,1,564,300
1824,1,573,315
1825,0,0,0
1826,1,581,330
1827,1,585,340
1828,1,588,347
1829,0,0,0
1830,1,607,283
1831,1,611,256
1832,1,616,232
1833,1,622,211
1834,1,630,173
1835,1,633,156
1836,1,639,143
1837,1,643,128
1838,1,646,117
1839,1,650,107
1840,1,658,90
1841,1,661,85
1842,1,667,79
1843,1,671,75
1844,1,675,71
1845,1,682,71
1846,1,686,73
1847,1,690,77
1848,1,693,83
1849,1,697,90
1850,1,706,107
1851,1,710,120
1852,1,714,134
1853,1,718,151
1854,1,721,168
1855,1,673,209
1856,1,618,215
1857,1,581,222
1858,1,551,230
1859,1,528,238
1860,1,513,243
1861,1,487,256
1862,1,476,264
1863,1,468,270
1864,1,459,277
1865,1,453,285
1866,1,442,300
1867,1,436,307
1868,1,433,315
1869,1,429,323
1870,1,425,332
1871,1,420,351
1872,1,416,360
1873,1,412,355
1874,1,405,336
1875,1,401,323
1876,1,397,300
1877,1,393,292
1878,1,390,289
1879,1,384,283
1880,1,380,279
1881,1,376,275
1882,1,371,272
1883,1,367,272
1884,1,363,272
1885,1,360,273
1886,1,356,277
1887,1,350,285
1888,1,346,292
1889,1,343,300
1890,1,341,307
1891,1,337,317
1892,1,331,338
1893,1,330,349
1894,1,326,360
1895,1,328,338
1896,1,333,285
1897,1,339,226
1898,1,341,207
1899,1,345,190
1900,1,346,177
1901,1,348,168
1902,1,348,158
1903,1,352,147
1904,1,354,141
1905,1,356,137
1906,1,356,136
1907,1,358,134
1908,1,360,134
1909,1,361,134
1910,1,363,136
1911,1,363,137
1912,1,365,141
1913,1,369,149
1914,1,369,153
1915,1,371,158
1916,1,373,164
1917,1,373,170
1918,1,375,183
1919,1,376,190
1920,1,378,198
1921,1,378,205
1922,1,380,215
1923,1,382,222
1924,1,382,239
1925,1,384,249
1926,1,386,258
1927,1,386,268
1928,1,384,241
1929,1,382,171
1930,1,382,143
1931,1,380,119
1932,1,380,98
1933,1,378,81
1934,1,378,45
1935,1,378,30
1936,1,378,17
1937,1,376,5
1938,1,378,1
1939,0,0,0
1940,0,0,0
1941,0,0,0
1942,0,0,0
1943,0,0,0
1944,0,0,0
1945,0,0,0
1946,0,0,0
1947,0,0,0
1948,0,0,0
1949,0,0,0
1950,0,0,0
1951,1,367,9
1952,1,365,22
1953,1,365,37
1954,1,363,54
1955,1,363,94
1956,1,363,117
1957,1,363,137
1958,1,386,200
1959,1,399,230
1960,1,410,260
1961,1,414,270
1962,1,418,279
1963,1,420,287
1964,1,423,294
1965,1,425,302
1966,1,429,315
1967,0,0,0
1968,0,0,0
1969,0,0,0
1970,0,0,0
1971,1,448,275
1972,1,450,270
1973,1,453,264
1974,1,457,260
1975,1,461,258
1976,1,466,256
1977,1,468,256
1978,1,472,258
1979,1,476,260
1980,1,480,264
1981,1,483,277
1982,1,487,285
1983,1,489,294
1984,1,493,302
1985,0,0,0
1986,1,465,283
1987,1,446,264
1988,1,438,260
1989,1,433,260
1990,1,427,260
1991,1,420,260
1992,1,410,262
1993,1,406,264
1994,1,403,268
1995,1,399,272
1996,1,395,277
1997,1,390,290
1998,1,386,296
1999,1,384,304
2000,1,382,311
2001,1,378,321
2002,1,376,338
2003,0,0,0
2004,1,373,355
2005,1,367,319
2006,1,363,292
2007,1,360,264
2008,1,352,219
2009,1,348,200
2010,1,345,183
2011,1,341,168
2012,1,339,154
2013,1,333,130
2014,1,330,120
2015,1,328,113
2016,1,326,105
2017,1,322,100
2018,1,318,92
2019,1,315,90
2020,1,311,88
2021,1,309,90
2022,1,303,94
2023,1,300,105
2024,1,296,113
2025,1,292,122
2026,1,288,136
2027,1,285,149
2028,1,283,164
2029,1,277,200
2030,1,275,221
2031,1,324,232
2032,1,380,228
2033,1,420,228
2034,1,468,230
2035,1,487,234
2036,1,500,238
2037,1,513,241
2038,1,523,245
2039,1,541,256
2040,1,547,262
2041,1,555,268
2042,1,560,273
2043,1,566,281
2044,1,575,294
2045,1,581,304
2046,1,585,309
2047,0,0,0
2048,0,0,0
2049,1,594,336
2050,0,0,0
2051,1,615,300
2052,1,622,279
2053,1,630,255
2054,1,637,234
2055,1,652,198
2056,1,658,183
2057,1,663,170
2058,1,671,158
2059,1,676,147
2060,1,688,128
2061,1,695,122
2062,1,701,117
2063,1,706,113
2064,1,712,109
2065,1,723,109
2066,1,731,109
2067,1,736,113
2068,1,742,119
2069,1,750,124
2070,1,755,134
2071,1,766,156
2072,1,772,170
2073,1,778,187
2074,1,781,196
2075,1,706,136
2076,1,658,100
2077,1,645,92
2078,1,633,86
2079,1,626,83
2080,1,618,81
2081,1,609,79
2082,1,605,81
2083,1,601,83
2084,1,600,85
2085,1,596,88
2086,1,592,94
2087,1,590,100
2088,1,588,103
2089,1,588,109
2090,1,586,115
2091,1,585,120
2092,1,585,134
2093,1,585,141
2094,1,583,149
2095,1,583,156
2096,1,583,164
2097,1,583,181
2098,1,581,188
2099,1,581,198
2100,1,581,207
2101,1,581,215
2102,1,590,234
2103,1,600,234
2104,1,609,238
2105,1,616,241
2106,1,624,247
2107,1,639,256
2108,1,645,264
2109,1,650,270
2110,1,656,277
2111,1,663,287
2112,1,669,298
2113,1,678,319
2114,1,684,332
2115,1,688,347
2116,1,693,360
2117,1,697,375
2118,0,0,0
2119,0,0,0
2120,1,609,313
2121,1,585,294
2122,1,564,279
2123,1,530,255
2124,1,515,245
2125,1,502,238
2126,1,491,234
2127,1,480,230
2128,1,461,226
2129,1,453,226
2130,1,444,228
2131,1,438,230
2132,1,431,232
2133,1,425,236
2134,1,414,245
2135,1,408,249
2136,1,405,256
2137,1,399,264
2138,1,395,272
2139,1,388,287
2140,1,384,296
2141,1,382,306
2142,1,378,313
2143,0,0,0
2144,0,0,0
2145,1,360,304
2146,1,356,296
2147,1,348,270
2148,1,345,251
2149,1,331,211
2150,1,328,194
2151,1,322,179
2152,1,318,166
2153,1,313,154
2154,1,309,143
2155,1,300,126
2156,1,296,120
2157,1,292,115
2158,1,288,111
2159,1,283,109
2160,1,273,109
2161,1,270,113
2162,1,264,117
2163,1,258,124
2164,1,255,132
2165,1,243,154
2166,1,240,168
2167,1,236,183
2168,1,230,200
2169,1,226,219
2170,0,0,0
2171,1,341,241
2172,1,391,234
2173,1,427,232
2174,1,455,230
2175,1,476,232
2176,1,510,236
2177,1,523,238
2178,1,536,241
2179,1,545,247
2180,1,555,251
2181,1,570,262
2182,1,575,268
2183,1,583,275
2184,1,588,283
2185,1,592,290
2186,1,601,306
2187,1,605,313
2188,1,609,321
2189,1,613,330
2190,1,616,340
2191,1,605,338
2192,0,0,0
2193,0,0,0
2194,0,0,0
2195,1,560,292
2196,1,549,283
2197,1,530,272
2198,1,519,268
2199,1,510,264
2200,1,500,262
2201,1,491,260
2202,1,476,262
2203,1,465,264
2204,1,457,268
2205,1,450,272
2206,1,442,275
2207,1,427,287
2208,1,420,294
2209,1,412,304
2210,1,405,313
2211,1,401,321
2212,1,388,343
2213,0,0,0
2214,1,416,238
2215,1,429,194
2216,1,440,162
2217,1,450,137
2218,1,461,100
2219,1,465,88
2220,0,0,0
2221,1,478,66
2222,0,0,0
2223,0,0,0
2224,0,0,0
2225,0,0,0
2226,0,0,0
2227,0,0,0
2228,0,0,0
2229,0,0,0
2230,0,0,0
2231,0,0,0
2232,0,0,0
2233,0,0,0
2234,0,0,0
2235,0,0,0
2236,0,0,0
2237,0,0,0
2238,0,0,0
2239,1,536,92
2240,1,538,98
2241,1,540,105
2242,1,540,113
2243,1,541,122
2244,1,545,139
2245,1,547,149
2246,1,549,158
2247,1,549,166
2248,1,551,177
2249,1,553,196
2250,1,555,205
2251,1,555,215
2252,1,556,226
2253,1,558,236
2254,1,558,256
2255,1,560,266
2256,1,560,275
2257,1,560,285
2258,1,562,296
2259,1,562,306
2260,0,0,0
2261,0,0,0
2262,0,0,0
2263,0,0,0
2264,0,0,0
2265,0,0,0
2266,0,0,0
2267,0,0,0
2268,0,0,0
2269,1,566,336
2270,1,568,340
2271,1,568,341
2272,0,0,0
2273,0,0,0
2274,0,0,0
2275,0,0,0
2276,0,0,0
2277,0,0,0
2278,0,0,0
2279,0,0,0
2280,0,0,0
2281,0,0,0
2282,0,0,0
2283,0,0,0
2284,0,0,0
2285,0,0,0
2286,1,523,238
2287,1,528,215
2288,1,534,196
2289,1,540,175
2290,1,545,158
2291,1,556,128
2292,1,560,117
2293,1,566,105
2294,1,571,94
2295,1,577,86
2296,1,585,71
2297,1,590,68
2298,1,596,64
2299,1,600,60
2300,1,605,60
2301,1,611,60
2302,1,618,66
2303,1,624,71
2304,1,630,77
2305,1,633,86
2306,1,637,96
2307,1,648,122
2308,1,652,137
2309,1,656,149
2310,1,613,249
2311,1,601,275
2312,1,592,294
2313,1,586,300
2314,1,583,306
2315,1,581,309
2316,1,579,315
2317,1,577,326
2318,1,570,315
2319,1,566,304
2320,1,564,298
2321,1,560,290
2322,1,556,283
2323,1,551,275
2324,1,549,273
2325,1,545,272
2326,1,543,272
2327,1,541,272
2328,1,538,272
2329,1,536,275
2330,1,534,277
2331,1,532,281
2332,1,528,285
2333,1,525,296
2334,1,521,304
2335,1,521,311
2336,1,519,321
2337,1,517,328
2338,1,519,306
2339,1,521,283
2340,1,521,266
2341,1,523,251
2342,1,525,238
2343,1,526,224
2344,1,528,205
2345,1,528,196
2346,1,530,188
2347,1,532,183
2348,1,532,177
2349,1,536,170
2350,1,536,168
2351,1,538,166
2352,0,0,0
2353,0,0,0
2354,0,0,0
2355,0,0,0
2356,0,0,0
2357,0,0,0
2358,0,0,0
2359,1,485,292
2360,1,478,283
2361,1,468,277
2362,1,461,273
2363,1,453,268
2364,1,446,266
2365,1,431,262
2366,1,423,264
2367,1,416,264
2368,1,408,266
2369,1,403,270
2370,1,390,281
2371,1,382,287
2372,1,375,294
2373,1,371,304
2374,1,363,313
2375,1,350,336
2376,1,346,338
2377,1,346,317
2378,1,343,304
2379,1,341,292
2380,1,343,275
2381,1,345,268
2382,1,345,264
2383,1,346,262
2384,1,348,262
2385,1,348,262
2386,1,350,264
2387,1,350,266
2388,1,350,270
2389,1,352,273
2390,1,352,279
2391,1,354,290
2392,1,356,298
2393,1,356,304
2394,1,358,313
2395,1,358,321
2396,1,375,313
2397,1,388,281
2398,1,405,260
2399,1,418,239
2400,1,433,221
2401,1,457,188
2402,1,470,175
2403,1,483,162
2404,1,495,153
2405,1,506,143
2406,1,517,136
2407,1,540,124
2408,1,551,120
2409,1,562,119
2410,1,573,117
2411,1,585,119
2412,1,607,124
2413,1,618,128
2414,1,630,136
2415,1,641,145
2416,1,652,156
2417,1,673,183
2418,1,678,192
2419,0,0,0
2420,1,618,262
2421,1,611,273
2422,1,601,289
2423,1,600,294
2424,1,596,300
2425,1,596,306
2426,1,594,311
2427,0,0,0
2428,1,594,294
2429,1,592,281
2430,1,594,270
2431,1,596,260
2432,1,596,251
2433,1,596,238
2434,1,598,232
2435,1,598,226
2436,1,600,224
2437,1,600,222
2438,1,600,221
2439,1,601,222
2440,1,601,224
2441,1,603,226
2442,1,603,232
2443,1,603,245
2444,1,603,253
2445,1,603,262
2446,1,571,270
2447,1,553,275
2448,1,540,279
2449,0,0,0
2450,0,0,0
2451,0,0,0
2452,0,0,0
2453,0,0,0
2454,0,0,0
2455,0,0,0
2456,1,472,328
2457,1,466,332
2458,1,461,336
2459,1,451,347
2460,1,446,353
2461,1,444,358
2462,1,442,358
2463,1,440,357
2464,1,436,355
2465,1,435,357
2466,1,435,360
2467,1,433,362
2468,1,433,362
2469,1,431,362
2470,1,431,364
2471,1,431,364
2472,1,431,364
2473,1,429,364
2474,1,427,366
2475,1,425,366
2476,1,425,364
2477,1,423,364
2478,1,423,364
2479,1,423,364
2480,1,423,364
2481,1,423,364
2482,1,423,364
2483,1,423,364
2484,1,423,366
2485,1,423,366
2486,0,0,0
2487,0,0,0
2488,0,0,0
2489,0,0,0
2490,0,0,0
2491,1,513,307
2492,1,521,298
2493,1,526,290
2494,1,536,281
2495,1,540,277
2496,1,551,272
2497,1,556,270
2498,1,562,270
2499,1,568,270
2500,1,573,270
2501,1,583,275
2502,1,588,279
2503,1,592,283
2504,1,598,290
2505,0,0,0
2506,1,613,317
2507,1,616,328
2508,0,0,0
2509,1,616,306
2510,1,611,270
2511,1,607,249
2512,1,600,219
2513,1,598,207
2514,1,596,200
2515,1,592,192
2516,1,592,188
2517,1,588,183
2518,1,588,181
2519,1,586,181
2520,1,586,181
2521,1,585,181
2522,1,585,185
2523,1,585,188
2524,1,583,192
2525,1,585,194
2526,1,583,202
2527,1,583,211
2528,1,583,219
2529,1,581,224
2530,1,581,230
2531,1,588,219
2532,1,596,177
2533,1,613,115
2534,1,618,90
2535,1,624,66
2536,1,630,47
2537,1,633,28
2538,0,0,0
2539,0,0,0
2540,0,0,0
2541,0,0,0
2542,0,0,0
2543,0,0,0
2544,0,0,0
2545,0,0,0
2546,0,0,0
2547,0,0,0
2548,0,0,0
2549,0,0,0
2550,0,0,0
2551,0,0,0
2552,0,0,0
2553,0,0,0
2554,0,0,0
2555,0,0,0
2556,0,0,0
2557,0,0,0
2558,0,0,0
2559,1,765,32
2560,1,768,52
2561,1,772,73
2562,1,778,98
2563,1,781,120
2564,1,675,234
2565,1,652,255
2566,1,637,268
2567,1,628,279
2568,1,620,289
2569,1,611,302
2570,1,607,309
2571,1,603,315
2572,0,0,0
2573,0,0,0
2574,1,607,311
2575,1,613,287
2576,1,618,275
2577,1,622,266
2578,1,626,260
2579,1,630,253
2580,1,637,243
2581,1,641,241
2582,1,645,238
2583,1,646,238
2584,1,650,238
2585,1,656,239
2586,1,660,241
2587,1,663,247
2588,1,667,253
2589,1,669,258
2590,1,675,273
2591,1,676,281
2592,1,678,294
2593,1,682,306
2594,1,684,313
2595,1,660,266
2596,1,633,224
2597,1,624,211
2598,1,616,200
2599,1,609,192
2600,1,603,187
2601,1,594,177
2602,1,590,175
2603,1,586,173
2604,1,583,173
2605,1,579,175
2606,1,575,177
2607,1,573,181
2608,1,570,183
2609,1,568,187
2610,1,566,192
2611,1,564,202
2612,1,562,207
2613,1,558,217
2614,1,536,222
2615,1,517,230
2616,1,502,238
2617,1,472,255
2618,1,459,264
2619,1,446,273
2620,1,435,283
2621,1,423,294
2622,1,401,319
2623,1,390,336
2624,1,378,351
2625,1,369,366
2626,1,358,383
2627,1,350,353
2628,1,356,328
2629,1,360,309
2630,1,358,296
2631,1,360,287
2632,1,360,272
2633,1,361,266
2634,1,363,262
2635,1,363,260
2636,1,363,260
2637,1,363,260
2638,1,365,262
2639,1,367,264
2640,1,367,268
2641,1,367,272
2642,1,369,277
2643,1,371,289
2644,1,371,294
2645,1,371,302
2646,1,371,309
2647,1,373,317
2648,1,371,309
2649,1,371,298
2650,1,371,289
2651,1,371,279
2652,1,369,273
2653,1,365,268
2654,1,363,264
2655,1,363,262
2656,1,361,262
2657,1,361,262
2658,1,360,262
2659,1,358,268
2660,1,358,272
2661,1,356,277
2662,1,356,283
2663,1,354,292
2664,1,352,311
2665,1,350,321
2666,1,350,332
2667,1,350,341
2668,0,0,0
2669,1,352,224
2670,1,354,205
2671,1,356,188
2672,1,356,175
2673,1,358,164
2674,1,360,149
2675,1,360,143
2676,1,360,139
2677,1,361,136
2678,1,363,134
2679,1,363,132
2680,1,365,132
2681,1,365,134
2682,1,367,136
2683,1,367,137
2684,1,369,141
2685,1,369,149
2686,1,371,154
2687,1,371,158
2688,1,373,166
2689,1,373,171
2690,1,375,185
2691,1,375,192
2692,1,376,202
2693,1,376,209
2694,1,378,219
2695,1,378,234
2696,1,380,245
2697,1,380,253
2698,1,378,234
2699,1,375,205
2700,1,373,181
2701,1,367,141
2702,1,365,126
2703,1,363,109
2704,1,363,98
2705,1,360,86
2706,1,358,68
2707,1,356,58
2708,1,356,52
2709,1,354,47
2710,1,352,41
2711,1,350,37
2712,1,348,37
2713,1,346,37
2714,1,345,41
2715,1,345,45
2716,1,341,58
2717,1,339,68
2718,1,337,79
2719,1,335,90
2720,1,335,105
2721,1,333,120
2722,1,330,158
2723,1,330,177
2724,1,331,198
2725,1,339,205
2726,1,346,207
2727,1,356,215
2728,1,360,219
2729,1,361,224
2730,1,363,230
2731,1,367,234
2732,1,369,245
2733,1,371,253
2734,1,373,258
2735,1,375,266
2736,1,375,273
2737,1,378,289
2738,1,378,294
2739,1,380,304
2740,1,380,311
2741,0,0,0
2742,0,0,0
2743,0,0,0
2744,0,0,0
2745,1,371,302
2746,1,367,277
2747,1,363,256
2748,1,352,217
2749,1,348,200
2750,1,345,185
2751,1,341,171
2752,1,337,158
2753,1,328,137
2754,1,326,130
2755,1,322,122
2756,1,318,117
2757,1,315,113
2758,1,307,107
2759,1,303,107
2760,1,300,109
2761,1,296,111
2762,1,292,117
2763,1,288,124
2764,1,281,143
2765,1,275,154
2766,1,271,170
2767,1,268,185
2768,1,266,202
2769,1,275,241
2770,1,307,245
2771,1,326,249
2772,1,337,253
2773,1,346,256
2774,1,360,266
2775,1,367,270
2776,1,371,273
2777,1,375,279
2778,1,378,285
2779,1,384,296
2780,1,388,302
2781,0,0,0
2782,0,0,0
2783,0,0,0
2784,0,0,0
2785,0,0,0
2786,0,0,0
2787,0,0,0
2788,0,0,0
2789,1,405,304
2790,1,410,290
2791,1,412,283
2792,1,414,275
2793,1,416,272
2794,1,416,268
2795,1,420,264
2796,1,421,264
2797,1,423,264
2798,1,423,266
2799,1,427,268
2800,1,429,277
2801,1,431,283
2802,1,431,290
2803,1,433,296
2804,0,0,0
2805,1,435,317
2806,0,0,0
2807,0,0,0
2808,1,423,268
2809,1,416,239
2810,1,410,215
2811,1,403,183
2812,1,399,171
2813,1,397,162
2814,1,395,154
2815,1,393,147
2816,1,390,139
2817,1,388,136
2818,1,386,136
2819,1,386,134
2820,1,384,136
2821,1,382,136
2822,1,382,139
2823,1,380,141
2824,1,380,145
2825,1,380,149
2826,1,380,154
2827,1,378,166
2828,1,378,171
2829,1,378,177
2830,1,378,185
2831,1,378,192
2832,1,378,207
2833,1,378,217
2834,1,378,224
2835,1,378,234
2836,1,391,239
2837,1,427,238
2838,1,442,239
2839,1,457,241
2840,1,470,243
2841,1,481,247
2842,1,506,256
2843,1,517,262
2844,1,526,270
2845,1,538,275
2846,1,547,283
2847,1,556,294
2848,1,577,317
2849,1,585,326
2850,0,0,0
2851,1,594,307
2852,1,594,294
2853,1,592,277
2854,1,590,270
2855,1,592,266
2856,1,594,262
2857,1,596,260
2858,1,598,258
2859,1,598,260
2860,1,600,262
2861,1,600,264
2862,1,600,268
2863,1,601,279
2864,1,603,283
2865,1,603,292
2866,1,603,300
2867,1,603,307
2868,1,605,317
2869,1,607,336
2870,1,607,341
2871,1,607,355
2872,0,0,0
2873,1,585,270
2874,1,562,202
2875,1,555,175
2876,1,545,151
2877,1,536,128
2878,1,528,107
2879,1,513,71
2880,1,506,54
2881,1,498,41
2882,1,491,28
2883,1,483,17
2884,1,472,1
2885,0,0,0
2886,0,0,0
2887,0,0,0
2888,0,0,0
2889,0,0,0
2890,0,0,0
2891,0,0,0
2892,0,0,0
2893,0,0,0
2894,1,393,7
2895,1,380,30
2896,1,375,45
2897,1,369,60
2898,1,361,77
2899,1,358,96
2900,1,345,139
2901,1,341,162
2902,1,335,188
2903,1,337,215
2904,1,352,224
2905,1,361,238
2906,1,365,245
2907,1,367,251
2908,1,371,256
2909,1,371,262
2910,1,375,268
2911,1,376,279
2912,1,378,285
2913,1,378,292
2914,1,380,300
2915,1,380,307
2916,0,0,0
2917,0,0,0
2918,0,0,0
2919,0,0,0
2920,1,380,307
2921,1,382,285
2922,1,382,275
2923,1,382,266
2924,1,382,260
2925,1,380,253
2926,1,380,243
2927,1,380,241
2928,1,382,238
2929,1,382,238
2930,1,382,236
2931,1,382,236
2932,1,382,238
2933,1,382,241
2934,1,382,247
2935,1,382,253
2936,1,382,258
2937,1,382,273
2938,1,384,283
2939,1,384,294
2940,1,384,304
2941,1,384,313
2942,1,388,247
2943,1,393,188
2944,1,395,147
2945,1,397,115
2946,1,397,90
2947,1,401,52
2948,1,401,37
2949,1,403,26
2950,1,405,15
2951,1,405,7
2952,1,406,3
2953,0,0,0
2954,0,0,0
2955,0,0,0
2956,0,0,0
2957,0,0,0
2958,0,0,0
2959,0,0,0
2960,0,0,0
2961,0,0,0
2962,0,0,0
2963,0,0,0
2964,0,0,0
2965,0,0,0
2966,0,0,0
2967,0,0,0
2968,0,0,0
2969,1,427,37
2970,0,0,0
2971,0,0,0
2972,1,429,62
2973,1,429,71
2974,1,431,88
2975,1,431,98
2976,1,433,107
2977,1,433,117
2978,1,435,128
2979,1,435,147
2980,1,436,158
2981,1,436,168
2982,1,436,177
2983,1,438,188
2984,1,438,211
2985,1,438,221
2986,1,440,232
2987,1,463,196
2988,1,478,175
2989,1,502,143
2990,1,513,128
2991,1,525,117
2992,1,536,105
2993,1,545,98
2994,1,555,88
2995,1,573,75
2996,1,585,71
2997,1,594,68
2998,1,603,68
2999,1,611,68
3000,1,631,71
3001,1,641,75
3002,1,650,83
3003,1,660,90
3004,1,669,100
3005,1,690,124
3006,1,699,139
3007,1,708,154
3008,1,716,173
3009,1,725,194
3010,1,744,238
3011,1,751,264
3012,1,761,290
3013,1,768,319
3014,1,776,349
3015,0,0,0
3016,0,0,0
3017,0,0,0
3018,0,0,0
3019,0,0,0
3020,0,0,0
3021,0,0,0
3022,0,0,0
3023,0,0,0
3024,0,0,0
3025,0,0,0
3026,0,0,0
3027,0,0,0
3028,0,0,0
3029,0,0,0
3030,0,0,0
3031,0,0,0
3032,0,0,0
3033,0,0,0
3034,0,0,0
3035,0,0,0
3036,0,0,0
3037,0,0,0
3038,0,0,0
3039,0,0,0
3040,0,0,0
3041,0,0,0
3042,0,0,0
3043,0,0,0
3044,0,0,0
3045,0,0,0
3046,0,0,0
3047,0,0,0
3048,0,0,0
3049,0,0,0
3050,0,0,0
3051,0,0,0
3052,0,0,0
3053,1,500,309
3054,1,489,300
3055,1,483,292
3056,1,474,283
3057,1,465,281
3058,1,450,275
3059,1,440,275
3060,1,433,275
3061,1,425,275
3062,1,418,277
3063,1,403,285
3064,1,395,290
3065,1,388,296
3066,1,382,304
3067,1,375,311
3068,1,361,332
3069,0,0,0
3070,1,401,279
3071,1,421,256
3072,1,436,238
3073,1,461,211
3074,1,470,204
3075,1,480,196
3076,1,487,192
3077,1,493,188
3078,1,498,185
3079,1,510,183
3080,1,513,183
3081,1,519,183
3082,1,523,185
3083,1,526,187
3084,1,534,192
3085,0,0,0
3086,1,540,202
3087,1,543,207
3088,1,547,211
3089,1,553,224
3090,1,555,230
3091,1,558,238
3092,1,560,245
3093,1,562,253
3094,1,570,222
3095,1,573,192
3096,1,575,166
3097,1,579,143
3098,1,581,122
3099,1,585,105
3100,1,588,73
3101,1,592,60
3102,1,594,47
3103,1,596,35
3104,1,600,26
3105,1,603,9
3106,1,605,3
3107,1,607,1
3108,0,0,0
3109,0,0,0
3110,0,0,0
3111,0,0,0
3112,0,0,0
3113,1,626,3
3114,1,630,7
3115,1,633,26
3116,1,637,39
3117,1,639,52
3118,1,643,68
3119,1,645,85
3120,1,648,102
3121,0,0,0
3122,1,586,168
3123,1,553,179
3124,1,530,188
3125,1,513,198
3126,1,487,215
3127,1,476,222
3128,1,468,230
3129,1,463,238
3130,1,457,245
3131,1,448,260
3132,1,444,268
3133,1,440,275
3134,1,438,285
3135,1,435,294
3136,1,431,311
3137,1,429,321
3138,1,427,328
3139,1,425,340
3140,0,0,0
3141,1,421,334
3142,1,408,275
3143,1,405,255
3144,1,401,236
3145,1,399,219
3146,1,395,204
3147,1,390,177
3148,1,386,166
3149,1,384,156
3150,1,380,147
3151,1,378,139
3152,1,373,130
3153,1,369,128
3154,1,367,126
3155,1,363,126
3156,1,360,128
3157,1,354,136
3158,1,350,143
3159,1,348,151
3160,1,345,162
3161,1,341,175
3162,1,337,188
3163,1,335,232
3164,1,352,241
3165,1,358,251
3166,1,363,256
3167,1,367,264
3168,1,371,273
3169,1,375,279
3170,1,376,285
3171,1,378,290
3172,1,380,296
3173,1,382,309
3174,1,384,315
3175,0,0,0
3176,0,0,0
3177,0,0,0
3178,1,401,300
3179,1,408,290
3180,1,412,285
3181,1,416,281
3182,1,421,277
3183,1,425,273
3184,1,435,272
3185,1,438,272
3186,1,442,272
3187,1,446,273
3188,1,450,277
3189,1,459,287
3190,1,463,294
3191,1,466,302
3192,1,470,311
3193,1,474,321
3194,1,480,341
3195,0,0,0
3196,1,461,273
3197,1,450,247
3198,1,444,228
3199,1,435,202
3200,1,431,192
3201,1,427,185
3202,1,423,179
3203,1,421,173
3204,1,420,171
3205,1,416,168
3206,1,414,168
3207,1,412,168
3208,1,410,170
3209,1,410,171
3210,1,408,177
3211,1,408,181
3212,1,406,185
3213,1,406,190
3214,1,405,196
3215,1,405,207
3216,1,405,213
3217,1,405,221
3218,1,405,228
3219,1,405,236
3220,1,405,251
3221,1,405,260
3222,1,403,262
3223,1,399,256
3224,1,397,255
3225,1,395,253
3226,1,393,255
3227,1,391,255
3228,1,390,256
3229,1,388,260
3230,1,386,266
3231,1,384,277
3232,1,384,285
3233,1,382,294
3234,1,380,304
3235,1,408,298
3236,1,446,277
3237,1,463,272
3238,1,478,270
3239,1,491,268
3240,1,504,268
3241,1,525,270
3242,1,536,272
3243,1,543,275
3244,1,551,279
3245,1,558,283
3246,1,566,290
3247,1,579,302
3248,1,585,309
3249,0,0,0
3250,1,594,323
3251,1,600,332
3252,1,609,349
3253,1,603,340
3254,1,586,287
3255,1,573,255
3256,1,562,228
3257,1,541,183
3258,1,532,164
3259,1,525,147
3260,1,515,128
3261,1,506,115
3262,1,491,90
3263,1,481,81
3264,1,474,71
3265,1,465,64
3266,1,457,58
3267,1,448,54
3268,1,431,49
3269,1,421,49
3270,1,414,52
3271,1,405,56
3272,1,395,62
3273,1,378,77
3274,1,369,90
3275,1,361,103
3276,1,352,119
3277,1,345,136
3278,1,328,177
3279,1,320,200
3280,1,313,224
3281,1,305,251
3282,1,300,277
3283,0,0,0
3284,0,0,0
3285,0,0,0
3286,0,0,0
3287,0,0,0
3288,0,0,0
3289,0,0,0
3290,0,0,0
3291,0,0,0
3292,0,0,0
3293,0,0,0
3294,0,0,0
3295,0,0,0
3296,0,0,0
3297,0,0,0
3298,0,0,0
3299,0,0,0
3300,0,0,0
3301,0,0,0
3302,0,0,0
3303,0,0,0
3304,0,0,0
3305,0,0,0
3306,0,0,0
3307,0,0,0
3308,0,0,0
3309,0,0,0
3310,0,0,0
3311,0,0,0
3312,0,0,0
3313,0,0,0
3314,0,0,0
3315,0,0,0
3316,0,0,0
3317,0,0,0
3318,0,0,0
3319,0,0,0
3320,0,0,0
3321,0,0,0
3322,0,0,0
3323,0,0,0
3324,1,521,311
3325,1,525,292
3326,1,526,283
3327,1,526,279
3328,1,526,277
3329,1,528,275
3330,1,528,275
3331,1,530,275
3332,1,530,277
3333,1,532,281
3334,1,532,285
3335,1,532,290
3336,1,534,300
3337,1,534,307
3338,1,536,313
3339,1,536,319
3340,1,540,313
3341,1,543,292
3342,1,547,283
3343,1,547,275
3344,1,549,270
3345,1,551,264
3346,1,555,256
3347,1,556,255
3348,1,558,253
3349,1,560,255
3350,1,562,256
3351,1,564,258
3352,1,566,266
3353,1,568,272
3354,1,570,279
3355,1,571,285
3356,1,573,294
3357,1,577,313
3358,0,0,0
3359,1,577,330
3360,1,573,319
3361,1,571,307
3362,1,566,292
3363,1,564,289
3364,1,562,287
3365,1,558,283
3366,1,556,283
3367,1,553,281
3368,1,551,285
3369,1,551,289
3370,1,551,292
3371,1,549,296
3372,1,547,298
3373,1,547,315
3374,0,0,0
3375,0,0,0
3376,0,0,0
3377,0,0,0
3378,0,0,0
3379,0,0,0
3380,0,0,0
3381,0,0,0
3382,1,555,306
3383,1,562,289
3384,1,562,287
3385,1,562,289
3386,1,560,290
3387,1,560,294
3388,1,560,304
3389,1,560,311
3390,0,0,0
3391,0,0,0
3392,0,0,0
3393,0,0,0
3394,0,0,0
3395,0,0,0
3396,0,0,0
3397,0,0,0
3398,0,0,0
3399,0,0,0
3400,0,0,0
3401,0,0,0
3402,0,0,0
3403,0,0,0
3404,0,0,0
3405,0,0,0
3406,0,0,0
3407,0,0,0
3408,0,0,0
3409,0,0,0
3410,0,0,0
3411,0,0,0
3412,0,0,0
3413,0,0,0
3414,0,0,0
3415,0,0,0
3416,0,0,0
3417,0,0,0
3418,0,0,0
3419,0,0,0
3420,0,0,0
3421,0,0,0
3422,0,0,0
3423,0,0,0
3424,0,0,0
3425,0,0,0
3426,0,0,0
3427,0,0,0
3428,0,0,0
3429,0,0,0
3430,0,0,0
3431,0,0,0
3432,0,0,0
3433,0,0,0
3434,0,0,0
3435,0,0,0
3436,1,528,283
3437,1,530,277
3438,1,530,275
3439,1,530,273
3440,1,532,273
3441,1,534,275
3442,1,534,277
3443,1,536,279
3444,1,536,283
3445,1,538,290
3446,0,0,0
3447,0,0,0
3448,1,515,290
3449,1,506,283
3450,1,496,277
3451,1,478,272
3452,1,466,272
3453,1,457,272
3454,1,448,272
3455,1,438,273
3456,1,431,277
3457,1,414,285
3458,1,405,292
3459,1,395,298
3460,1,388,307
3461,1,380,315
3462,1,365,338
3463,0,0,0
3464,1,401,277
3465,1,418,249
3466,1,431,228
3467,1,450,198
3468,1,459,188
3469,1,465,181
3470,1,472,173
3471,1,478,170
3472,1,487,164
3473,1,493,162
3474,1,496,160
3475,1,502,162
3476,1,506,162
3477,1,510,164
3478,1,515,170
3479,1,519,171
3480,1,521,175
3481,1,525,181
3482,1,528,185
3483,1,534,196
3484,1,536,204
3485,1,540,211
3486,1,541,217
3487,1,521,222
3488,1,489,232
3489,1,474,238
3490,1,461,245
3491,1,450,251
3492,1,438,258
3493,1,416,275
3494,1,405,285
3495,1,393,298
3496,1,384,309
3497,1,378,321
3498,1,363,338
3499,1,345,366
3500,1,337,381
3501,1,339,347
3502,1,343,328
3503,1,346,311
3504,1,348,298
3505,1,350,292
3506,1,352,289
3507,1,352,287
3508,1,354,283
3509,1,356,281
3510,1,356,281
3511,1,356,283
3512,1,356,285
3513,1,358,289
3514,1,358,294
3515,1,358,298
3516,1,358,304
3517,1,358,309
3518,1,356,317
3519,1,356,324
3520,1,356,340
3521,1,358,349
3522,1,358,355
3523,1,358,341
3524,1,358,328
3525,1,360,304
3526,1,361,294
3527,1,361,289
3528,1,360,283
3529,1,360,277
3530,1,360,272
3531,1,360,270
3532,1,360,268
3533,1,360,268
3534,1,360,268
3535,1,360,272
3536,1,360,275
3537,1,360,281
3538,1,360,289
3539,1,360,294
3540,1,360,304
3541,1,360,324
3542,1,361,332
3543,1,367,279
3544,1,367,249
3545,1,371,226
3546,1,373,192
3547,1,375,181
3548,1,376,171
3549,1,378,162
3550,1,378,156
3551,1,382,147
3552,1,382,145
3553,1,384,143
3554,1,386,143
3555,1,386,143
3556,1,388,143
3557,1,390,145
3558,1,390,149
3559,1,391,151
3560,1,393,154
3561,1,393,160
3562,1,397,170
3563,1,397,177
3564,1,399,183
3565,1,399,190
3566,1,401,198
3567,1,403,213
3568,1,425,222
3569,1,448,228
3570,1,470,234
3571,1,489,241
3572,1,525,255
3573,1,540,262
3574,1,555,272
3575,1,570,279
3576,1,585,290
3577,1,611,311
3578,1,626,324
3579,1,637,338
3580,1,650,353
3581,1,661,368
3582,1,673,385
3583,1,686,400
3584,1,669,357
3585,1,660,330
3586,1,652,313
3587,1,643,300
3588,1,631,279
3589,1,626,273
3590,1,622,268
3591,0,0,0
3592,0,0,0
3593,1,607,260
3594,1,605,262
3595,1,603,264
3596,1,600,266
3597,1,598,270
3598,1,594,279
3599,1,592,283
3600,1,592,290
3601,1,590,298
3602,1,588,306
3603,1,588,313
3604,0,0,0
3605,1,594,298
3606,1,594,289
3607,1,596,279
3608,1,598,272
3609,1,603,260
3610,1,605,256
3611,1,607,256
3612,1,607,255
3613,1,609,255
3614,1,613,256
3615,1,615,258
3616,1,618,260
3617,1,620,266
3618,1,622,272
3619,1,626,285
3620,1,626,294
3621,1,628,304
3622,1,630,313
3623,1,631,324
3624,0,0,0
3625,1,568,238
3626,1,549,217
3627,1,536,200
3628,1,523,185
3629,1,513,173
3630,1,496,158
3631,1,489,153
3632,1,481,147
3633,1,476,145
3634,1,470,143
3635,1,461,141
3636,1,457,141
3637,1,453,143
3638,1,450,143
3639,1,446,147
3640,1,440,153
3641,1,438,156
3642,1,435,162
3643,1,433,168
3644,1,431,173
3645,1,429,179
3646,1,425,192
3647,1,423,200
3648,1,421,207
3649,1,420,215
3650,1,420,224
3651,1,418,241
3652,1,416,249
3653,1,414,256
3654,1,410,251
3655,1,406,249
3656,1,401,249
3657,1,399,249
3658,1,397,249
3659,1,393,253
3660,1,391,256
3661,1,386,266
3662,1,384,273
3663,1,382,281
3664,1,380,290
3665,1,378,300
3666,1,391,298
3667,1,416,279
3668,1,427,275
3669,1,435,273
3670,1,440,273
3671,1,446,273
3672,1,455,277
3673,1,459,281
3674,1,461,285
3675,1,466,289
3676,1,468,292
3677,1,474,302
3678,1,476,307
3679,1,480,311
3680,1,498,289
3681,1,511,277
3682,1,538,255
3683,1,549,247
3684,1,560,239
3685,1,571,234
3686,1,583,230
3687,1,594,228
3688,1,615,224
3689,1,624,226
3690,1,633,228
3691,1,645,232
3692,1,654,238
3693,1,673,249
3694,1,682,256
3695,1,652,209
3696,1,637,188
3697,1,626,173
3698,1,611,154
3699,1,605,151
3700,1,601,147
3701,1,598,145
3702,1,594,143
3703,1,588,145
3704,1,586,147
3705,1,585,149
3706,1,585,151
3707,1,583,154
3708,1,581,158
3709,1,581,168
3710,1,579,173
3711,1,579,179
3712,1,577,185
3713,1,577,192
3714,1,577,207
3715,1,575,215
3716,1,545,228
3717,1,523,238
3718,1,504,249
3719,1,468,270
3720,1,453,283
3721,1,436,294
3722,1,421,309
3723,1,410,321
3724,1,378,357
3725,1,371,334
3726,1,375,309
3727,1,375,294
3728,1,375,289
3729,1,373,279
3730,1,373,270
3731,1,373,266
3732,1,373,266
3733,1,373,266
3734,1,373,268
3735,1,373,272
3736,1,373,275
3737,1,373,279
3738,1,373,283
3739,1,373,289
3740,1,375,300
3741,1,375,306
3742,1,375,313
3743,0,0,0
3744,0,0,0
3745,0,0,0
3746,1,376,353
3747,1,376,341
3748,0,0,0
3749,1,375,311
3750,1,375,302
3751,1,371,289
3752,1,371,281
3753,1,369,275
3754,1,369,272
3755,1,367,268
3756,1,367,266
3757,1,365,264
3758,1,365,264
3759,1,363,268
3760,1,363,270
3761,1,361,279
3762,1,361,285
3763,1,360,292
3764,1,360,302
3765,1,363,275
3766,1,367,239
3767,1,367,228
3768,1,367,219
3769,1,369,211
3770,1,371,207
3771,1,371,204
3772,1,373,200
3773,1,373,200
3774,1,375,200
3775,1,375,200
3776,1,375,202
3777,1,376,207
3778,1,378,211
3779,1,378,215
3780,1,378,219
3781,1,380,224
3782,1,382,236
3783,1,382,241
3784,1,382,249
3785,1,384,256
3786,1,384,264
3787,1,386,279
3788,1,388,285
3789,1,388,294
3790,1,388,304
3791,1,390,311
3792,1,390,319
3793,0,0,0
3794,0,0,0
3795,1,382,307
3796,1,380,298
3797,1,378,289
3798,1,373,275
3799,1,371,270
3800,1,369,266
3801,1,367,262
3802,1,363,260
3803,1,361,260
3804,1,360,260
3805,1,358,262
3806,1,356,264
3807,1,352,268
3808,1,350,279
3809,1,348,285
3810,1,345,294
3811,1,343,302
3812,1,341,313
3813,1,341,323
3814,1,345,287
3815,1,348,260
3816,1,352,245
3817,1,356,232
3818,1,356,221
3819,1,361,207
3820,1,363,202
3821,1,365,198
3822,1,367,196
3823,1,369,194
3824,1,371,194
3825,1,373,194
3826,1,375,196
3827,1,375,198
3828,1,376,202
3829,1,378,207
3830,1,380,213
3831,1,382,219
3832,1,382,224
3833,1,384,230
3834,1,386,238
3835,1,388,251
3836,1,390,258
3837,1,390,266
3838,1,391,275
3839,1,401,272
3840,1,427,255
3841,1,438,249
3842,1,448,245
3843,1,457,241
3844,1,466,239
3845,1,485,236
3846,1,493,236
3847,1,502,238
3848,1,510,239
3849,1,517,241
3850,1,530,251
3851,1,540,256
3852,1,545,264
3853,1,553,272
3854,1,558,279
3855,1,566,290
3856,1,577,311
3857,1,583,323
3858,1,586,334
3859,1,549,283
3860,1,526,258
3861,1,495,224
3862,1,481,211
3863,1,472,204
3864,1,463,196
3865,1,455,192
3866,1,442,185
3867,1,436,183
3868,1,431,183
3869,1,427,183
3870,1,423,185
3871,1,416,187
3872,1,412,190
3873,1,410,194
3874,1,406,198
3875,1,405,202
3876,1,403,207
3877,1,399,219
3878,1,397,224
3879,1,395,232
3880,1,393,238
3881,1,393,247
3882,1,391,262
3883,1,412,232
3884,1,427,211
3885,1,440,194
3886,1,453,181
3887,1,476,156
3888,1,487,147
3889,1,498,139
3890,1,510,132
3891,1,519,128
3892,1,540,120
3893,1,551,119
3894,1,560,119
3895,1,571,120
3896,1,581,122
3897,1,592,128
3898,1,613,139
3899,1,624,151
3900,1,635,160
3901,1,645,173
3902,1,652,185
3903,1,615,247
3904,1,605,256
3905,1,601,266
3906,1,596,275
3907,1,594,281
3908,1,588,294
3909,1,588,300
3910,1,586,306
3911,1,585,313
3912,0,0,0
3913,1,590,309
3914,1,596,296
3915,1,598,290
3916,1,601,285
3917,1,605,279
3918,1,609,273
3919,1,615,268
3920,1,618,266
3921,1,622,266
3922,1,624,266
3923,1,628,268
3924,1,633,275
3925,1,637,279
3926,1,641,287
3927,1,643,294
3928,1,645,304
3929,1,650,324
3930,1,652,334
3931,1,645,313
3932,1,639,298
3933,1,637,287
3934,1,628,268
3935,1,626,266
3936,1,626,264
3937,1,624,262
3938,1,622,262
3939,1,620,262
3940,1,616,264
3941,1,615,268
3942,1,613,272
3943,1,613,277
3944,1,611,283
3945,1,609,296
3946,1,609,304
3947,1,607,311
3948,0,0,0
3949,0,0,0
3950,0,0,0
3951,1,611,324
3952,1,613,313
3953,1,615,304
3954,1,616,298
3955,1,622,287
3956,1,624,283
3957,1,626,279
3958,1,626,277
3959,1,628,277
3960,1,630,277
3961,1,630,281
3962,1,631,283
3963,1,631,287
3964,1,631,290
3965,1,633,298
3966,1,635,311
3967,1,637,319
3968,1,637,328
3969,1,639,338
3970,1,641,345
3971,1,585,188
3972,1,570,149
3973,1,556,119
3974,1,547,96
3975,1,538,77
3976,1,525,45
3977,1,517,32
3978,1,511,24
3979,1,508,15
3980,1,504,9
3981,0,0,0
3982,0,0,0
3983,0,0,0
3984,0,0,0
3985,0,0,0
3986,0,0,0
3987,0,0,0
3988,0,0,0
3989,0,0,0
3990,0,0,0
3991,0,0,0
3992,0,0,0
3993,0,0,0
3994,0,0,0
3995,0,0,0
3996,0,0,0
3997,0,0,0
3998,0,0,0
3999,0,0,0
4000,0,0,0
4001,0,0,0
4002,1,457,96
4003,1,455,113
4004,1,455,124
4005,1,455,132
4006,1,455,143
4007,1,455,153
4008,1,453,171
4009,1,453,183
4010,1,453,192
4011,1,453,204
4012,1,453,213
4013,1,483,230
4014,1,504,234
4015,1,521,238
4016,1,536,243
4017,1,549,249
4018,1,575,260
4019,1,588,268
4020,1,600,277
4021,1,611,287
4022,1,622,296
4023,1,631,307
4024,1,654,332
4025,1,663,347
4026,1,673,362
4027,1,680,375
4028,1,673,349
4029,1,658,307
4030,1,652,294
4031,1,648,287
4032,1,645,279
4033,1,639,275
4034,1,633,268
4035,1,631,266
4036,1,628,264
4037,1,626,266
4038,1,622,268
4039,1,618,272
4040,1,618,275
4041,1,615,281
4042,1,615,287
4043,0,0,0
4044,0,0,0
4045,0,0,0
4046,0,0,0
4047,0,0,0
4048,0,0,0
4049,1,586,289
4050,1,566,253
4051,1,556,238
4052,1,547,222
4053,1,540,209
4054,1,530,196
4055,1,513,177
4056,1,506,170
4057,1,498,164
4058,1,491,160
4059,1,483,156
4060,1,468,154
4061,1,461,156
4062,1,453,158
4063,1,446,162
4064,1,438,170
4065,1,431,177
4066,1,418,198
4067,1,410,211
4068,1,405,224
4069,1,436,245
4070,1,453,253
4071,1,470,262
4072,1,476,266
4073,1,480,270
4074,1,483,273
4075,1,485,277
4076,1,489,281
4077,1,487,273
4078,1,483,268
4079,1,483,266
4080,1,483,264
4081,1,481,264
4082,1,480,266
4083,1,480,268
4084,1,480,272
4085,1,480,275
4086,1,478,281
4087,1,476,294
4088,1,476,304
4089,1,476,311
4090,0,0,0
4091,0,0,0
4092,0,0,0
4093,0,0,0
4094,1,461,315
4095,1,453,272
4096,1,446,241
4097,1,435,198
4098,1,431,183
4099,1,429,170
4100,1,427,160
4101,1,423,153
4102,1,420,141
4103,1,418,137
4104,1,416,134
4105,1,416,132
4106,1,414,132
4107,1,414,132
4108,1,412,134
4109,1,412,136
4110,1,410,137
4111,1,410,141
4112,1,410,145
4113,1,408,154
4114,1,408,162
4115,1,408,168
4116,1,408,173
4117,1,408,181
4118,1,408,196
4119,1,408,204
4120,1,408,211
4121,1,408,221
4122,1,401,232
4123,1,382,247
4124,1,373,255
4125,1,363,264
4126,1,356,272
4127,1,348,281
4128,1,341,292
4129,1,328,315
4130,1,322,328
4131,1,315,341
4132,1,309,357
4133,1,303,372
4134,1,292,404
4135,1,292,398
4136,1,300,364
4137,1,303,340
4138,1,307,319
4139,1,316,292
4140,1,318,283
4141,1,322,273
4142,1,326,268
4143,1,328,262
4144,1,331,258
4145,1,333,256
4146,1,335,256
4147,1,337,256
4148,1,339,258
4149,1,341,260
4150,1,345,268
4151,1,346,273
4152,1,348,279
4153,1,348,283
4154,1,369,285
4155,1,405,275
4156,1,420,273
4157,1,435,273
4158,1,450,273
4159,1,465,275
4160,1,491,281
4161,1,502,285
4162,1,515,290
4163,1,526,296
4164,1,538,304
4165,1,556,317
4166,1,571,330
4167,1,581,340
4168,0,0,0
4169,1,601,364
4170,1,611,377
4171,1,594,290
4172,1,588,262
4173,1,583,239
4174,1,577,222
4175,1,575,207
4176,1,570,188
4177,1,566,181
4178,1,564,173
4179,1,562,170
4180,1,560,166
4181,1,558,162
4182,1,556,162
4183,1,556,162
4184,1,555,162
4185,1,555,164
4186,1,555,170
4187,1,553,173
4188,1,553,177
4189,1,553,181
4190,1,551,187
4191,1,551,192
4192,1,551,204
4193,1,551,211
4194,1,551,219
4195,1,551,226
4196,1,553,234
4197,1,553,251
4198,1,553,258
4199,1,553,268
4200,1,553,275
4201,1,553,285
4202,0,0,0
4203,0,0,0
4204,0,0,0
4205,0,0,0
4206,0,0,0
4207,0,0,0
4208,0,0,0
4209,0,0,0
4210,0,0,0
4211,0,0,0
4212,0,0,0
4213,0,0,0
4214,0,0,0
4215,0,0,0
4216,0,0,0
4217,0,0,0
4218,0,0,0
4219,0,0,0
4220,0,0,0
4221,0,0,0
4222,0,0,0
4223,0,0,0
4224,0,0,0
4225,0,0,0
4226,0,0,0
4227,0,0,0
4228,0,0,0
4229,0,0,0
4230,0,0,0
4231,0,0,0
4232,0,0,0
4233,0,0,0
4234,0,0,0
4235,0,0,0
4236,0,0,0
4237,0,0,0
4238,0,0,0
4239,0,0,0
4240,0,0,0
4241,0,0,0
4242,0,0,0
4243,0,0,0
4244,0,0,0
4245,0,0,0
4246,0,0,0
4247,0,0,0
4248,0,0,0
4249,0,0,0
4250,0,0,0
4251,0,0,0
4252,0,0,0
4253,0,0,0
4254,0,0,0
4255,0,0,0
4256,0,0,0
4257,0,0,0
4258,0,0,0
4259,0,0,0
4260,0,0,0
4261,0,0,0
4262,0,0,0
4263,0,0,0
4264,0,0,0
4265,0,0,0
4266,0,0,0
4267,0,0,0
4268,0,0,0
4269,1,493,287
4270,1,481,273
4271,1,476,272
4272,1,470,268
4273,1,466,268
4274,1,463,268
4275,1,459,268
4276,1,453,273
4277,1,451,277
4278,1,450,281
4279,0,0,0
4280,1,444,292
4281,1,442,306
4282,1,440,313
4283,1,436,315
4284,0,0,0
4285,1,420,268
4286,1,406,238
4287,1,401,224
4288,1,393,211
4289,1,388,202
4290,1,382,192
4291,1,369,179
4292,1,363,173
4293,1,358,170
4294,1,352,168
4295,1,346,168
4296,1,341,168
4297,1,328,173
4298,1,322,181
4299,1,316,188
4300,1,311,196
4301,1,305,207
4302,1,294,232
4303,1,315,213
4304,1,331,188
4305,1,345,173
4306,1,356,166
4307,1,367,156
4308,1,373,154
4309,1,376,154
4310,1,380,154
4311,1,382,156
4312,1,388,160
4313,1,390,162
4314,1,393,166
4315,1,395,170
4316,1,397,175
4317,1,399,181
4318,1,403,192
4319,1,405,198
4320,1,405,204
4321,1,408,211
4322,1,408,217
4323,1,433,230
4324,1,451,236
4325,1,468,238
4326,1,485,243
4327,1,500,249
4328,1,528,260
4329,1,541,268
4330,1,555,275
4331,1,566,285
4332,1,579,296
4333,1,603,319
4334,1,615,334
4335,1,622,343
4336,1,624,324
4337,1,618,306
4338,1,616,292
4339,1,615,277
4340,1,613,273
4341,1,611,270
4342,1,611,268
4343,1,609,268
4344,1,609,268
4345,1,607,272
4346,1,607,273
4347,1,607,279
4348,1,607,283
4349,1,605,294
4350,1,605,302
4351,1,605,307
4352,1,605,315
4353,1,605,324
4354,1,605,341
4355,0,0,0
4356,1,615,328
4357,1,624,298
4358,1,633,270
4359,1,641,247
4360,1,656,207
4361,1,663,188
4362,1,671,173
4363,1,676,160
4364,1,684,147
4365,1,697,126
4366,1,703,117
4367,1,708,109
4368,1,716,103
4369,1,721,100
4370,1,733,96
4371,1,738,94
4372,1,746,96
4373,1,751,98
4374,1,757,103
4375,1,770,117
4376,1,776,126
4377,1,783,137
4378,1,789,151
4379,1,795,166
4380,1,800,181
4381,1,759,168
4382,1,710,134
4383,1,680,113
4384,1,661,102
4385,1,648,94
4386,1,628,85
4387,1,620,83
4388,1,615,81
4389,1,609,81
4390,1,603,83
4391,1,598,86
4392,1,596,88
4393,1,592,92
4394,1,590,96
4395,1,588,100
4396,1,585,109
4397,1,585,115
4398,1,583,120
4399,1,581,128
4400,1,581,134
4401,1,581,141
4402,1,579,156
4403,1,577,164
4404,1,577,171
4405,1,577,181
4406,1,577,188
4407,1,577,207
4408,1,577,217
4409,1,577,228
4410,1,588,232
4411,1,594,238
4412,1,609,249
4413,1,615,255
4414,1,620,260
4415,1,626,268
4416,1,630,275
4417,1,641,294
4418,1,645,307
4419,1,648,319
4420,1,654,332
4421,1,658,345
4422,1,661,360
4423,1,637,349
4424,1,624,328
4425,1,611,309
4426,1,601,300
4427,1,592,290
4428,1,575,281
4429,1,568,277
4430,1,562,273
4431,1,556,273
4432,1,551,273
4433,1,543,275
4434,1,538,279
4435,1,536,283
4436,1,532,285
4437,1,528,292
4438,1,525,302
4439,1,521,309
4440,1,519,315
4441,1,519,323
4442,0,0,0
4443,0,0,0
4444,1,528,309
4445,1,536,279
4446,1,547,253
4447,1,555,230
4448,1,564,209
4449,1,579,173
4450,1,588,158
4451,1,594,143
4452,1,601,132
4453,1,609,120
4454,1,624,102
4455,1,630,94
4456,1,637,88
4457,1,645,85
4458,1,652,81
4459,1,667,79
4460,1,675,81
4461,1,682,85
4462,1,690,90
4463,1,697,98
4464,1,705,105
4465,1,718,128
4466,1,725,143
4467,1,733,160
4468,1,736,173
4469,1,697,209
4470,1,663,230
4471,1,654,239
4472,1,646,247
4473,1,641,253
4474,1,635,262
4475,1,626,275
4476,1,622,283
4477,1,620,289
4478,1,616,296
4479,1,615,306
4480,1,611,319
4481,1,609,328
4482,1,609,336
4483,1,607,345
4484,0,0,0
4485,0,0,0
4486,0,0,0
4487,0,0,0
4488,1,556,294
4489,1,547,287
4490,1,538,277
4491,1,521,266
4492,1,511,260
4493,1,504,256
4494,1,496,255
4495,1,489,253
4496,1,474,255
4497,1,466,256
4498,1,459,260
4499,1,451,264
4500,1,444,270
4501,1,433,283
4502,1,425,292
4503,1,420,302
4504,1,414,309
4505,1,408,319
4506,1,401,336
4507,1,399,292
4508,1,401,272
4509,1,401,255
4510,1,401,243
4511,1,401,234
4512,1,401,219
4513,1,401,215
4514,1,403,211
4515,1,403,209
4516,1,405,209
4517,1,405,209
4518,1,405,211
4519,1,406,213
4520,1,406,215
4521,1,408,219
4522,1,382,255
4523,1,373,270
4524,1,365,285
4525,1,356,302
4526,1,346,319
4527,1,341,336
4528,1,331,358
4529,1,343,334
4530,1,356,313
4531,1,360,302
4532,1,365,294
4533,1,375,283
4534,1,378,279
4535,1,380,279
4536,1,384,279
4537,1,386,279
4538,1,390,283
4539,1,393,285
4540,1,395,290
4541,1,397,294
4542,1,399,300
4543,1,403,311
4544,1,405,319
4545,1,406,326
4546,1,406,332
4547,1,408,340
4548,0,0,0
4549,0,0,0
4550,1,401,294
4551,1,397,273
4552,1,395,256
4553,1,393,238
4554,1,390,211
4555,1,386,196
4556,1,384,187
4557,1,382,177
4558,1,380,168
4559,1,376,156
4560,1,375,153
4561,1,373,149
4562,1,371,147
4563,1,369,147
4564,1,363,153
4565,1,361,158
4566,1,360,164
4567,1,356,173
4568,1,354,185
4569,1,352,196
4570,1,360,179
4571,1,360,164
4572,1,363,156
4573,1,365,151
4574,1,367,149
4575,1,369,149
4576,1,371,149
4577,1,371,151
4578,1,373,153
4579,1,375,154
4580,1,376,162
4581,1,376,166
4582,1,378,170
4583,1,378,175
4584,1,378,181
4585,1,382,192
4586,1,382,198
4587,1,382,205
4588,1,384,211
4589,1,386,219
4590,1,386,226
4591,1,386,238
4592,1,375,219
4593,1,369,205
4594,1,363,196
4595,1,358,187
4596,1,348,173
4597,1,345,170
4598,1,339,166
4599,1,335,164
4600,1,331,162
4601,1,322,164
4602,1,318,168
4603,1,315,171
4604,1,311,177
4605,1,305,185
4606,1,298,204
4607,1,294,215
4608,1,346,217
4609,1,384,213
4610,1,410,217
4611,1,431,219
4612,1,463,226
4613,1,476,232
4614,1,485,236
4615,1,495,241
4616,1,504,247
4617,1,517,258
4618,1,523,264
4619,1,528,272
4620,1,534,279
4621,1,538,285
4622,1,547,302
4623,1,551,309
4624,0,0,0
4625,1,558,328
4626,1,560,338
4627,0,0,0
4628,1,583,290
4629,1,592,270
4630,1,600,251
4631,1,607,234
4632,1,615,221
4633,1,630,196
4634,1,635,185
4635,1,643,177
4636,1,648,168
4637,1,656,162
4638,1,669,154
4639,1,676,153
4640,1,682,153
4641,1,690,154
4642,1,697,156
4643,1,710,166
4644,1,716,173
4645,1,721,183
4646,1,695,192
4647,1,678,192
4648,1,661,207
4649,1,654,211
4650,1,648,217
4651,1,645,222
4652,1,641,228
4653,1,637,236
4654,1,633,247
4655,1,630,255
4656,1,630,262
4657,1,628,268
4658,1,626,277
4659,1,624,292
4660,1,622,302
4661,1,622,309
4662,0,0,0
4663,0,0,0
4664,0,0,0
4665,0,0,0
4666,0,0,0
4667,1,631,294
4668,1,637,268
4669,1,646,230
4670,1,650,213
4671,1,652,200
4672,1,656,187
4673,1,660,175
4674,1,663,166
4675,1,671,151
4676,1,675,143
4677,1,678,139
4678,1,682,136
4679,1,686,134
4680,1,691,136
4681,1,695,137
4682,1,699,141
4683,1,701,149
4684,1,705,156
4685,1,710,177
4686,1,712,187
4687,1,667,226
4688,1,650,241
4689,1,639,251
4690,1,626,266
4691,1,620,272
4692,1,616,277
4693,1,613,283
4694,1,611,290
4695,1,607,296
4696,1,603,309
4697,1,601,317
4698,0,0,0
4699,1,600,330
4700,1,600,336
4701,1,575,298
4702,1,566,289
4703,1,555,277
4704,1,547,268
4705,1,538,258
4706,1,521,245
4707,1,513,239
4708,1,506,238
4709,1,498,234
4710,1,491,232
4711,1,476,232
4712,1,468,234
4713,1,463,238
4714,1,455,241
4715,1,450,245
4716,1,442,253
4717,1,431,268
4718,1,423,275
4719,1,420,285
4720,1,412,298
4721,1,408,307
4722,1,397,336
4723,1,390,338
4724,1,388,315
4725,1,382,306
4726,1,380,294
4727,1,376,277
4728,1,375,272
4729,1,375,268
4730,1,376,266
4731,1,376,266
4732,1,376,266
4733,1,375,268
4734,1,375,272
4735,1,375,275
4736,1,375,279
4737,1,375,285
4738,1,375,298
4739,1,375,304
4740,1,375,311
4741,0,0,0
4742,0,0,0
4743,0,0,0
4744,1,376,357
4745,1,373,338
4746,0,0,0
4747,1,361,272
4748,1,352,221
4749,1,346,200
4750,1,343,179
4751,1,339,162
4752,1,337,147
4753,1,330,119
4754,1,326,105
4755,1,322,94
4756,1,318,85
4757,1,316,77
4758,1,313,71
4759,1,307,62
4760,1,303,58
4761,1,300,58
4762,1,296,58
4763,1,292,62
4764,1,285,69
4765,1,281,79
4766,1,277,86
4767,1,271,98
4768,1,268,109
4769,1,262,139
4770,1,256,158
4771,1,255,177
4772,1,251,200
4773,1,247,219
4774,1,296,224
4775,1,311,224
4776,1,320,226
4777,1,330,226
4778,1,335,230
4779,1,341,234
4780,1,348,241
4781,1,352,245
4782,1,356,251
4783,1,358,256
4784,1,361,262
4785,1,365,273
4786,1,367,281
4787,1,369,289
4788,1,371,296
4789,1,373,304
4790,1,376,311
4791,1,373,300
4792,1,369,287
4793,1,369,275
4794,1,369,268
4795,1,369,251
4796,1,367,245
4797,1,365,241
4798,1,363,238
4799,1,363,236
4800,1,361,234
4801,1,361,234
4802,1,360,234
4803,1,360,234
4804,1,360,238
4805,1,358,241
4806,1,356,253
4807,1,354,258
4808,1,354,266
4809,1,352,275
4810,1,352,283
4811,1,352,306
4812,1,350,317
4813,1,354,247
4814,1,358,202
4815,1,360,166
4816,1,361,111
4817,1,363,90
4818,1,365,71
4819,1,367,56
4820,1,367,43
4821,1,369,34
4822,1,371,15
4823,1,373,9
4824,1,375,3
4825,1,375,1
4826,0,0,0
4827,0,0,0
4828,0,0,0
4829,0,0,0
4830,0,0,0
4831,0,0,0
4832,0,0,0
4833,0,0,0
4834,1,384,3
4835,1,386,9
4836,1,386,13
4837,1,388,26
4838,0,0,0
4839,0,0,0
4840,1,390,49
4841,0,0,0
4842,1,391,68
4843,0,0,0
4844,1,393,94
4845,1,395,102
4846,1,395,113
4847,1,397,124
4848,1,397,143
4849,1,399,154
4850,1,399,166
4851,1,401,177
4852,1,401,188
4853,1,401,211
4854,1,388,234
4855,1,361,262
4856,1,339,285
4857,1,324,294
4858,1,296,315
4859,1,283,328
4860,1,271,340
4861,1,260,355
4862,1,247,370
4863,1,234,387
4864,1,210,425
4865,1,200,445
4866,1,185,472
4867,1,176,487
4868,1,166,491
4869,0,0,0
4870,0,0,0
4871,0,0,0
4872,0,0,0
4873,0,0,0
4874,0,0,0
4875,0,0,0
4876,0,0,0
4877,0,0,0
4878,0,0,0
4879,0,0,0
4880,0,0,0
4881,0,0,0
4882,0,0,0
4883,0,0,0
4884,0,0,0
4885,0,0,0
4886,0,0,0
4887,0,0,0
4888,0,0,0
4889,0,0,0
4890,0,0,0
4891,0,0,0
4892,0,0,0
4893,0,0,0
4894,0,0,0
4895,0,0,0
4896,0,0,0
4897,0,0,0
4898,0,0,0
4899,0,0,0
4900,0,0,0
4901,0,0,0
4902,0,0,0
4903,1,515,302
4904,1,521,292
4905,1,525,287
4906,1,532,283
4907,1,538,281
4908,1,543,279
4909,1,547,279
4910,1,551,281
4911,1,560,289
4912,1,564,292
4913,1,570,298
4914,1,573,306
4915,1,577,313
4916,1,536,256
4917,1,517,238
4918,1,502,221
4919,1,491,207
4920,1,481,198
4921,1,468,187
4922,1,461,181
4923,1,455,179
4924,1,451,177
4925,1,448,177
4926,1,442,177
4927,1,436,179
4928,1,435,181
4929,1,431,185
4930,1,429,188
4931,1,427,192
4932,1,423,202
4933,1,423,207
4934,1,421,213
4935,1,420,219
4936,1,420,226
4937,1,405,245
4938,1,390,255
4939,1,375,262
4940,1,363,272
4941,1,352,281
4942,1,330,302
4943,1,320,313
4944,1,309,328
4945,1,300,341
4946,1,292,353
4947,1,313,313
4948,1,333,279
4949,1,337,270
4950,1,345,262
4951,1,348,256
4952,1,352,255
4953,1,360,253
4954,1,361,253
4955,1,365,253
4956,1,367,256
4957,1,371,258
4958,1,375,266
4959,1,376,270
4960,1,378,275
4961,1,380,281
4962,1,384,290
4963,1,384,298
4964,1,373,283
4965,1,367,273
4966,1,358,270
4967,1,352,264
4968,1,345,260
4969,1,330,255
4970,1,322,253
4971,1,316,255
4972,1,309,256
4973,1,301,258
4974,1,288,270
4975,1,283,277
4976,1,303,238
4977,1,320,215
4978,1,330,198
4979,1,346,179
4980,1,354,173
4981,1,358,170
4982,1,363,168
4983,1,367,166
4984,1,375,166
4985,1,376,166
4986,1,380,170
4987,1,382,171
4988,1,386,173
4989,1,388,177
4990,1,393,185
4991,1,395,190
4992,1,397,196
4993,1,399,202
4994,1,401,207
4995,1,405,222
4996,1,406,228
4997,1,408,236
4998,1,408,245
4999,1,401,247
5000,1,390,255
5001,1,384,260
5002,1,378,266
5003,1,375,272
5004,1,371,279
5005,1,361,294
5006,1,358,306
5007,1,352,317
5008,1,348,328
5009,1,346,341
5010,1,358,334
5011,1,384,302
5012,1,395,294
5013,1,405,289
5014,1,410,285
5015,1,416,281
5016,1,427,279
5017,1,433,279
5018,1,438,281
5019,1,442,285
5020,1,446,287
5021,1,453,294
5022,0,0,0
5023,0,0,0
5024,0,0,0
5025,0,0,0
5026,1,463,309
5027,1,459,302
5028,1,455,290
5029,1,453,283
5030,1,450,275
5031,1,450,270
5032,1,446,260
5033,1,442,256
5034,1,438,255
5035,1,436,255
5036,1,435,255
5037,1,429,258
5038,1,427,260
5039,1,423,264
5040,1,421,270
5041,1,420,277
5042,1,416,290
5043,1,412,300
5044,1,412,309
5045,1,408,319
5046,1,408,332
5047,1,431,230
5048,1,438,194
5049,1,446,168
5050,1,451,145
5051,1,457,124
5052,1,461,109
5053,1,468,86
5054,1,474,77
5055,1,478,68
5056,1,480,64
5057,0,0,0
5058,0,0,0
5059,0,0,0
5060,0,0,0
5061,0,0,0
5062,0,0,0
5063,0,0,0
5064,0,0,0
5065,0,0,0
5066,0,0,0
5067,0,0,0
5068,1,517,71
5069,0,0,0
5070,0,0,0
5071,1,525,90
5072,1,526,98
5073,1,528,105
5074,1,532,120
5075,1,534,128
5076,1,536,137
5077,1,536,147
5078,1,538,156
5079,1,541,175
5080,1,543,185
5081,1,545,196
5082,1,545,205
5083,1,547,215
5084,1,511,236
5085,1,493,245
5086,1,476,253
5087,1,459,260
5088,1,446,270
5089,1,418,290
5090,1,406,300
5091,1,393,311
5092,1,380,324
5093,1,369,340
5094,1,358,355
5095,1,335,389
5096,1,324,406
5097,1,326,372
5098,1,335,340
5099,1,341,317
5100,1,348,292
5101,1,352,283
5102,1,356,275
5103,1,358,270
5104,1,360,264
5105,1,365,260
5106,1,367,260
5107,1,369,262
5108,1,371,262
5109,1,373,266
5110,1,376,272
5111,1,378,275
5112,1,380,281
5113,1,382,289
5114,1,384,294
5115,1,386,302
5116,1,390,315
5117,1,390,323
5118,1,391,330
5119,1,380,307
5120,1,371,290
5121,1,352,260
5122,1,345,249
5123,1,337,238
5124,1,330,226
5125,1,322,219
5126,1,307,207
5127,1,300,202
5128,1,292,198
5129,1,286,196
5130,1,279,196
5131,1,266,200
5132,1,258,204
5133,1,251,207
5134,1,243,215
5135,1,236,222
5136,1,228,234
5137,1,217,256
5138,1,208,273
5139,1,200,290
5140,1,195,304
5141,1,260,243
5142,1,301,202
5143,1,313,192
5144,1,322,185
5145,1,330,181
5146,1,337,179
5147,1,348,177
5148,1,352,177
5149,1,356,179
5150,1,360,181
5151,1,363,183
5152,1,369,188
5153,1,371,192
5154,1,375,196
5155,1,376,202
5156,1,378,207
5157,1,382,213
5158,1,386,224
5159,1,388,230
5160,1,390,238
5161,1,391,245
5162,1,393,253
5163,1,397,268
5164,1,401,275
5165,1,401,283
5166,0,0,0
5167,0,0,0
5168,0,0,0
5169,0,0,0
5170,0,0,0
5171,0,0,0
5172,0,0,0
5173,0,0,0
5174,0,0,0
5175,0,0,0
5176,0,0,0
5177,0,0,0
5178,0,0,0
5179,0,0,0
5180,0,0,0
5181,0,0,0
5182,0,0,0
5183,0,0,0
5184,0,0,0
5185,0,0,0
5186,0,0,0
5187,0,0,0
5188,0,0,0
5189,0,0,0
5190,0,0,0
5191,0,0,0
5192,0,0,0
5193,0,0,0
5194,0,0,0
5195,0,0,0
5196,0,0,0
5197,0,0,0
5198,0,0,0
5199,0,0,0
5200,0,0,0
5201,0,0,0
5202,0,0,0
5203,0,0,0
5204,0,0,0
5205,0,0,0
5206,0,0,0
5207,0,0,0
5208,0,0,0
5209,0,0,0
5210,0,0,0
5211,0,0,0
5212,0,0,0
5213,0,0,0
5214,0,0,0
5215,0,0,0
5216,0,0,0
5217,0,0,0
5218,0,0,0
5219,0,0,0
5220,0,0,0
5221,0,0,0
5222,0,0,0
5223,0,0,0
5224,0,0,0
5225,0,0,0
5226,1,495,290
5227,1,491,283
5228,1,483,277
5229,1,480,273
5230,1,474,270
5231,1,465,266
5232,1,459,266
5233,1,455,266
5234,1,450,268
5235,1,446,270
5236,1,435,279
5237,1,431,285
5238,1,427,292
5239,0,0,0
5240,0,0,0
5241,0,0,0
5242,0,0,0
5243,0,0,0
5244,1,438,307
5245,1,451,298
5246,1,459,290
5247,1,474,277
5248,1,483,273
5249,1,491,272
5250,1,498,270
5251,1,504,270
5252,1,517,272
5253,1,523,275
5254,1,528,279
5255,1,532,283
5256,1,538,290
5257,1,547,302
5258,1,551,309
5259,1,555,317
5260,1,558,326
5261,1,562,336
5262,0,0,0
5263,1,526,204
5264,1,515,166
5265,1,506,134
5266,1,495,103
5267,1,485,77
5268,1,468,26
5269,1,461,7
5270,0,0,0
5271,0,0,0
5272,0,0,0
5273,0,0,0
5274,0,0,0
5275,0,0,0
5276,0,0,0
5277,0,0,0
5278,0,0,0
5279,0,0,0
5280,0,0,0
5281,0,0,0
5282,0,0,0
5283,0,0,0
5284,0,0,0
5285,0,0,0
5286,0,0,0
5287,0,0,0
5288,0,0,0
5289,0,0,0
5290,0,0,0
5291,0,0,0
5292,1,271,17
5293,1,266,37
5294,1,255,85
5295,1,249,111
5296,1,245,137
5297,1,240,166
5298,1,238,194
5299,1,288,226
5300,1,307,232
5301,1,320,236
5302,1,331,241
5303,1,339,245
5304,1,345,249
5305,1,356,258
5306,1,360,264
5307,1,363,268
5308,1,367,273
5309,1,371,279
5310,1,375,292
5311,0,0,0
5312,0,0,0
5313,0,0,0
5314,1,408,285
5315,1,431,268
5316,1,442,260
5317,1,453,256
5318,1,466,251
5319,1,476,249
5320,1,496,245
5321,1,508,245
5322,1,517,247
5323,1,526,249
5324,1,536,253
5325,1,543,256
5326,1,562,268
5327,1,570,275
5328,1,579,283
5329,1,586,292
5330,1,594,304
5331,1,603,309
5332,1,600,294
5333,1,594,283
5334,1,590,275
5335,1,586,268
5336,1,581,264
5337,1,577,262
5338,1,575,260
5339,1,573,260
5340,1,571,260
5341,1,568,264
5342,1,566,268
5343,1,562,272
5344,1,560,277
5345,1,558,283
5346,1,558,289
5347,0,0,0
5348,0,0,0
5349,0,0,0
5350,0,0,0
5351,0,0,0
5352,1,564,188
5353,1,566,147
5354,1,570,109
5355,1,571,75
5356,1,573,49
5357,0,0,0
5358,0,0,0
5359,0,0,0
5360,0,0,0
5361,0,0,0
5362,0,0,0
5363,0,0,0
5364,0,0,0
5365,0,0,0
5366,0,0,0
5367,0,0,0
5368,0,0,0
5369,0,0,0
5370,0,0,0
5371,0,0,0
5372,0,0,0
5373,0,0,0
5374,0,0,0
5375,0,0,0
5376,0,0,0
5377,0,0,0
5378,0,0,0
5379,0,0,0
5380,0,0,0
5381,0,0,0
5382,0,0,0
5383,0,0,0
5384,0,0,0
5385,0,0,0
5386,1,645,9
5387,1,646,32
5388,1,648,58
5389,1,654,111
5390,0,0,0
5391,1,620,245
5392,1,613,270
5393,1,607,287
5394,1,603,309
5395,1,601,317
5396,0,0,0
5397,1,600,334
5398,1,598,340
5399,1,596,353
5400,1,598,353
5401,1,598,351
5402,0,0,0
5403,0,0,0
5404,0,0,0
5405,0,0,0
5406,0,0,0
5407,0,0,0
5408,0,0,0
5409,0,0,0
5410,0,0,0
5411,0,0,0
5412,0,0,0
5413,0,0,0
5414,0,0,0
5415,0,0,0
5416,0,0,0
5417,0,0,0
5418,0,0,0
5419,0,0,0
5420,0,0,0
5421,0,0,0
5422,0,0,0
5423,0,0,0
5424,0,0,0
5425,0,0,0
5426,0,0,0
5427,0,0,0
5428,0,0,0
5429,0,0,0
5430,0,0,0
5431,0,0,0
5432,0,0,0
5433,0,0,0
5434,0,0,0
5435,0,0,0
5436,1,693,315
5437,1,695,321
5438,1,697,328
5439,1,699,338
5440,0,0,0
5441,0,0,0
5442,0,0,0
5443,0,0,0
5444,0,0,0
5445,0,0,0
5446,0,0,0
5447,0,0,0
5448,0,0,0
5449,0,0,0
5450,0,0,0
5451,0,0,0
5452,1,521,300
5453,1,528,290
5454,1,538,283
5455,1,543,279
5456,1,551,275
5457,1,564,272
5458,1,570,272
5459,1,577,272
5460,1,583,272
5461,1,590,275
5462,1,601,283
5463,1,607,289
5464,1,613,296
5465,1,618,304
5466,1,624,313
5467,1,631,319
5468,1,626,306
5469,1,624,298
5470,1,622,290
5471,1,620,283
5472,1,618,277
5473,1,615,275
5474,1,615,277
5475,1,611,279
5476,1,611,281
5477,1,609,283
5478,1,607,290
5479,1,607,298
5480,1,605,304
5481,1,605,309
5482,1,603,319
5483,1,603,336
5484,1,603,343
5485,0,0,0
5486,0,0,0
5487,1,571,258
5488,1,551,200
5489,1,543,175
5490,1,534,151
5491,1,526,132
5492,1,517,113
5493,1,511,96
5494,1,496,66
5495,1,489,54
5496,1,483,43
5497,1,476,34
5498,1,468,24
5499,1,455,13
5500,1,448,9
5501,1,440,7
5502,1,433,5
5503,1,425,7
5504,1,412,13
5505,1,405,18
5506,1,397,26
5507,1,390,35
5508,1,382,47
5509,1,369,75
5510,1,363,90
5511,1,356,109
5512,1,350,128
5513,1,343,151
5514,1,339,170
5515,0,0,0
5516,1,410,219
5517,1,446,219
5518,1,470,221
5519,1,491,222
5520,1,519,228
5521,1,530,232
5522,1,540,238
5523,1,547,241
5524,1,555,247
5525,1,566,258
5526,1,571,264
5527,1,575,272
5528,1,581,277
5529,1,583,283
5530,1,590,300
5531,1,594,307
5532,1,601,292
5533,1,605,273
5534,1,611,264
5535,1,616,251
5536,1,626,232
5537,1,630,224
5538,1,635,217
5539,1,639,211
5540,1,645,207
5541,1,652,204
5542,1,658,204
5543,1,661,205
5544,1,667,209
5545,1,669,213
5546,1,630,234
5547,1,613,241
5548,1,603,249
5549,1,598,253
5550,1,592,258
5551,1,585,268
5552,1,583,272
5553,1,581,277
5554,1,577,283
5555,1,570,277
5556,1,568,272
5557,1,555,262
5558,1,551,260
5559,1,545,260
5560,1,541,260
5561,1,536,260
5562,1,526,266
5563,1,523,270
5564,1,519,275
5565,1,513,281
5566,1,510,289
5567,0,0,0
5568,0,0,0
5569,1,476,300
5570,1,466,290
5571,1,459,283
5572,1,442,279
5573,1,435,279
5574,1,429,279
5575,1,423,279
5576,1,418,281
5577,1,412,285
5578,1,405,292
5579,1,401,296
5580,1,399,302
5581,1,395,309
5582,1,391,315
5583,0,0,0
5584,1,386,338
5585,1,401,307
5586,1,414,279
5587,1,427,253
5588,1,450,209
5589,1,459,190
5590,1,470,173
5591,1,480,156
5592,1,489,143
5593,1,508,120
5594,1,517,111
5595,1,526,103
5596,1,534,96
5597,1,543,90
5598,1,553,88
5599,1,571,83
5600,1,581,83
5601,1,590,86
5602,1,600,88
5603,1,609,94
5604,1,628,109
5605,1,637,120
5606,1,646,132
5607,1,656,147
5608,1,663,160
5609,1,630,149
5610,1,611,136
5611,1,600,128
5612,1,590,124
5613,1,585,120
5614,1,577,120
5615,1,573,122
5616,1,570,124
5617,1,568,126
5618,1,566,130
5619,1,564,134
5620,1,562,141
5621,1,562,147
5622,1,562,151
5623,1,560,156
5624,1,560,162
5625,1,560,175
5626,1,560,181
5627,1,560,188
5628,1,560,196
5629,1,560,204
5630,1,560,219
5631,1,547,228
5632,1,528,234
5633,1,511,238
5634,1,496,243
5635,1,470,255
5636,1,457,262
5637,1,446,272
5638,1,435,279
5639,1,423,290
5640,1,414,300
5641,1,397,319
5642,1,382,338
5643,1,373,353
5644,1,365,364
5645,1,363,334
5646,1,369,292
5647,1,371,283
5648,1,371,275
5649,1,371,270
5650,1,371,264
5651,1,373,258
5652,1,375,258
5653,1,375,258
5654,1,375,258
5655,1,376,260
5656,1,376,266
5657,1,378,272
5658,1,378,275
5659,1,378,281
5660,1,380,289
5661,1,380,294
5662,1,382,309
5663,1,384,317
5664,0,0,0
5665,1,384,334
5666,1,384,340
5667,1,378,307
5668,1,378,298
5669,1,378,289
5670,1,378,277
5671,1,376,270
5672,1,373,258
5673,1,371,253
5674,1,369,249
5675,1,367,247
5676,1,365,245
5677,1,363,245
5678,1,363,245
5679,1,361,247
5680,1,360,251
5681,1,358,255
5682,1,356,260
5683,1,354,275
5684,1,352,283
5685,1,350,292
5686,1,348,302
5687,1,348,315
5688,1,380,247
5689,1,397,219
5690,1,410,196
5691,1,421,179
5692,1,431,164
5693,1,446,143
5694,1,453,136
5695,1,459,130
5696,1,465,124
5697,1,470,120
5698,1,480,117
5699,1,483,115
5700,1,487,115
5701,1,493,117
5702,1,496,117
5703,1,500,119
5704,1,506,124
5705,1,510,128
5706,1,513,132
5707,1,517,139
5708,1,521,143
5709,1,526,156
5710,1,528,164
5711,1,532,170
5712,1,534,177
5713,1,536,185
5714,1,540,204
5715,1,543,211
5716,1,545,221
5717,1,547,230
5718,1,549,238
5719,1,551,258
5720,1,556,264
5721,1,560,258
5722,1,566,256
5723,1,570,256
5724,1,575,256
5725,1,581,258
5726,1,585,262
5727,1,588,266
5728,1,592,270
5729,1,594,277
5730,1,600,290
5731,1,603,302
5732,1,605,309
5733,1,609,323
5734,1,611,336
5735,0,0,0
5736,1,573,290
5737,1,562,277
5738,1,553,272
5739,1,545,268
5740,1,532,260
5741,1,525,260
5742,1,521,258
5743,1,515,260
5744,1,511,260
5745,1,506,264
5746,1,500,272
5747,1,498,275
5748,1,495,281
5749,1,493,287
5750,1,489,292
5751,1,476,292
5752,1,468,285
5753,1,463,279
5754,1,451,275
5755,1,446,272
5756,1,436,266
5757,1,433,264
5758,1,427,264
5759,1,421,266
5760,1,416,270
5761,1,406,277
5762,1,401,283
5763,1,397,290
5764,1,393,298
5765,1,388,307
5766,1,384,315
5767,1,376,336
5768,1,401,290
5769,1,416,258
5770,1,429,238
5771,1,440,219
5772,1,457,194
5773,1,463,185
5774,1,468,179
5775,1,474,173
5776,1,480,170
5777,1,489,164
5778,1,493,162
5779,1,496,162
5780,1,500,162
5781,1,504,164
5782,1,510,168
5783,1,513,171
5784,1,517,175
5785,1,519,179
5786,1,523,185
5787,1,525,188
5788,1,530,200
5789,1,532,207
5790,1,536,215
5791,1,541,217
5792,1,553,198
5793,1,571,175
5794,1,581,166
5795,1,588,158
5796,1,594,151
5797,1,601,147
5798,1,615,141
5799,1,622,139
5800,1,628,139
5801,1,633,141
5802,1,641,143
5803,1,654,153
5804,1,660,160
5805,1,667,170
5806,1,673,179
5807,1,678,190
5808,1,684,204
5809,1,650,230
5810,1,641,238
5811,1,633,243
5812,1,628,249
5813,1,624,253
5814,1,616,262
5815,1,615,268
5816,1,611,273
5817,1,611,279
5818,1,607,283
5819,1,605,298
5820,1,603,304
5821,1,603,311
5822,1,603,319
5823,1,603,326
5824,0,0,0
5825,0,0,0
5826,0,0,0
5827,1,615,298
5828,1,616,292
5829,1,620,287
5830,1,626,277
5831,1,630,273
5832,1,631,272
5833,1,635,272
5834,1,637,272
5835,1,643,273
5836,1,645,275
5837,1,648,281
5838,1,650,287
5839,1,652,294
5840,1,656,309
5841,1,658,321
5842,1,660,330
5843,1,615,275
5844,1,583,241
5845,1,543,200
5846,1,526,185
5847,1,513,173
5848,1,502,164
5849,1,493,156
5850,1,485,151
5851,1,472,145
5852,1,466,143
5853,1,461,143
5854,1,457,143
5855,1,451,143
5856,1,446,147
5857,1,442,149
5858,1,438,153
5859,1,435,156
5860,1,433,162
5861,1,429,171
5862,1,427,177
5863,1,425,185
5864,1,423,190
5865,1,421,198
5866,1,420,213
5867,1,418,222
5868,1,418,230
5869,1,416,239
5870,1,416,249
5871,1,414,255
5872,1,406,228
5873,1,405,219
5874,1,401,211
5875,1,399,205
5876,1,397,200
5877,1,391,194
5878,1,390,192
5879,1,388,192
5880,1,384,192
5881,1,382,196
5882,1,378,205
5883,1,420,215
5884,1,446,215
5885,1,470,224
5886,1,489,232
5887,1,517,245
5888,1,528,251
5889,1,540,258
5890,1,549,266
5891,1,556,273
5892,1,564,279
5893,1,577,296
5894,1,581,304
5895,1,586,311
5896,1,592,321
5897,1,596,330
5898,1,603,347
5899,1,607,358
5900,1,611,366
5901,1,611,366
5902,1,613,362
5903,1,615,360
5904,1,615,360
5905,1,616,362
5906,1,616,362
5907,1,616,364
5908,1,618,364
5909,1,618,366
5910,1,618,366
5911,1,618,366
5912,1,618,366
5913,1,620,368
5914,1,618,368
5915,1,618,368
5916,1,618,368
5917,1,618,368
5918,1,618,368
5919,1,620,368
5920,1,620,368
5921,1,620,368
5922,1,620,368
5923,1,620,368
5924,0,0,0
5925,0,0,0
5926,0,0,0
5927,0,0,0
5928,0,0,0
5929,0,0,0
5930,0,0,0
5931,0,0,0
5932,0,0,0
5933,0,0,0
5934,0,0,0
5935,1,510,338
5936,1,511,336
5937,1,511,334
5938,1,513,326
5939,1,517,315
5940,1,517,294
5941,1,517,287
5942,1,519,277
5943,1,519,273
5944,1,517,273
5945,1,517,272
5946,1,519,272
5947,1,519,272
5948,1,519,275
5949,1,519,279
5950,1,521,287
5951,1,521,292
5952,1,521,298
5953,1,521,306
5954,0,0,0
5955,1,500,290
5956,1,480,277
5957,1,470,272
5958,1,463,266
5959,1,457,262
5960,1,451,260
5961,1,436,258
5962,1,429,260
5963,1,421,264
5964,1,416,266
5965,1,408,272
5966,1,395,283
5967,1,390,290
5968,1,384,298
5969,1,378,306
5970,1,373,315
5971,1,373,306
5972,1,378,294
5973,1,380,287
5974,1,384,281
5975,1,384,279
5976,1,388,275
5977,1,391,272
5978,1,393,272
5979,1,397,272
5980,1,399,273
5981,1,401,275
5982,1,406,283
5983,1,408,290
5984,1,410,294
5985,1,412,302
5986,1,412,307
5987,0,0,0
5988,1,427,304
5989,1,435,262
5990,1,446,226
5991,1,457,194
5992,1,476,139
5993,1,483,117
5994,1,491,94
5995,1,498,75
5996,1,506,58
5997,1,515,41
5998,1,530,13
5999,1,538,3
6000,0,0,0
6001,0,0,0
6002,0,0,0
6003,0,0,0
6004,0,0,0
6005,0,0,0
6006,0,0,0
6007,0,0,0
6008,0,0,0
6009,0,0,0
6010,0,0,0
6011,0,0,0
6012,0,0,0
6013,1,652,18
6014,1,658,34
6015,1,663,49
6016,1,669,68
6017,1,676,86
6018,1,682,107
6019,1,650,194
6020,1,622,236
6021,1,607,256
6022,1,600,268
6023,1,594,279
6024,1,586,294
6025,1,583,300
6026,1,581,306
6027,1,579,311
6028,1,586,298
6029,1,590,277
6030,1,596,268
6031,1,600,260
6032,1,603,255
6033,1,605,251
6034,1,613,243
6035,1,616,241
6036,1,618,241
6037,1,622,241
6038,1,626,241
6039,1,630,245
6040,1,635,253
6041,1,637,258
6042,1,641,266
6043,1,643,273
6044,1,645,283
6045,1,650,304
6046,1,652,315
6047,0,0,0
6048,1,628,300
6049,1,611,289
6050,1,592,272
6051,1,585,264
6052,1,579,258
6053,1,573,256
6054,1,568,256
6055,1,558,258
6056,1,553,260
6057,1,547,264
6058,1,543,268
6059,1,540,272
6060,1,536,275
6061,1,530,289
6062,1,528,294
6063,1,526,302
6064,1,525,309
6065,1,523,319
6066,1,511,296
6067,1,506,272
6068,1,495,253
6069,1,489,234
6070,1,481,219
6071,1,468,192
6072,1,463,179
6073,1,457,170
6074,1,450,160
6075,1,444,153
6076,1,433,141
6077,1,425,137
6078,1,420,136
6079,1,414,134
6080,1,408,136
6081,1,401,137
6082,1,390,145
6083,1,382,153
6084,1,376,162
6085,1,373,170
6086,1,468,228
6087,1,521,260
6088,1,534,270
6089,1,543,279
6090,1,551,285
6091,1,558,292
6092,1,570,306
6093,1,573,311
6094,1,579,317
6095,1,583,324
6096,0,0,0
6097,1,596,306
6098,1,600,300
6099,1,603,294
6100,1,607,290
6101,1,611,287
6102,1,615,283
6103,1,622,281
6104,1,624,281
6105,1,628,283
6106,1,630,283
6107,1,631,283
6108,1,633,283
6109,1,633,287
6110,1,633,290
6111,1,633,294
6112,1,635,298
6113,1,637,309
6114,1,637,315
6115,1,637,321
6116,1,637,330
6117,1,637,340
6118,1,637,360
6119,1,639,368
6120,0,0,0
6121,0,0,0
6122,0,0,0
6123,0,0,0
6124,0,0,0
6125,0,0,0
6126,0,0,0
6127,0,0,0
6128,0,0,0
6129,0,0,0
6130,0,0,0
6131,0,0,0
6132,0,0,0
6133,0,0,0
6134,0,0,0
6135,0,0,0
6136,0,0,0
6137,0,0,0
6138,0,0,0
6139,0,0,0
6140,0,0,0
6141,0,0,0
6142,0,0,0
6143,0,0,0
6144,0,0,0
6145,0,0,0
6146,0,0,0
6147,0,0,0
6148,0,0,0
6149,0,0,0
6150,0,0,0
6151,0,0,0
6152,0,0,0
6153,0,0,0
6154,0,0,0
6155,0,0,0
6156,0,0,0
6157,0,0,0
6158,0,0,0
6159,0,0,0
6160,0,0,0
6161,0,0,0
6162,0,0,0
6163,0,0,0
6164,0,0,0
6165,1,498,292
6166,1,489,279
6167,1,483,279
6168,1,478,277
6169,1,474,277
6170,1,472,277
6171,1,466,281
6172,1,463,285
6173,1,461,289
6174,1,459,294
6175,1,457,300
6176,1,453,311
6177,1,451,319
6178,1,451,324
6179,0,0,0
6180,1,442,285
6181,1,431,234
6182,1,427,213
6183,1,423,194
6184,1,420,177
6185,1,418,162
6186,1,414,147
6187,1,406,122
6188,1,403,113
6189,1,401,103
6190,1,397,96
6191,1,393,90
6192,1,386,83
6193,1,384,79
6194,1,380,79
6195,1,376,79
6196,1,371,83
6197,1,363,94
6198,1,358,103
6199,1,354,113
6200,1,348,126
6201,1,345,139
6202,1,337,173
6203,1,331,194
6204,1,328,217
6205,1,335,236
6206,1,345,239
6207,1,352,245
6208,1,358,253
6209,1,360,258
6210,1,363,264
6211,1,365,268
6212,1,367,273
6213,1,369,285
6214,1,371,290
6215,1,371,298
6216,1,373,304
6217,1,375,311
6218,0,0,0
6219,1,373,317
6220,1,367,309
6221,1,365,298
6222,1,363,290
6223,1,358,277
6224,1,354,273
6225,1,352,272
6226,1,350,272
6227,1,348,272
6228,1,346,272
6229,1,341,275
6230,1,339,277
6231,1,337,283
6232,1,333,289
6233,1,331,294
6234,1,328,309
6235,1,326,321
6236,1,324,332
6237,1,322,341
6238,1,324,332
6239,1,331,306
6240,1,333,298
6241,1,337,292
6242,1,339,289
6243,1,343,283
6244,1,346,277
6245,1,350,277
6246,1,352,277
6247,1,356,279
6248,1,358,283
6249,1,361,283
6250,1,365,290
6251,1,365,298
6252,1,367,302
6253,1,367,309
6254,1,367,317
6255,1,369,313
6256,1,360,272
6257,1,356,245
6258,1,350,221
6259,1,346,198
6260,1,339,158
6261,1,335,141
6262,1,331,124
6263,1,330,111
6264,1,326,98
6265,1,320,75
6266,1,316,68
6267,1,315,60
6268,1,311,54
6269,1,307,49
6270,1,303,45
6271,1,298,41
6272,1,294,43
6273,1,290,45
6274,1,286,49
6275,1,283,54
6276,1,273,71
6277,1,270,83
6278,1,266,96
6279,1,262,111
6280,1,258,126
6281,1,251,166
6282,1,247,187
6283,1,243,209
6284,1,241,230
6285,1,281,241
6286,1,313,245
6287,1,322,249
6288,1,330,253
6289,1,335,255
6290,1,341,260
6291,1,345,264
6292,1,352,272
6293,1,354,277
6294,1,358,283
6295,1,360,289
6296,1,361,294
6297,1,365,306
6298,1,367,311
6299,1,365,306
6300,1,361,298
6301,1,358,289
6302,1,352,279
6303,1,348,275
6304,1,345,273
6305,1,343,272
6306,1,339,272
6307,1,333,275
6308,1,331,279
6309,1,330,283
6310,1,326,289
6311,1,324,294
6312,1,322,302
6313,1,316,321
6314,1,315,332
6315,1,316,321
6316,1,322,307
6317,1,326,294
6318,1,331,277
6319,1,335,273
6320,1,339,272
6321,1,341,270
6322,1,343,270
6323,1,346,270
6324,1,348,272
6325,1,350,275
6326,1,352,279
6327,1,354,283
6328,1,358,294
6329,1,360,302
6330,1,360,306
6331,1,358,300
6332,1,356,292
6333,1,358,289
6334,1,356,283
6335,1,356,279
6336,1,354,279
6337,1,352,279
6338,1,352,279
6339,1,352,281
6340,1,352,285
6341,1,348,290
6342,1,348,296
6343,1,346,304
6344,1,343,321
6345,1,343,330
6346,1,341,341
6347,1,341,351
6348,1,341,366
6349,1,352,309
6350,1,358,272
6351,1,363,243
6352,1,367,219
6353,1,373,200
6354,1,376,187
6355,1,382,164
6356,1,384,154
6357,1,386,147
6358,1,390,143
6359,1,391,137
6360,1,395,132
6361,1,397,130
6362,1,399,130
6363,1,401,130
6364,1,403,130
6365,1,406,134
6366,1,408,136
6367,1,410,139
6368,1,412,143
6369,1,416,149
6370,1,418,158
6371,1,420,166
6372,1,421,171
6373,1,423,179
6374,1,425,187
6375,1,427,194
6376,1,431,215
6377,1,466,219
6378,1,495,228
6379,1,519,236
6380,1,540,243
6381,1,577,258
6382,1,594,268
6383,1,611,277
6384,1,628,287
6385,1,643,298
6386,1,673,321
6387,1,688,336
6388,1,701,351
6389,1,716,366
6390,1,727,381
6391,1,753,419
6392,1,765,438
6393,1,768,436
6394,1,774,430
6395,1,778,428
6396,1,785,430
6397,1,795,434
6398,1,798,438
6399,1,802,443
6400,1,804,447
6401,1,806,447
6402,1,808,445
6403,1,808,445
6404,1,806,447
6405,1,806,447
6406,1,806,449
6407,0,0,0
6408,0,0,0
6409,0,0,0
6410,0,0,0
6411,0,0,0
6412,0,0,0
6413,0,0,0
6414,0,0,0
6415,0,0,0
6416,0,0,0
6417,0,0,0
6418,0,0,0
6419,0,0,0
6420,0,0,0
6421,0,0,0
6422,1,808,449
6423,0,0,0
6424,0,0,0
6425,0,0,0
6426,0,0,0
6427,0,0,0
6428,0,0,0
6429,0,0,0
6430,0,0,0
6431,0,0,0
6432,0,0,0
6433,1,489,287
6434,1,481,283
6435,1,476,283
6436,1,470,281
6437,1,468,281
6438,1,465,283
6439,1,459,287
6440,1,455,290
6441,1,453,296
6442,1,450,300
6443,1,450,306
6444,1,433,292
6445,1,425,285
6446,1,418,279
6447,1,414,275
6448,1,408,272
6449,1,399,266
6450,1,393,266
6451,1,391,268
6452,1,388,268
6453,1,384,273
6454,1,378,283
6455,1,375,290
6456,1,371,296
6457,1,369,306
6458,1,365,315
6459,1,363,324
6460,1,358,343
6461,1,360,306
6462,1,360,270
6463,1,361,247
6464,1,363,230
6465,1,363,204
6466,1,365,194
6467,1,367,185
6468,1,367,179
6469,1,367,175
6470,1,371,170
6471,1,371,166
6472,1,371,166
6473,1,373,166
6474,1,375,168
6475,1,376,170
6476,1,376,173
6477,1,378,177
6478,1,378,181
6479,1,380,185
6480,1,382,190
6481,1,384,202
6482,1,386,209
6483,1,386,215
6484,1,388,222
6485,1,390,230
6486,1,390,247
6487,1,391,255
6488,1,391,260
6489,1,388,256
6490,1,384,249
6491,1,378,243
6492,1,376,241
6493,1,375,241
6494,1,371,241
6495,1,369,241
6496,1,365,247
6497,1,363,251
6498,1,361,255
6499,1,360,260
6500,1,358,268
6501,1,356,275
6502,1,350,294
6503,1,348,306
6504,1,346,317
6505,1,345,328
6506,1,358,315
6507,1,378,289
6508,1,386,279
6509,1,393,275
6510,1,401,273
6511,1,408,272
6512,1,418,270
6513,1,423,272
6514,1,427,272
6515,1,433,275
6516,1,436,279
6517,1,446,289
6518,1,448,292
6519,1,451,298
6520,1,455,306
6521,1,468,300
6522,0,0,0
6523,1,489,279
6524,1,495,275
6525,1,500,272
6526,1,504,272
6527,1,508,270
6528,1,517,272
6529,1,521,275
6530,1,526,279
6531,1,532,283
6532,1,538,290
6533,1,547,306
6534,1,551,313
6535,1,556,324
6536,1,560,332
6537,1,534,292
6538,1,506,241
6539,1,495,226
6540,1,483,215
6541,1,476,204
6542,1,470,196
6543,1,465,190
6544,1,455,183
6545,1,450,181
6546,1,446,181
6547,1,444,179
6548,1,440,181
6549,1,435,183
6550,1,433,185
6551,1,431,188
6552,1,429,192
6553,1,427,196
6554,1,425,207
6555,1,423,211
6556,1,423,219
6557,1,421,224
6558,1,421,232
6559,1,420,247
6560,1,420,253
6561,1,416,255
6562,1,410,251
6563,1,406,249
6564,1,403,249
6565,1,397,249
6566,1,393,249
6567,1,390,253
6568,1,386,256
6569,1,384,262
6570,1,378,275
6571,1,375,283
6572,1,390,281
6573,1,406,273
6574,1,420,270
6575,1,436,268
6576,1,442,268
6577,1,448,270
6578,1,451,272
6579,1,455,275
6580,1,463,281
6581,1,480,272
6582,1,495,272
6583,1,508,272
6584,1,519,272
6585,1,532,272
6586,1,555,275
6587,1,564,281
6588,1,573,285
6589,1,585,292
6590,1,596,300
6591,1,611,315
6592,1,603,307
6593,1,590,290
6594,1,579,279
6595,1,571,272
6596,1,562,268
6597,1,556,266
6598,1,553,264
6599,1,549,264
6600,1,545,266
6601,1,540,272
6602,1,536,275
6603,1,534,279
6604,1,532,283
6605,1,530,290
6606,1,528,298
6607,1,525,311
6608,0,0,0
6609,0,0,0
6610,0,0,0
6611,0,0,0
6612,1,500,241
6613,1,495,219
6614,1,489,198
6615,1,483,179
6616,1,478,162
6617,1,468,132
6618,1,463,120
6619,1,457,109
6620,1,451,98
6621,1,448,90
6622,1,436,77
6623,1,433,73
6624,1,427,68
6625,1,421,66
6626,1,416,66
6627,1,410,68
6628,1,399,75
6629,1,393,83
6630,1,388,92
6631,1,382,102
6632,1,376,113
6633,1,365,139
6634,0,0,0
6635,0,0,0
6636,0,0,0
6637,0,0,0
6638,0,0,0
6639,0,0,0
6640,0,0,0
6641,0,0,0
6642,0,0,0
6643,1,376,300
6644,1,371,290
6645,1,367,279
6646,1,361,272
6647,1,360,264
6648,1,356,258
6649,1,348,249
6650,1,345,245
6651,1,341,245
6652,1,339,245
6653,1,335,245
6654,1,330,249
6655,1,326,253
6656,1,322,256
6657,1,318,264
6658,1,316,272
6659,1,309,289
6660,1,307,298
6661,1,309,296
6662,1,315,283
6663,1,318,275
6664,1,322,264
6665,1,324,260
6666,1,328,260
6667,1,330,262
6668,1,333,264
6669,1,337,268
6670,1,341,273
6671,1,343,277
6672,1,345,283
6673,1,346,289
6674,1,348,296
6675,1,352,309
6676,1,354,317
6677,1,356,328
6678,1,356,338
6679,1,358,345
6680,1,356,328
6681,1,354,313
6682,1,354,306
6683,1,356,296
6684,1,356,289
6685,1,356,277
6686,1,354,272
6687,1,352,270
6688,1,350,268
6689,1,348,266
6690,1,348,266
6691,1,348,268
6692,1,348,272
6693,1,348,275
6694,1,346,281
6695,1,346,289
6696,1,345,304
6697,1,345,313
6698,1,345,319
6699,1,343,307
6700,1,341,294
6701,1,341,283
6702,1,341,277
6703,1,341,273
6704,1,341,270
6705,1,341,268
6706,1,341,266
6707,1,341,268
6708,1,341,272
6709,1,341,275
6710,1,339,279
6711,1,339,283
6712,1,339,294
6713,1,339,300
6714,1,341,307
6715,1,341,315
6716,1,341,326
6717,1,341,336
6718,1,341,319
6719,1,339,309
6720,1,339,300
6721,1,343,290
6722,1,341,283
6723,1,341,279
6724,1,343,273
6725,1,345,273
6726,1,346,273
6727,1,346,275
6728,1,346,279
6729,1,346,281
6730,1,348,285
6731,1,348,289
6732,1,350,294
6733,1,352,309
6734,1,352,317
6735,1,352,326
6736,1,352,336
6737,1,350,345
6738,0,0,0
6739,1,352,379
6740,1,350,383
6741,1,348,383
6742,1,348,381
6743,1,346,381
6744,1,345,381
6745,1,343,381
6746,1,341,385
6747,1,337,387
6748,1,335,387
6749,1,333,387
6750,1,333,389
6751,1,333,389
6752,1,333,389
6753,1,333,389
6754,1,333,389
6755,1,333,389
6756,1,333,389
6757,1,333,389
6758,1,335,389
6759,1,337,389
6760,0,0,0
6761,0,0,0
6762,0,0,0
6763,0,0,0
6764,0,0,0
6765,0,0,0
6766,0,0,0
6767,0,0,0
6768,0,0,0
6769,0,0,0
6770,1,510,340
6771,1,508,340
6772,0,0,0
6773,0,0,0
6774,0,0,0
6775,0,0,0
6776,0,0,0
6777,0,0,0
6778,1,511,338
6779,1,513,336
6780,0,0,0
6781,0,0,0
6782,0,0,0
6783,0,0,0
6784,1,521,298
6785,1,525,283
6786,1,525,283
6787,1,525,283
6788,1,525,283
6789,1,525,283
6790,1,525,285
6791,1,525,289
6792,1,525,292
6793,1,526,298
6794,1,526,304
6795,1,530,309
6796,1,540,279
6797,1,545,258
6798,1,555,243
6799,1,562,230
6800,1,570,215
6801,1,583,192
6802,1,592,183
6803,1,598,175
6804,1,605,170
6805,1,613,164
6806,1,626,158
6807,1,633,156
6808,1,641,156
6809,1,646,158
6810,1,654,162
6811,1,667,173
6812,1,675,181
6813,1,678,190
6814,1,641,249
6815,1,630,268
6816,1,620,281
6817,1,611,298
6818,1,609,306
6819,1,607,313
6820,1,605,319
6821,1,603,324
6822,1,601,336
6823,1,622,328
6824,1,633,323
6825,1,643,317
6826,1,654,315
6827,1,676,313
6828,1,688,315
6829,1,697,313
6830,1,708,317
6831,1,718,317
6832,1,736,324
6833,1,746,330
6834,1,753,336
6835,0,0,0
6836,0,0,0
6837,0,0,0
6838,0,0,0
6839,0,0,0
6840,0,0,0
6841,0,0,0
6842,0,0,0
6843,0,0,0
6844,0,0,0
6845,0,0,0
6846,0,0,0
6847,0,0,0
6848,0,0,0
6849,0,0,0
6850,0,0,0
6851,0,0,0
6852,0,0,0
6853,0,0,0
6854,0,0,0
6855,0,0,0
6856,0,0,0
6857,0,0,0
6858,0,0,0
6859,0,0,0
6860,0,0,0
6861,0,0,0
6862,0,0,0
6863,0,0,0
6864,0,0,0
6865,0,0,0
6866,0,0,0
6867,0,0,0
6868,0,0,0
6869,0,0,0
6870,0,0,0
6871,0,0,0
6872,0,0,0
6873,0,0,0
6874,0,0,0
6875,0,0,0
6876,0,0,0
6877,0,0,0
6878,1,489,290
6879,1,483,281
6880,1,472,277
6881,1,465,275
6882,1,461,275
6883,1,455,275
6884,1,451,275
6885,1,446,281
6886,1,442,285
6887,1,440,290
6888,1,436,294
6889,0,0,0
6890,1,427,258
6891,1,421,224
6892,1,416,194
6893,1,412,166
6894,1,408,143
6895,1,399,98
6896,1,395,77
6897,1,391,60
6898,1,388,43
6899,1,384,26
6900,1,382,15
6901,0,0,0
6902,0,0,0
6903,0,0,0
6904,0,0,0
6905,0,0,0
6906,0,0,0
6907,0,0,0
6908,0,0,0
6909,0,0,0
6910,0,0,0
6911,0,0,0
6912,0,0,0
6913,0,0,0
6914,1,307,1
6915,1,305,13
6916,1,294,45
6917,1,288,66
6918,1,285,86
6919,1,281,109
6920,1,275,134
6921,1,273,158
6922,0,0,0
6923,1,316,153
6924,1,333,134
6925,1,345,122
6926,1,352,115
6927,1,365,109
6928,1,369,107
6929,1,373,107
6930,1,376,109
6931,1,380,109
6932,1,386,115
6933,1,388,117
6934,1,390,120
6935,1,393,124
6936,1,395,130
6937,1,399,139
6938,1,401,147
6939,1,403,153
6940,1,405,158
6941,1,406,166
6942,1,408,173
6943,1,412,187
6944,1,414,196
6945,1,416,204
6946,1,418,211
6947,1,420,221
6948,1,421,238
6949,1,421,232
6950,1,414,192
6951,1,408,164
6952,1,406,145
6953,1,397,102
6954,1,395,85
6955,1,393,69
6956,1,390,56
6957,1,388,43
6958,1,382,22
6959,1,380,13
6960,1,376,5
6961,1,375,3
6962,0,0,0
6963,0,0,0
6964,0,0,0
6965,0,0,0
6966,0,0,0
6967,0,0,0
6968,1,352,1
6969,1,345,13
6970,1,343,18
6971,1,337,34
6972,1,335,47
6973,1,331,62
6974,1,326,96
6975,1,322,115
6976,1,318,136
6977,1,421,221
6978,1,470,256
6979,1,511,290
6980,1,525,300
6981,1,532,309
6982,1,540,315
6983,1,547,324
6984,1,551,328
6985,1,560,341
6986,1,564,332
6987,1,564,319
6988,1,560,307
6989,1,562,302
6990,1,564,289
6991,1,566,283
6992,1,566,277
6993,1,566,275
6994,1,566,273
6995,1,566,273
6996,1,568,273
6997,1,568,275
6998,1,568,279
6999,1,568,283
7000,1,568,294
7001,1,570,304
7002,1,568,311
7003,1,568,323
7004,1,568,334
7005,1,568,341
7006,0,0,0
7007,1,536,290
7008,1,515,255
7009,1,502,230
7010,1,491,209
7011,1,476,183
7012,1,468,173
7013,1,465,166
7014,1,459,158
7015,1,455,154
7016,1,450,149
7017,1,446,147
7018,1,444,147
7019,1,440,147
7020,1,438,149
7021,1,436,151
7022,1,435,154
7023,1,433,158
7024,1,433,162
7025,1,431,166
7026,1,431,171
7027,1,429,183
7028,1,429,188
7029,1,429,196
7030,1,427,204
7031,1,427,211
7032,1,427,226
7033,1,429,238
7034,1,427,239
7035,1,425,236
7036,1,423,236
7037,1,423,236
7038,1,421,238
7039,1,421,239
7040,1,421,243
7041,1,420,247
7042,1,420,258
7043,1,420,264
7044,1,418,273
7045,1,418,281
7046,1,416,290
7047,1,416,302
7048,1,414,328
7049,1,414,340
7050,1,412,355
7051,1,412,370
7052,1,410,387
7053,1,408,302
7054,1,410,273
7055,1,410,253
7056,1,410,238
7057,1,410,226
7058,1,412,209
7059,1,412,204
7060,1,412,200
7061,1,414,196
7062,1,414,194
7063,1,416,192
7064,1,416,192
7065,1,416,194
7066,1,418,196
7067,1,420,198
7068,1,420,202
7069,1,421,209
7070,1,423,215
7071,1,423,219
7072,1,425,226
7073,1,450,234
7074,1,491,243
7075,1,508,249
7076,1,525,255
7077,1,540,262
7078,1,555,270
7079,1,581,283
7080,1,596,296
7081,1,607,306
7082,1,620,317
7083,1,633,332
7084,1,654,358
7085,1,656,355
7086,1,650,328
7087,1,645,307
7088,1,639,292
7089,1,635,281
7090,1,628,272
7091,1,624,266
7092,1,622,262
7093,1,618,260
7094,1,616,260
7095,1,615,260
7096,1,613,262
7097,1,611,266
7098,1,609,270
7099,1,607,275
7100,1,605,285
7101,1,605,290
7102,0,0,0
7103,0,0,0
7104,0,0,0
7105,0,0,0
7106,1,588,298
7107,1,573,273
7108,1,560,253
7109,1,551,232
7110,1,538,215
7111,1,517,185
7112,1,506,171
7113,1,496,162
7114,1,485,151
7115,1,476,143
7116,1,455,130
7117,1,446,126
7118,1,435,124
7119,1,425,122
7120,1,416,124
7121,1,397,128
7122,1,386,134
7123,1,376,141
7124,1,367,151
7125,1,356,160
7126,1,376,211
7127,1,406,243
7128,1,421,258
7129,1,433,270
7130,1,440,279
7131,1,446,285
7132,1,453,298
7133,1,457,304
7134,1,461,309
7135,1,463,317
7136,1,465,321
7137,1,466,302
7138,1,468,298
7139,1,468,294
7140,1,470,290
7141,1,472,289
7142,1,474,289
7143,1,474,289
7144,1,476,290
7145,1,476,292
7146,1,478,296
7147,1,478,298
7148,1,478,300
7149,1,478,302
7150,1,476,304
7151,1,476,307
7152,1,476,313
7153,1,474,326
7154,1,474,334
7155,1,474,341
7156,1,474,351
7157,1,474,362
7158,1,474,381
7159,1,474,377
7160,1,474,375
7161,1,474,374
7162,1,474,374
7163,1,474,375
7164,1,474,377
7165,1,474,381
7166,1,474,381
7167,1,472,381
7168,1,472,385
7169,1,472,385
7170,1,472,385
7171,1,472,385
7172,1,472,385
7173,1,470,385
7174,1,470,385
7175,1,470,385
7176,1,470,385
7177,1,470,385
7178,1,470,385
7179,1,470,385
7180,1,470,385
7181,1,472,385
7182,0,0,0
7183,0,0,0
7184,0,0,0
7185,0,0,0
7186,0,0,0
7187,0,0,0
7188,0,0,0
7189,0,0,0
7190,0,0,0
7191,0,0,0
7192,1,517,298
7193,1,519,290
7194,1,521,279
7195,1,521,272
7196,1,521,270
7197,1,521,268
7198,1,521,268
7199,1,521,270
7200,1,523,273
7201,1,523,277
7202,1,523,281
7203,1,523,287
7204,1,521,289
7205,1,489,277
7206,1,478,272
7207,1,470,270
7208,1,461,270
7209,1,450,270
7210,1,433,270
7211,1,423,272
7212,1,414,273
7213,1,406,277
7214,1,399,281
7215,1,390,289
7216,1,376,304
7217,1,371,311
7218,1,361,323
7219,1,356,334
7220,1,348,343
7221,1,397,262
7222,1,418,234
7223,1,433,213
7224,1,446,196
7225,1,457,181
7226,1,474,162
7227,1,481,154
7228,1,489,149
7229,1,495,145
7230,1,500,143
7231,1,511,139
7232,1,515,139
7233,1,521,139
7234,1,525,139
7235,1,528,143
7236,1,534,145
7237,1,541,151
7238,1,545,154
7239,1,547,160
7240,1,551,164
7241,1,555,170
7242,1,562,183
7243,1,564,188
7244,1,566,196
7245,1,570,204
7246,1,571,213
7247,1,577,228
7248,1,579,238
7249,1,570,204
7250,1,560,173
7251,1,551,147
7252,1,538,105
7253,1,532,88
7254,1,525,71
7255,1,521,58
7256,1,513,45
7257,1,510,34
7258,1,500,15
7259,1,495,7
7260,1,491,3
7261,0,0,0
7262,0,0,0
7263,0,0,0
7264,0,0,0
7265,0,0,0
7266,0,0,0
7267,0,0,0
7268,1,440,11
7269,1,435,20
7270,1,431,30
7271,1,425,41
7272,1,420,56
7273,1,410,92
7274,1,405,109
7275,1,401,130
7276,0,0,0
7277,0,0,0
7278,0,0,0
7279,0,0,0
7280,0,0,0
7281,0,0,0
7282,0,0,0
7283,0,0,0
7284,0,0,0
7285,0,0,0
7286,1,393,307
7287,1,395,298
7288,1,395,289
7289,1,395,273
7290,1,395,268
7291,1,395,262
7292,1,395,258
7293,1,395,255
7294,1,395,253
7295,1,395,253
7296,1,395,253
7297,1,395,255
7298,1,395,258
7299,1,395,262
7300,1,395,275
7301,1,393,281
7302,1,393,290
7303,1,393,300
7304,1,393,309
7305,1,421,262
7306,1,438,238
7307,1,451,217
7308,1,461,202
7309,1,470,190
7310,1,485,173
7311,1,491,168
7312,1,496,164
7313,1,502,160
7314,1,506,158
7315,1,513,158
7316,1,517,158
7317,1,521,160
7318,1,525,162
7319,1,528,164
7320,1,532,168
7321,1,536,175
7322,1,540,181
7323,1,543,185
7324,1,545,190
7325,1,547,198
7326,1,553,211
7327,1,555,219
7328,1,556,226
7329,1,553,194
7330,1,545,156
7331,1,532,98
7332,1,528,71
7333,1,523,51
7334,1,519,30
7335,1,515,13
7336,0,0,0
7337,0,0,0
7338,0,0,0
7339,0,0,0
7340,0,0,0
7341,0,0,0
7342,0,0,0
7343,0,0,0
7344,0,0,0
7345,0,0,0
7346,0,0,0
7347,0,0,0
7348,0,0,0
7349,0,0,0
7350,0,0,0
7351,0,0,0
7352,0,0,0
7353,0,0,0
7354,0,0,0
7355,1,435,1
7356,1,433,17
7357,1,427,56
7358,1,425,79
7359,1,423,103
7360,1,420,128
7361,1,420,147
7362,0,0,0
7363,0,0,0
7364,0,0,0
7365,0,0,0
7366,0,0,0
7367,1,429,307
7368,0,0,0
7369,1,433,324
7370,1,435,319
7371,1,435,309
7372,1,438,300
7373,1,442,289
7374,1,446,283
7375,1,448,279
7376,1,450,275
7377,1,453,275
7378,1,455,275
7379,1,457,277
7380,1,461,279
7381,1,463,283
7382,1,465,289
7383,1,465,294
7384,1,470,309
7385,0,0,0
7386,0,0,0
7387,0,0,0
7388,0,0,0
7389,1,446,290
7390,1,442,281
7391,1,440,275
7392,1,438,270
7393,1,436,266
7394,1,431,264
7395,1,429,266
7396,1,427,268
7397,1,425,270
7398,1,423,273
7399,1,420,281
7400,1,420,287
7401,1,418,294
7402,1,418,300
7403,1,416,307
7404,1,416,307
7405,1,418,290
7406,1,421,287
7407,1,421,283
7408,1,423,283
7409,1,423,281
7410,1,425,279
7411,1,425,281
7412,1,427,281
7413,1,427,285
7414,1,431,290
7415,1,433,298
7416,1,435,306
7417,0,0,0
7418,0,0,0
7419,0,0,0
7420,0,0,0
7421,0,0,0
7422,1,427,253
7423,1,423,205
7424,1,421,170
7425,1,420,141
7426,1,416,98
7427,1,416,81
7428,1,414,68
7429,0,0,0
7430,1,412,45
7431,1,412,32
7432,1,412,26
7433,1,412,22
7434,1,412,18
7435,1,412,17
7436,1,412,15
7437,1,412,15
7438,1,412,15
7439,1,412,17
7440,1,412,18
7441,1,412,24
7442,1,412,28
7443,1,414,32
7444,1,414,37
7445,1,414,43
7446,1,416,49
7447,1,418,64
7448,1,418,69
7449,1,418,79
7450,1,418,86
7451,1,420,96
7452,1,420,113
7453,1,420,122
7454,1,421,132
7455,1,421,143
7456,1,421,153
7457,1,423,173
7458,1,423,183
7459,1,423,194
7460,1,425,204
7461,0,0,0
7462,1,388,272
7463,1,376,290
7464,1,367,309
7465,1,358,328
7466,1,348,347
7467,1,341,366
7468,1,324,408
7469,1,363,375
7470,0,0,0
7471,0,0,0
7472,0,0,0
7473,1,457,285
7474,1,468,279
7475,1,480,273
7476,1,487,270
7477,1,495,268
7478,1,510,268
7479,1,517,268
7480,1,523,272
7481,1,528,273
7482,1,532,277
7483,1,541,285
7484,1,547,290
7485,1,551,296
7486,1,555,302
7487,1,558,309
7488,1,562,315
7489,1,573,315
7490,1,577,294
7491,1,585,283
7492,1,594,268
7493,1,600,256
7494,1,613,238
7495,1,618,230
7496,1,624,224
7497,1,630,219
7498,1,635,215
7499,1,646,213
7500,1,652,213
7501,1,658,215
7502,1,663,217
7503,1,669,222
7504,1,630,173
7505,1,615,158
7506,1,607,149
7507,1,600,143
7508,1,596,137
7509,1,590,136
7510,1,585,134
7511,1,581,134
7512,1,579,136
7513,1,577,137
7514,1,575,139
7515,1,573,147
7516,1,571,151
7517,1,570,154
7518,1,570,160
7519,1,570,166
7520,1,568,177
7521,1,568,185
7522,1,568,192
7523,1,568,198
7524,1,568,207
7525,1,566,222
7526,1,543,230
7527,1,521,236
7528,1,500,241
7529,1,480,247
7530,1,461,253
7531,1,429,268
7532,1,414,275
7533,1,399,285
7534,1,384,294
7535,1,371,306
7536,1,343,330
7537,1,330,345
7538,1,316,360
7539,1,303,375
7540,1,292,392
7541,1,286,358
7542,1,288,332
7543,1,296,311
7544,1,298,294
7545,1,300,281
7546,1,305,264
7547,1,307,256
7548,1,309,251
7549,1,311,249
7550,1,313,247
7551,1,315,245
7552,1,316,245
7553,1,318,249
7554,1,320,251
7555,1,322,253
7556,1,322,258
7557,1,326,268
7558,1,326,275
7559,1,328,281
7560,1,330,290
7561,1,331,298
7562,1,333,311
7563,0,0,0
7564,0,0,0
7565,0,0,0
7566,0,0,0
7567,0,0,0
7568,0,0,0
7569,0,0,0
7570,0,0,0
7571,0,0,0
7572,0,0,0
7573,0,0,0
7574,0,0,0
7575,0,0,0
7576,0,0,0
7577,0,0,0
7578,0,0,0
7579,0,0,0
7580,0,0,0
7581,0,0,0
7582,0,0,0
7583,0,0,0
7584,0,0,0
7585,0,0,0
7586,0,0,0
7587,0,0,0
7588,0,0,0
7589,0,0,0
7590,0,0,0
7591,0,0,0
7592,0,0,0
7593,0,0,0
7594,0,0,0
7595,0,0,0
7596,0,0,0
7597,0,0,0
7598,0,0,0
7599,0,0,0
7600,0,0,0
7601,1,506,307
7602,1,510,302
7603,1,515,294
7604,1,519,283
7605,1,521,281
7606,1,525,279
7607,1,528,279
7608,1,532,277
7609,1,538,279
7610,1,540,283
7611,1,541,289
7612,1,545,294
7613,1,547,300
7614,1,549,307
7615,0,0,0
7616,1,536,302
7617,1,532,292
7618,1,526,287
7619,1,521,281
7620,1,517,277
7621,1,517,275
7622,1,515,275
7623,1,513,277
7624,1,510,281
7625,1,508,290
7626,1,506,294
7627,1,504,300
7628,1,502,306
7629,1,504,306
7630,1,510,304
7631,1,513,296
7632,1,517,290
7633,1,517,285
7634,1,521,283
7635,1,526,279
7636,1,534,277
7637,1,538,277
7638,1,540,279
7639,1,541,281
7640,1,545,285
7641,1,549,294
7642,1,551,302
7643,1,553,309
7644,1,555,317
7645,1,558,326
7646,1,549,309
7647,1,528,266
7648,1,513,238
7649,1,502,213
7650,1,491,194
7651,1,476,166
7652,1,468,154
7653,1,463,147
7654,1,457,139
7655,1,453,134
7656,1,450,130
7657,1,442,124
7658,1,438,122
7659,1,436,122
7660,1,433,122
7661,1,431,124
7662,1,427,126
7663,1,425,130
7664,1,423,134
7665,1,421,137
7666,1,420,143
7667,1,418,153
7668,1,416,160
7669,1,416,166
7670,1,416,173
7671,1,414,181
7672,1,414,196
7673,1,412,205
7674,1,412,217
7675,1,403,234
7676,1,395,247
7677,1,390,260
7678,1,378,285
7679,1,371,300
7680,1,365,313
7681,1,360,330
7682,1,356,343
7683,1,345,381
7684,1,367,358
7685,1,382,332
7686,1,401,307
7687,1,412,296
7688,1,429,279
7689,1,435,273
7690,1,442,270
7691,1,446,268
7692,1,451,268
7693,1,461,268
7694,1,465,270
7695,1,468,272
7696,1,472,275
7697,1,476,279
7698,1,478,285
7699,1,483,294
7700,1,487,302
7701,1,491,309
7702,1,487,304
7703,1,481,292
7704,1,476,277
7705,1,470,272
7706,1,465,268
7707,1,461,262
7708,1,457,260
7709,1,450,260
7710,1,446,262
7711,1,442,264
7712,1,438,266
7713,1,433,270
7714,1,425,283
7715,1,421,290
7716,1,418,298
7717,1,414,307
7718,1,410,317
7719,1,408,328
7720,1,425,300
7721,1,433,290
7722,1,436,287
7723,1,444,283
7724,1,450,279
7725,1,457,275
7726,1,461,273
7727,1,465,273
7728,1,468,273
7729,1,472,277
7730,1,476,285
7731,1,480,290
7732,1,481,296
7733,1,483,302
7734,0,0,0
7735,1,487,290
7736,1,487,281
7737,1,487,275
7738,1,487,270
7739,1,487,266
7740,1,487,264
7741,1,487,260
7742,1,487,260
7743,1,487,262
7744,1,485,264
7745,1,485,268
7746,1,483,279
7747,1,483,285
7748,1,481,294
7749,1,481,302
7750,1,481,311
7751,1,465,256
7752,1,457,238
7753,1,451,224
7754,1,446,215
7755,1,442,205
7756,1,436,192
7757,1,433,188
7758,1,431,185
7759,1,429,183
7760,1,427,181
7761,1,425,181
7762,1,423,183
7763,1,421,185
7764,1,420,188
7765,1,420,190
7766,1,418,194
7767,1,418,204
7768,1,416,209
7769,1,416,215
7770,1,416,221
7771,1,416,228
7772,1,416,241
7773,1,416,249
7774,1,416,258
7775,1,416,266
7776,1,418,273
7777,1,418,292
7778,1,440,283
7779,1,453,273
7780,1,468,268
7781,1,480,264
7782,1,493,260
7783,1,515,256
7784,1,525,255
7785,1,536,256
7786,1,545,256
7787,1,553,260
7788,1,571,268
7789,1,581,272
7790,1,588,279
7791,1,596,283
7792,1,603,294
7793,1,618,313
7794,1,626,326
7795,1,631,338
7796,1,637,345
7797,1,613,326
7798,1,588,294
7799,1,577,283
7800,1,570,277
7801,1,562,273
7802,1,555,272
7803,1,549,270
7804,1,538,268
7805,1,532,270
7806,1,528,272
7807,1,523,273
7808,1,519,277
7809,1,513,283
7810,1,510,290
7811,1,508,298
7812,1,506,304
7813,1,502,311
7814,1,498,307
7815,1,496,298
7816,0,0,0
7817,1,495,279
7818,1,495,272
7819,1,496,264
7820,1,495,260
7821,1,495,256
7822,1,493,255
7823,1,491,255
7824,1,491,255
7825,1,487,260
7826,1,487,264
7827,1,487,268
7828,1,485,275
7829,1,485,283
7830,1,483,298
7831,1,481,307
7832,1,481,317
7833,0,0,0
7834,0,0,0
7835,1,474,285
7836,1,470,281
7837,1,468,275
7838,1,465,272
7839,1,465,268
7840,1,463,268
7841,1,463,268
7842,1,461,268
7843,1,461,272
7844,1,459,275
7845,1,457,279
7846,1,455,289
7847,1,455,294
7848,1,455,302
7849,1,455,311
7850,0,0,0
7851,0,0,0
7852,1,442,273
7853,1,435,238
7854,1,427,207
7855,1,423,179
7856,1,410,128
7857,1,405,105
7858,1,401,86
7859,1,395,68
7860,1,391,52
7861,1,380,22
7862,1,376,11
7863,1,373,3
7864,0,0,0
7865,0,0,0
7866,0,0,0
7867,0,0,0
7868,0,0,0
7869,0,0,0
7870,0,0,0
7871,0,0,0
7872,0,0,0
7873,0,0,0
7874,0,0,0
7875,1,286,3
7876,1,281,15
7877,1,268,47
7878,1,260,66
7879,1,255,86
7880,1,249,109
7881,1,243,132
7882,1,230,187
7883,1,226,213
7884,1,221,241
7885,0,0,0
7886,1,294,103
7887,1,311,73
7888,1,331,39
7889,1,339,30
7890,0,0,0
7891,1,350,18
7892,1,356,15
7893,1,361,13
7894,1,365,13
7895,1,367,15
7896,1,371,17
7897,1,375,18
7898,1,378,26
7899,1,382,28
7900,1,384,34
7901,1,386,37
7902,1,388,45
7903,1,393,56
7904,1,395,64
7905,1,397,71
7906,1,399,79
7907,1,401,85
7908,1,403,94
7909,1,406,111
7910,1,408,120
7911,1,410,130
7912,1,412,139
7913,1,414,149
7914,1,416,170
7915,1,418,179
7916,1,420,188
7917,1,421,200
7918,1,427,213
7919,1,480,238
7920,1,498,249
7921,1,515,260
7922,1,532,272
7923,1,547,283
7924,1,577,307
7925,0,0,0
7926,1,603,336
7927,1,616,353
7928,1,628,368
7929,1,637,383
7930,1,626,315
7931,1,620,294
7932,1,620,285
7933,1,616,273
7934,1,615,268
7935,1,611,256
7936,1,609,253
7937,1,609,251
7938,1,607,251
7939,1,607,253
7940,1,605,255
7941,1,605,258
7942,1,603,262
7943,1,603,266
7944,1,603,272
7945,1,603,283
7946,1,603,290
7947,1,603,298
7948,1,603,306
7949,1,603,315
7950,1,605,323
7951,1,618,287
7952,1,616,272
7953,1,620,262
7954,1,624,253
7955,1,626,243
7956,1,631,230
7957,1,633,226
7958,1,637,222
7959,1,639,219
7960,1,641,219
7961,1,646,221
7962,1,648,224
7963,1,650,228
7964,1,652,234
7965,1,637,251
7966,1,611,262
7967,1,605,268
7968,1,600,272
7969,1,596,275
7970,1,592,279
7971,1,590,285
7972,1,586,294
7973,1,586,298
7974,1,592,287
7975,1,596,275
7976,1,601,270
7977,1,611,262
7978,1,615,258
7979,1,618,258
7980,1,622,258
7981,1,628,258
7982,1,633,262
7983,1,637,266
7984,1,641,272
7985,1,645,277
7986,1,648,283
7987,1,654,302
7988,1,658,311
7989,1,637,270
7990,1,626,247
7991,1,615,232
7992,1,607,222
7993,1,598,207
7994,1,594,204
7995,1,592,200
7996,1,588,198
7997,1,586,200
7998,1,583,200
7999,1,581,200
8000,1,579,202
8001,1,577,204
8002,1,577,207
8003,1,575,215
8004,1,573,222
8005,1,545,224
8006,1,525,230
8007,1,506,236
8008,1,472,249
8009,1,455,256
8010,1,440,266
8011,1,427,275
8012,1,414,285
8013,1,401,294
8014,1,378,319
8015,1,361,336
8016,1,352,345
8017,1,352,319
8018,1,360,300
8019,1,361,277
8020,1,361,268
8021,1,363,262
8022,1,363,258
8023,1,365,255
8024,1,367,255
8025,1,367,255
8026,1,369,256
8027,1,369,258
8028,1,371,262
8029,1,373,270
8030,1,373,275
8031,1,375,279
8032,1,375,287
8033,1,376,294
8034,1,376,300
8035,1,378,315
8036,1,378,324
8037,1,375,304
8038,1,369,283
8039,1,365,268
8040,1,356,239
8041,1,352,230
8042,1,348,219
8043,1,345,211
8044,1,341,204
8045,1,333,194
8046,1,330,190
8047,1,326,188
8048,1,322,188
8049,1,318,190
8050,1,311,198
8051,1,330,162
8052,1,343,141
8053,1,352,128
8054,1,358,119
8055,1,363,113
8056,1,371,109
8057,1,375,107
8058,1,376,107
8059,1,378,109
8060,1,382,111
8061,1,384,115
8062,1,386,119
8063,1,388,122
8064,1,390,128
8065,1,391,132
8066,1,393,143
8067,1,395,151
8068,1,397,156
8069,1,397,162
8070,1,399,170
8071,1,401,185
8072,1,403,192
8073,1,405,202
8074,1,405,209
8075,1,406,219
8076,1,406,226
8077,1,420,243
8078,1,446,239
8079,1,466,238
8080,1,485,238
8081,1,502,239
8082,1,534,241
8083,1,549,245
8084,1,564,249
8085,1,577,253
8086,1,590,258
8087,1,615,272
8088,1,626,279
8089,1,637,289
8090,1,648,300
8091,1,660,311
8092,1,680,338
8093,1,686,347
8094,1,676,324
8095,1,669,307
8096,1,661,294
8097,1,654,285
8098,1,648,275
8099,1,645,272
8100,1,641,270
8101,1,639,268
8102,1,635,268
8103,1,630,270
8104,1,628,273
8105,1,626,277
8106,1,624,283
8107,1,624,289
8108,1,622,296
8109,1,618,306
8110,1,618,313
8111,0,0,0
8112,0,0,0
8113,0,0,0
8114,0,0,0
8115,0,0,0
8116,0,0,0
8117,0,0,0
8118,0,0,0
8119,1,519,304
8120,1,506,300
8121,1,495,298
8122,1,483,296
8123,1,472,296
8124,1,451,298
8125,1,442,300
8126,1,431,304
8127,1,425,306
8128,1,420,307
8129,1,416,311
8130,1,416,315
8131,1,416,319
8132,1,414,326
8133,1,412,332
8134,1,412,347
8135,1,408,357
8136,1,408,366
8137,1,406,375
8138,1,406,383
8139,0,0,0
8140,0,0,0
8141,0,0,0
8142,0,0,0
8143,0,0,0
8144,0,0,0
8145,0,0,0
8146,0,0,0
8147,0,0,0
8148,0,0,0
8149,1,410,389
8150,1,410,387
8151,1,410,387
8152,1,410,387
8153,1,410,387
8154,0,0,0
8155,0,0,0
8156,0,0,0
8157,0,0,0
8158,0,0,0
8159,0,0,0
8160,0,0,0
8161,0,0,0
8162,0,0,0
8163,1,504,281
8164,1,502,277
8165,1,500,275
8166,1,498,273
8167,1,496,273
8168,1,495,275
8169,1,493,277
8170,1,491,283
8171,1,487,294
8172,1,485,302
8173,1,483,300
8174,1,481,292
8175,1,481,283
8176,1,480,275
8177,1,480,275
8178,1,481,275
8179,1,481,277
8180,1,483,279
8181,1,483,283
8182,1,481,290
8183,1,483,294
8184,1,483,300
8185,0,0,0
8186,0,0,0
8187,0,0,0
8188,0,0,0
8189,0,0,0
8190,1,500,304
8191,1,508,281
8192,1,526,238
8193,1,536,221
8194,1,543,205
8195,1,551,190
8196,1,558,177
8197,1,573,154
8198,1,581,145
8199,1,588,137
8200,1,594,132
8201,1,601,126
8202,1,609,122
8203,1,624,119
8204,1,631,120
8205,1,639,122
8206,1,645,126
8207,1,652,132
8208,1,669,147
8209,1,676,160
8210,1,682,171
8211,1,645,234
8212,1,628,256
8213,1,613,281
8214,1,609,290
8215,1,605,296
8216,1,603,304
8217,1,600,309
8218,0,0,0
8219,1,598,326
8220,1,600,315
8221,1,601,300
8222,1,603,290
8223,1,607,279
8224,1,611,264
8225,1,613,256
8226,1,615,253
8227,1,616,249
8228,1,618,245
8229,1,622,243
8230,1,624,243
8231,1,626,243
8232,1,628,245
8233,1,630,249
8234,1,631,260
8235,1,633,266
8236,1,633,275
8237,1,585,273
8238,1,553,273
8239,1,511,273
8240,1,496,275
8241,1,485,277
8242,1,474,279
8243,1,465,283
8244,1,459,285
8245,1,446,294
8246,1,438,290
8247,1,436,279
8248,1,433,275
8249,1,429,270
8250,1,421,264
8251,1,418,264
8252,1,414,264
8253,1,410,266
8254,1,405,268
8255,1,399,277
8256,1,395,283
8257,1,391,290
8258,1,386,273
8259,1,384,260
8260,1,382,256
8261,1,380,256
8262,1,378,256
8263,1,378,256
8264,1,376,258
8265,1,376,260
8266,1,375,268
8267,1,375,272
8268,1,375,277
8269,1,375,283
8270,1,375,290
8271,1,375,302
8272,1,375,309
8273,1,373,307
8274,1,367,298
8275,1,365,289
8276,1,360,275
8277,1,356,272
8278,1,352,270
8279,1,348,268
8280,1,346,266
8281,1,341,268
8282,1,337,270
8283,1,333,272
8284,1,330,277
8285,1,328,283
8286,1,324,290
8287,1,318,306
8288,1,315,317
8289,1,313,328
8290,1,311,340
8291,1,311,336
8292,1,320,309
8293,1,322,298
8294,1,326,290
8295,1,330,283
8296,1,331,281
8297,1,335,279
8298,1,337,277
8299,1,337,279
8300,1,339,279
8301,1,341,283
8302,1,345,289
8303,1,346,294
8304,1,346,300
8305,1,348,306
8306,1,348,300
8307,1,343,294
8308,1,341,281
8309,1,339,277
8310,1,339,273
8311,1,339,270
8312,1,337,270
8313,1,335,270
8314,1,333,272
8315,1,331,275
8316,1,330,281
8317,1,330,287
8318,1,326,300
8319,1,326,309
8320,1,326,317
8321,1,324,328
8322,1,322,338
8323,1,373,253
8324,1,390,230
8325,1,403,209
8326,1,414,192
8327,1,425,181
8328,1,435,170
8329,1,450,154
8330,1,457,151
8331,1,465,145
8332,1,470,143
8333,1,476,139
8334,1,485,139
8335,1,491,139
8336,1,495,139
8337,1,500,141
8338,1,504,145
8339,1,511,151
8340,1,515,154
8341,1,519,160
8342,1,523,166
8343,1,526,171
8344,1,532,185
8345,1,536,190
8346,0,0,0
8347,1,541,205
8348,1,543,215
8349,1,545,222
8350,1,551,239
8351,1,553,249
8352,1,555,258
8353,1,556,266
8354,1,566,258
8355,1,579,247
8356,1,585,241
8357,1,590,239
8358,1,596,238
8359,1,601,238
8360,1,611,239
8361,1,616,241
8362,1,620,245
8363,1,626,249
8364,1,630,255
8365,1,558,268
8366,1,532,270
8367,1,511,273
8368,1,498,279
8369,1,485,281
8370,1,478,285
8371,1,463,294
8372,1,457,298
8373,1,453,304
8374,1,450,307
8375,1,444,313
8376,1,431,294
8377,1,425,289
8378,1,420,283
8379,1,414,277
8380,1,408,273
8381,1,397,270
8382,1,393,270
8383,1,388,270
8384,1,382,272
8385,1,378,273
8386,1,369,283
8387,1,363,287
8388,1,360,294
8389,1,356,302
8390,1,350,313
8391,1,346,321
8392,1,337,345
8393,1,333,358
8394,1,331,368
8395,1,333,340
8396,1,337,324
8397,1,345,298
8398,1,345,290
8399,1,346,287
8400,1,348,283
8401,1,350,279
8402,1,352,275
8403,1,354,277
8404,1,354,277
8405,1,356,279
8406,1,358,283
8407,1,360,290
8408,1,360,296
8409,1,361,302
8410,1,361,309
8411,1,363,313
8412,1,360,306
8413,1,352,290
8414,1,350,285
8415,1,348,279
8416,1,346,275
8417,1,343,273
8418,1,337,275
8419,1,335,277
8420,1,331,281
8421,1,330,283
8422,1,328,290
8423,1,324,302
8424,1,320,309
8425,1,318,319
8426,1,315,328
8427,1,313,340
8428,1,348,292
8429,1,375,258
8430,1,391,238
8431,1,406,219
8432,1,420,204
8433,1,431,194
8434,1,450,177
8435,1,457,171
8436,1,465,166
8437,1,472,164
8438,1,478,162
8439,1,489,160
8440,1,495,160
8441,1,498,162
8442,1,504,162
8443,1,510,166
8444,1,517,171
8445,1,521,177
8446,1,525,181
8447,1,528,185
8448,1,532,192
8449,1,538,204
8450,1,541,211
8451,1,545,219
8452,1,547,226
8453,1,549,234
8454,1,553,241
8455,1,560,236
8456,1,566,230
8457,1,570,228
8458,1,571,226
8459,1,575,226
8460,1,581,228
8461,1,585,230
8462,1,586,234
8463,1,588,238
8464,1,592,243
8465,1,596,258
8466,1,598,268
8467,1,579,272
8468,1,551,262
8469,1,530,255
8470,1,496,249
8471,1,480,249
8472,1,468,249
8473,1,457,251
8474,1,448,253
8475,1,438,256
8476,1,423,264
8477,1,418,268
8478,1,412,275
8479,1,406,279
8480,1,401,287
8481,1,393,302
8482,1,388,309
8483,1,386,315
8484,1,382,324
8485,1,378,336
8486,1,375,341
8487,1,371,330
8488,1,369,319
8489,1,369,309
8490,1,369,298
8491,1,365,283
8492,1,365,279
8493,1,363,275
8494,1,363,272
8495,1,361,270
8496,1,360,270
8497,1,360,268
8498,1,358,270
8499,1,358,272
8500,1,356,275
8501,1,356,281
8502,1,354,292
8503,1,352,302
8504,1,352,311
8505,1,350,321
8506,1,350,332
8507,1,352,283
8508,1,352,255
8509,1,356,228
8510,1,356,211
8511,1,358,194
8512,1,360,171
8513,1,360,162
8514,1,361,154
8515,1,361,151
8516,1,363,145
8517,1,363,141
8518,1,365,137
8519,1,367,137
8520,1,367,137
8521,1,369,139
8522,1,369,139
8523,1,371,145
8524,1,371,149
8525,1,373,153
8526,1,375,158
8527,1,375,164
8528,1,376,175
8529,1,378,183
8530,1,378,188
8531,1,378,196
8532,1,380,205
8533,1,382,221
8534,1,382,230
8535,1,367,243
8536,1,356,255
8537,1,345,264
8538,1,335,275
8539,1,318,294
8540,1,309,307
8541,1,301,323
8542,1,294,338
8543,1,285,353
8544,1,281,368
8545,1,298,328
8546,1,311,306
8547,1,318,290
8548,1,326,277
8549,1,339,260
8550,1,343,256
8551,1,348,253
8552,1,352,249
8553,1,356,249
8554,1,361,249
8555,1,365,253
8556,1,367,255
8557,1,371,258
8558,1,373,262
8559,1,375,268
8560,1,378,279
8561,1,382,285
8562,1,384,292
8563,1,386,300
8564,1,388,307
8565,0,0,0
8566,1,397,307
8567,1,399,296
8568,1,403,287
8569,1,406,279
8570,1,406,270
8571,1,408,266
8572,1,410,262
8573,1,412,260
8574,1,416,260
8575,1,418,262
8576,1,420,264
8577,1,421,268
8578,1,423,272
8579,1,425,277
8580,1,427,285
8581,1,427,300
8582,0,0,0
8583,0,0,0
8584,0,0,0
8585,0,0,0
8586,1,466,311
8587,1,476,298
8588,1,481,289
8589,1,491,279
8590,1,500,273
8591,1,515,268
8592,1,523,264
8593,1,528,264
8594,1,534,264
8595,1,540,266
8596,1,551,270
8597,1,556,273
8598,1,562,279
8599,1,566,283
8600,1,570,290
8601,1,573,298
8602,1,581,311
8603,1,585,321
8604,1,588,330
8605,1,592,340
8606,1,596,351
8607,1,601,372
8608,1,603,368
8609,1,603,366
8610,1,603,366
8611,1,603,366
8612,1,603,366
8613,1,605,366
8614,1,605,366
8615,1,607,370
8616,1,609,374
8617,1,611,374
8618,1,613,374
8619,1,613,374
8620,1,615,374
8621,1,615,374
8622,1,615,374
8623,1,615,374
8624,1,613,374
8625,0,0,0
8626,0,0,0
8627,0,0,0
8628,0,0,0
8629,1,613,372
8630,1,613,374
8631,1,613,374
8632,0,0,0
8633,0,0,0
8634,0,0,0
8635,0,0,0
8636,0,0,0
8637,0,0,0
8638,0,0,0
8639,0,0,0
8640,0,0,0
8641,0,0,0
8642,0,0,0
8643,0,0,0
8644,0,0,0
8645,0,0,0
8646,0,0,0
8647,0,0,0
8648,0,0,0
8649,0,0,0
8650,0,0,0
8651,0,0,0
8652,0,0,0
8653,0,0,0
8654,1,519,298
8655,1,525,290
8656,1,534,279
8657,1,540,275
8658,1,545,272
8659,1,558,268
8660,1,566,266
8661,1,571,266
8662,1,577,266
8663,1,583,268
8664,1,588,272
8665,1,600,281
8666,1,607,289
8667,1,613,296
8668,1,616,304
8669,1,618,307
8670,1,588,289
8671,1,577,283
8672,1,568,277
8673,1,562,275
8674,1,558,272
8675,1,547,272
8676,1,541,275
8677,1,538,277
8678,1,534,281
8679,1,528,285
8680,1,523,294
8681,1,519,302
8682,1,517,309
8683,1,515,315
8684,1,513,311
8685,0,0,0
8686,1,511,292
8687,0,0,0
8688,0,0,0
8689,0,0,0
8690,0,0,0
8691,0,0,0
8692,0,0,0
8693,0,0,0
8694,0,0,0
8695,1,511,289
8696,1,513,298
8697,1,513,306
8698,1,513,313
8699,1,513,324
8700,0,0,0
8701,1,480,253
8702,1,470,236
8703,1,463,222
8704,1,457,211
8705,1,451,202
8706,1,446,194
8707,1,438,185
8708,1,435,181
8709,1,431,179
8710,1,429,177
8711,1,425,177
8712,1,421,179
8713,1,420,181
8714,1,416,183
8715,1,416,187
8716,1,412,190
8717,1,410,200
8718,1,408,205
8719,1,408,211
8720,1,406,219
8721,1,405,226
8722,1,416,253
8723,1,423,264
8724,0,0,0
8725,1,440,294
8726,1,446,306
8727,1,451,319
8728,0,0,0
8729,1,459,321
8730,1,457,298
8731,1,457,290
8732,1,455,281
8733,1,453,270
8734,1,453,268
8735,1,453,266
8736,1,451,266
8737,1,451,266
8738,1,451,270
8739,1,451,272
8740,1,451,275
8741,1,451,281
8742,1,451,287
8743,1,453,298
8744,1,453,304
8745,1,453,311
8746,1,453,317
8747,0,0,0
8748,0,0,0
8749,1,425,285
8750,1,420,279
8751,1,412,275
8752,1,406,272
8753,1,401,268
8754,1,390,264
8755,1,382,264
8756,1,376,264
8757,1,371,266
8758,1,365,268
8759,1,354,277
8760,1,348,283
8761,1,345,290
8762,1,339,298
8763,1,335,307
8764,1,375,258
8765,1,397,230
8766,1,416,209
8767,1,429,194
8768,1,442,181
8769,1,451,171
8770,1,468,158
8771,1,478,154
8772,1,483,151
8773,1,491,149
8774,1,495,147
8775,1,506,147
8776,1,511,149
8777,1,515,151
8778,1,519,154
8779,1,525,156
8780,1,532,166
8781,1,536,170
8782,1,538,175
8783,1,541,181
8784,1,545,187
8785,1,551,200
8786,1,555,207
8787,1,556,215
8788,1,558,222
8789,1,560,230
8790,1,562,239
8791,1,566,256
8792,1,570,266
8793,1,570,275
8794,1,577,260
8795,1,583,232
8796,1,594,185
8797,1,600,166
8798,1,603,149
8799,1,609,136
8800,1,615,122
8801,1,622,100
8802,1,626,90
8803,1,630,83
8804,1,635,75
8805,1,639,69
8806,1,646,64
8807,1,650,62
8808,1,656,62
8809,1,660,64
8810,1,663,66
8811,1,667,71
8812,1,676,83
8813,1,680,94
8814,1,684,103
8815,1,690,117
8816,1,691,132
8817,1,701,166
8818,1,673,154
8819,1,641,132
8820,1,626,120
8821,1,613,113
8822,1,598,107
8823,1,592,105
8824,1,588,105
8825,1,585,107
8826,1,581,109
8827,1,577,115
8828,1,575,119
8829,1,573,120
8830,1,573,126
8831,1,571,130
8832,1,571,136
8833,1,570,147
8834,1,570,154
8835,1,570,160
8836,1,570,168
8837,1,570,175
8838,1,568,188
8839,1,568,198
8840,1,568,205
8841,1,568,215
8842,1,568,222
8843,1,581,190
8844,1,592,162
8845,1,600,137
8846,1,607,119
8847,1,615,102
8848,1,626,69
8849,1,633,56
8850,1,639,43
8851,1,645,34
8852,1,652,24
8853,1,658,17
8854,1,669,3
8855,1,675,1
8856,0,0,0
8857,0,0,0
8858,0,0,0
8859,1,705,1
8860,1,712,3
8861,1,718,7
8862,1,723,15
8863,1,729,22
8864,1,742,45
8865,1,748,58
8866,1,753,73
8867,1,759,90
8868,1,765,109
8869,1,778,151
8870,1,783,173
8871,0,0,0
8872,1,633,202
8873,1,592,209
8874,1,562,215
8875,1,517,228
8876,1,500,234
8877,1,487,241
8878,1,476,247
8879,1,466,253
8880,1,451,268
8881,1,444,273
8882,1,438,281
8883,1,435,290
8884,1,429,296
8885,1,421,313
8886,0,0,0
8887,1,416,330
8888,1,412,340
8889,1,408,353
8890,1,401,326
8891,1,401,315
8892,1,401,304
8893,1,401,294
8894,1,399,285
8895,1,397,279
8896,1,393,270
8897,1,390,266
8898,1,390,264
8899,1,388,262
8900,1,386,260
8901,1,384,260
8902,1,382,264
8903,1,382,266
8904,1,380,272
8905,1,378,277
8906,1,375,290
8907,1,375,300
8908,1,373,309
8909,1,373,319
8910,1,371,332
8911,1,369,317
8912,1,371,302
8913,1,373,292
8914,1,371,287
8915,1,371,279
8916,1,371,272
8917,1,371,264
8918,1,373,260
8919,1,373,260
8920,1,375,260
8921,1,375,260
8922,1,376,266
8923,1,376,270
8924,1,378,273
8925,1,378,279
8926,1,380,285
8927,1,382,296
8928,1,382,306
8929,1,382,313
8930,0,0,0
8931,0,0,0
8932,1,416,149
8933,1,427,94
8934,1,436,52
8935,1,446,11
8936,0,0,0
8937,0,0,0
8938,0,0,0
8939,0,0,0
8940,0,0,0
8941,0,0,0
8942,0,0,0
8943,0,0,0
8944,0,0,0
8945,0,0,0
8946,0,0,0
8947,0,0,0
8948,0,0,0
8949,0,0,0
8950,0,0,0
8951,0,0,0
8952,0,0,0
8953,0,0,0
8954,0,0,0
8955,0,0,0
8956,0,0,0
8957,0,0,0
8958,0,0,0
8959,0,0,0
8960,0,0,0
8961,0,0,0
8962,0,0,0
8963,0,0,0
8964,0,0,0
8965,0,0,0
8966,0,0,0
8967,0,0,0
8968,0,0,0
8969,0,0,0
8970,0,0,0
8971,1,688,3
8972,1,691,24
8973,1,695,52
8974,1,705,115
8975,1,706,145
8976,1,648,209
8977,1,622,234
8978,1,605,249
8979,1,596,258
8980,1,585,275
8981,1,579,281
8982,1,577,289
8983,1,573,292
8984,1,571,300
8985,1,570,309
8986,1,575,300
8987,1,577,289
8988,1,585,283
8989,1,588,277
8990,1,598,272
8991,1,601,270
8992,1,605,268
8993,1,609,268
8994,1,615,270
8995,1,622,275
8996,1,626,279
8997,1,630,285
8998,1,633,292
8999,1,637,302
9000,1,641,309
9001,1,646,330
9002,1,622,315
9003,1,609,300
9004,1,594,289
9005,1,585,281
9006,1,571,268
9007,1,562,268
9008,1,556,266
9009,1,551,266
9010,1,543,266
9011,1,536,270
9012,1,530,272
9013,1,526,277
9014,1,523,281
9015,1,521,287
9016,1,513,300
9017,1,511,307
9018,1,510,315
9019,1,510,309
9020,1,508,306
9021,1,510,296
9022,1,510,283
9023,1,508,279
9024,1,508,275
9025,1,506,272
9026,1,508,270
9027,1,510,270
9028,1,510,272
9029,1,511,275
9030,1,513,279
9031,1,513,285
9032,1,515,296
9033,1,517,304
9034,1,515,313
9035,1,515,324
9036,1,515,334
9037,0,0,0
9038,1,525,326
9039,1,528,313
9040,1,532,302
9041,1,536,292
9042,1,540,287
9043,1,547,275
9044,1,551,272
9045,1,555,268
9046,1,556,266
9047,1,560,266
9048,1,562,266
9049,1,564,268
9050,1,566,272
9051,1,568,277
9052,1,570,283
9053,1,573,294
9054,1,573,302
9055,1,575,311
9056,1,577,319
9057,1,579,332
9058,1,581,347
9059,0,0,0
9060,0,0,0
9061,1,538,302
9062,1,528,290
9063,1,517,283
9064,1,498,270
9065,1,487,264
9066,1,480,260
9067,1,470,258
9068,1,463,256
9069,1,446,256
9070,1,438,258
9071,1,431,260
9072,1,423,264
9073,1,416,268
9074,1,403,279
9075,1,397,287
9076,1,390,294
9077,1,384,304
9078,1,378,311
9079,1,367,332
9080,1,363,341
9081,1,360,355
9082,1,356,366
9083,1,350,379
9084,1,348,385
9085,1,346,379
9086,1,346,379
9087,1,346,379
9088,1,346,379
9089,1,346,383
9090,1,348,389
9091,1,348,389
9092,1,350,389
9093,1,350,389
9094,1,350,389
9095,1,350,389
9096,1,350,389
9097,1,350,389
9098,1,352,389
9099,1,352,389
9100,1,352,389
9101,1,352,389
9102,1,352,389
9103,1,352,389
9104,1,352,389
9105,1,352,389
9106,1,352,389
9107,1,352,389
9108,1,352,389
9109,1,352,389
9110,1,352,389
9111,1,352,389
9112,1,350,389
9113,1,350,389
9114,0,0,0
9115,0,0,0
9116,0,0,0
9117,0,0,0
9118,0,0,0
9119,0,0,0
9120,0,0,0
9121,0,0,0
9122,0,0,0
9123,0,0,0
9124,0,0,0
9125,0,0,0
9126,0,0,0
9127,1,517,306
9128,1,521,296
9129,1,526,289
9130,1,532,281
9131,1,538,277
9132,1,547,273
9133,1,553,272
9134,1,558,272
9135,1,564,272
9136,1,568,273
9137,1,577,281
9138,1,583,285
9139,1,586,290
9140,0,0,0
9141,1,596,307
9142,1,603,328
9143,1,607,336
9144,1,607,315
9145,1,609,290
9146,1,605,277
9147,1,603,268
9148,1,601,253
9149,1,600,247
9150,1,600,243
9151,1,598,241
9152,1,598,241
9153,1,598,241
9154,1,596,241
9155,1,596,243
9156,1,596,247
9157,1,596,251
9158,1,596,256
9159,1,603,228
9160,1,611,211
9161,1,618,194
9162,1,626,179
9163,1,637,154
9164,1,641,143
9165,1,646,134
9166,1,652,126
9167,1,658,120
9168,1,661,115
9169,1,671,109
9170,1,676,107
9171,1,682,105
9172,1,686,107
9173,1,691,111
9174,1,699,120
9175,1,705,128
9176,1,708,136
9177,1,712,147
9178,1,716,160
9179,1,586,217
9180,1,536,234
9181,1,506,245
9182,1,483,256
9183,1,468,264
9184,1,446,277
9185,1,436,283
9186,1,431,290
9187,1,423,296
9188,1,420,302
9189,1,414,309
9190,1,406,321
9191,1,405,328
9192,0,0,0
9193,1,397,311
9194,1,397,300
9195,1,390,289
9196,1,386,281
9197,1,384,277
9198,1,382,273
9199,1,378,272
9200,1,375,270
9201,1,371,270
9202,1,369,272
9203,1,367,273
9204,1,363,279
9205,1,360,290
9206,1,356,296
9207,1,354,304
9208,1,352,313
9209,1,348,324
9210,1,346,336
9211,1,343,362
9212,1,345,319
9213,1,348,279
9214,1,352,253
9215,1,356,232
9216,1,360,204
9217,1,361,194
9218,1,363,185
9219,1,363,179
9220,1,365,173
9221,1,369,170
9222,1,371,166
9223,1,371,166
9224,1,373,166
9225,1,375,168
9226,1,376,170
9227,1,378,173
9228,1,380,177
9229,1,382,181
9230,1,382,185
9231,1,384,190
9232,1,386,202
9233,1,388,207
9234,1,390,215
9235,1,391,221
9236,1,391,230
9237,1,393,243
9238,1,395,253
9239,1,393,260
9240,1,384,262
9241,1,378,264
9242,1,367,272
9243,1,361,277
9244,1,358,283
9245,1,352,289
9246,1,348,296
9247,1,339,313
9248,1,337,321
9249,1,335,319
9250,1,339,302
9251,1,343,289
9252,1,346,279
9253,1,350,272
9254,1,352,268
9255,1,354,266
9256,1,356,266
9257,1,358,266
9258,1,360,270
9259,1,361,272
9260,1,363,275
9261,1,363,279
9262,1,365,283
9263,1,367,294
9264,1,369,302
9265,1,369,309
9266,1,371,315
9267,1,369,309
9268,1,363,292
9269,1,363,285
9270,1,360,281
9271,1,356,279
9272,1,352,277
9273,1,348,275
9274,1,345,275
9275,1,343,277
9276,1,339,281
9277,1,337,283
9278,1,333,290
9279,1,330,302
9280,1,326,309
9281,1,324,319
9282,1,322,328
9283,1,318,340
9284,1,322,326
9285,1,326,309
9286,1,328,298
9287,1,328,292
9288,1,330,285
9289,1,333,275
9290,1,335,272
9291,1,337,270
9292,1,339,270
9293,1,341,270
9294,1,341,270
9295,1,345,273
9296,1,346,277
9297,1,348,283
9298,1,350,289
9299,1,352,296
9300,1,354,311
9301,1,356,319
9302,1,356,328
9303,1,358,338
9304,0,0,0
9305,1,356,326
9306,1,356,313
9307,1,354,304
9308,1,356,294
9309,1,356,289
9310,1,354,273
9311,1,352,270
9312,1,352,268
9313,1,350,266
9314,1,350,264
9315,1,348,264
9316,1,346,268
9317,1,345,270
9318,1,343,273
9319,1,343,279
9320,1,341,285
9321,1,341,302
9322,1,339,307
9323,1,341,304
9324,1,343,296
9325,1,345,290
9326,1,346,285
9327,1,348,283
9328,1,350,281
9329,1,352,281
9330,1,354,283
9331,1,354,292
9332,1,356,296
9333,1,356,300
9334,1,358,304
9335,1,360,309
9336,1,360,319
9337,1,360,336
9338,1,361,343
9339,1,363,338
9340,1,363,319
9341,1,361,307
9342,1,365,289
9343,1,363,277
9344,1,363,270
9345,1,361,266
9346,1,361,262
9347,1,361,256
9348,1,361,256
9349,1,363,255
9350,1,363,255
9351,1,361,256
9352,1,361,260
9353,1,360,266
9354,1,360,272
9355,1,363,277
9356,1,367,283
9357,1,369,290
9358,0,0,0
9359,0,0,0
9360,0,0,0
9361,0,0,0
9362,0,0,0
9363,0,0,0
9364,0,0,0
9365,0,0,0
9366,0,0,0
9367,0,0,0
9368,0,0,0
9369,0,0,0
9370,0,0,0
9371,0,0,0
9372,0,0,0
9373,0,0,0
9374,0,0,0
9375,0,0,0
9376,0,0,0
9377,0,0,0
9378,0,0,0
9379,0,0,0
9380,0,0,0
9381,0,0,0
9382,0,0,0
9383,0,0,0
9384,0,0,0
9385,0,0,0
9386,0,0,0
9387,0,0,0
9388,0,0,0
9389,0,0,0
9390,0,0,0
9391,0,0,0
9392,0,0,0
9393,0,0,0
9394,0,0,0
9395,0,0,0
9396,0,0,0
9397,0,0,0
9398,0,0,0
9399,0,0,0
9400,1,391,385
9401,1,393,385
9402,0,0,0
9403,0,0,0
9404,0,0,0
9405,0,0,0
9406,0,0,0
9407,0,0,0
9408,0,0,0
9409,0,0,0
9410,0,0,0
9411,0,0,0
9412,0,0,0
9413,0,0,0
9414,0,0,0
9415,0,0,0
9416,0,0,0
9417,1,523,306
9418,1,526,290
9419,1,528,281
9420,1,530,275
9421,1,532,273
9422,1,534,272
9423,1,536,272
9424,1,536,272
9425,1,538,275
9426,1,540,279
9427,1,540,283
9428,1,541,289
9429,1,543,294
9430,1,543,300
9431,1,515,289
9432,1,502,283
9433,1,491,277
9434,1,483,275
9435,1,476,275
9436,1,461,279
9437,1,453,281
9438,1,444,285
9439,1,436,290
9440,1,429,294
9441,1,421,302
9442,1,408,317
9443,1,401,328
9444,1,395,338
9445,1,388,351
9446,1,382,362
9447,1,376,336
9448,1,373,328
9449,1,367,313
9450,1,367,304
9451,1,367,294
9452,1,365,283
9453,1,363,279
9454,1,363,275
9455,1,363,273
9456,1,363,273
9457,1,363,275
9458,1,363,277
9459,1,363,279
9460,1,363,283
9461,1,365,290
9462,1,365,294
9463,1,367,309
9464,1,367,317
9465,1,369,328
9466,1,369,338
9467,1,369,347
9468,1,369,368
9469,1,369,377
9470,1,369,374
9471,1,367,370
9472,1,367,368
9473,1,367,368
9474,1,365,370
9475,1,365,372
9476,1,365,374
9477,1,365,377
9478,1,365,377
9479,1,365,377
9480,1,367,377
9481,0,0,0
9482,0,0,0
9483,0,0,0
9484,0,0,0
9485,0,0,0
9486,0,0,0
9487,0,0,0
9488,0,0,0
9489,0,0,0
9490,0,0,0
9491,0,0,0
9492,0,0,0
9493,1,369,379
9494,1,369,381
9495,1,369,379
9496,1,369,379
9497,1,369,379
9498,1,369,379
9499,1,369,379
9500,1,369,379
9501,1,369,379
9502,1,369,379
9503,1,369,381
9504,1,369,381
9505,1,369,381
9506,1,371,381
9507,0,0,0
9508,0,0,0
9509,0,0,0
9510,0,0,0
9511,0,0,0
9512,1,504,309
9513,1,510,302
9514,1,513,294
9515,1,525,279
9516,1,526,275
9517,1,530,273
9518,1,534,272
9519,1,540,270
9520,1,545,270
9521,1,549,272
9522,1,553,275
9523,1,556,279
9524,1,560,283
9525,1,564,290
9526,0,0,0
9527,0,0,0
9528,1,543,272
9529,1,526,245
9530,1,508,228
9531,1,487,204
9532,1,478,194
9533,1,468,188
9534,1,463,183
9535,1,457,181
9536,1,448,177
9537,1,444,177
9538,1,440,177
9539,1,436,177
9540,1,435,179
9541,1,429,185
9542,1,427,188
9543,1,425,192
9544,1,423,196
9545,1,421,202
9546,1,420,207
9547,1,418,219
9548,1,418,226
9549,1,416,234
9550,1,412,239
9551,1,406,236
9552,1,397,236
9553,1,393,236
9554,1,390,238
9555,1,386,239
9556,1,380,243
9557,1,375,253
9558,1,371,260
9559,1,367,268
9560,1,363,277
9561,1,360,287
9562,1,412,273
9563,1,431,264
9564,1,451,260
9565,1,470,258
9566,1,485,258
9567,1,498,258
9568,1,521,260
9569,1,530,264
9570,1,540,268
9571,1,547,272
9572,1,555,275
9573,1,570,287
9574,1,575,294
9575,1,581,300
9576,1,586,307
9577,1,592,315
9578,1,601,332
9579,1,605,340
9580,1,603,334
9581,1,585,287
9582,1,573,258
9583,1,551,211
9584,1,543,192
9585,1,532,173
9586,1,525,156
9587,1,515,141
9588,1,508,128
9589,1,491,107
9590,1,483,98
9591,1,476,90
9592,1,468,85
9593,1,459,79
9594,1,444,75
9595,1,435,75
9596,1,425,75
9597,1,418,79
9598,1,408,83
9599,1,393,98
9600,1,384,107
9601,1,376,119
9602,1,367,132
9603,1,360,147
9604,1,345,181
9605,1,335,202
9606,1,333,222
9607,1,346,230
9608,1,352,236
9609,1,356,241
9610,1,360,251
9611,1,361,255
9612,1,363,260
9613,1,365,264
9614,1,367,270
9615,1,369,281
9616,1,371,285
9617,1,371,292
9618,1,373,298
9619,1,373,306
9620,1,373,309
9621,1,369,296
9622,1,365,285
9623,1,361,279
9624,1,358,277
9625,1,352,270
9626,1,348,268
9627,1,345,268
9628,1,343,268
9629,1,339,268
9630,1,335,272
9631,1,330,279
9632,1,326,285
9633,1,324,292
9634,1,320,300
9635,1,318,307
9636,1,324,281
9637,1,330,253
9638,1,337,236
9639,1,341,222
9640,1,345,211
9641,1,352,196
9642,1,354,192
9643,1,356,188
9644,1,360,187
9645,1,361,185
9646,1,365,185
9647,1,367,187
9648,1,369,188
9649,1,371,192
9650,1,373,194
9651,1,375,198
9652,1,378,207
9653,1,380,211
9654,1,382,217
9655,1,384,222
9656,1,386,230
9657,1,390,243
9658,1,390,251
9659,1,391,256
9660,1,388,228
9661,1,384,204
9662,1,378,164
9663,1,375,147
9664,1,373,134
9665,1,371,120
9666,1,369,109
9667,1,363,90
9668,1,363,83
9669,1,360,77
9670,1,360,71
9671,1,356,68
9672,1,354,66
9673,1,350,64
9674,1,348,66
9675,1,345,68
9676,1,343,73
9677,1,341,81
9678,1,335,98
9679,1,333,109
9680,1,330,122
9681,1,326,137
9682,1,326,153
9683,1,348,132
9684,1,358,122
9685,1,363,117
9686,1,367,113
9687,1,371,113
9688,1,376,113
9689,1,378,113
9690,1,380,115
9691,1,382,119
9692,1,386,120
9693,1,386,124
9694,1,390,134
9695,1,391,137
9696,1,393,143
9697,1,395,149
9698,1,397,154
9699,1,399,168
9700,1,401,175
9701,1,403,181
9702,1,405,188
9703,1,405,198
9704,1,408,213
9705,1,408,222
9706,1,410,230
9707,1,412,239
9708,1,408,234
9709,1,393,187
9710,1,390,170
9711,1,384,154
9712,1,378,141
9713,1,375,130
9714,1,371,120
9715,1,361,103
9716,1,358,96
9717,1,354,90
9718,1,350,86
9719,1,346,85
9720,1,337,83
9721,1,333,83
9722,1,330,86
9723,1,324,90
9724,1,320,96
9725,1,311,113
9726,1,305,124
9727,1,300,137
9728,1,296,153
9729,1,290,170
9730,1,281,207
9731,1,315,211
9732,1,333,211
9733,1,350,211
9734,1,360,213
9735,1,369,215
9736,1,382,222
9737,1,386,226
9738,1,391,230
9739,1,395,236
9740,1,399,241
9741,1,405,253
9742,1,408,258
9743,1,410,264
9744,1,412,272
9745,1,416,279
9746,1,429,289
9747,1,440,277
9748,1,453,270
9749,1,465,264
9750,1,476,260
9751,1,500,256
9752,1,510,256
9753,1,521,256
9754,1,532,260
9755,1,541,262
9756,1,553,258
9757,1,558,247
9758,1,566,247
9759,1,570,247
9760,1,571,249
9761,1,575,249
9762,1,581,255
9763,1,583,260
9764,1,585,264
9765,1,586,268
9766,1,588,275
9767,1,592,287
9768,1,594,294
9769,1,596,302
9770,1,596,307
9771,1,598,315
9772,0,0,0
9773,1,615,292
9774,1,618,277
9775,1,626,260
9776,1,631,247
9777,1,637,234
9778,1,645,211
9779,1,650,204
9780,1,656,196
9781,1,660,188
9782,1,665,185
9783,1,675,177
9784,1,678,177
9785,1,684,177
9786,1,688,179
9787,1,693,183
9788,1,701,192
9789,1,705,200
9790,1,708,211
9791,1,712,221
9792,1,714,230
9793,1,665,224
9794,1,652,222
9795,1,641,222
9796,1,631,224
9797,1,624,226
9798,1,616,228
9799,1,607,236
9800,1,603,241
9801,1,600,245
9802,1,596,251
9803,1,594,256
9804,1,588,270
9805,1,586,277
9806,1,585,283
9807,1,585,292
9808,1,583,302
9809,0,0,0
9810,1,562,300
9811,1,553,290
9812,1,545,281
9813,1,536,275
9814,1,515,266
9815,1,506,264
9816,1,496,260
9817,1,487,260
9818,1,480,258
9819,1,472,260
9820,1,457,264
9821,1,448,268
9822,1,440,273
9823,1,433,279
9824,1,427,285
9825,1,412,304
9826,1,406,313
9827,1,401,321
9828,1,393,336
9829,1,393,334
9830,1,401,306
9831,1,401,296
9832,1,405,289
9833,1,410,281
9834,1,414,275
9835,1,420,272
9836,1,421,272
9837,1,423,272
9838,1,427,270
9839,1,429,272
9840,1,433,273
9841,1,438,283
9842,1,440,289
9843,0,0,0
9844,0,0,0
9845,0,0,0
9846,0,0,0
9847,0,0,0
9848,0,0,0
9849,1,446,268
9850,0,0,0
9851,1,440,154
9852,1,438,124
9853,1,436,98
9854,1,436,69
9855,1,435,47
9856,1,433,7
9857,0,0,0
9858,0,0,0
9859,0,0,0
9860,0,0,0
9861,0,0,0
9862,0,0,0
9863,0,0,0
9864,0,0,0
9865,0,0,0
9866,0,0,0
9867,0,0,0
9868,0,0,0
9869,0,0,0
9870,0,0,0
9871,0,0,0
9872,0,0,0
9873,0,0,0
9874,0,0,0
9875,0,0,0
9876,0,0,0
9877,0,0,0
9878,1,386,5
9879,1,384,26
9880,1,382,49
9881,1,380,71
9882,1,378,98
9883,1,375,154
9884,1,375,181
9885,1,375,207
9886,1,375,215
9887,1,375,222
9888,1,375,234
9889,1,376,239
9890,1,376,245
9891,1,376,251
9892,1,378,256
9893,1,378,268
9894,1,378,273
9895,1,380,281
9896,1,380,289
9897,1,382,294
9898,1,382,309
9899,1,382,302
9900,1,378,290
9901,1,375,279
9902,1,375,272
9903,1,375,264
9904,1,375,253
9905,1,373,247
9906,1,371,243
9907,1,369,241
9908,1,367,241
9909,1,365,241
9910,1,363,243
9911,1,363,245
9912,1,361,249
9913,1,361,253
9914,1,358,266
9915,1,358,273
9916,1,356,283
9917,1,356,292
9918,1,356,302
9919,1,352,324
9920,1,352,317
9921,1,352,302
9922,1,352,294
9923,1,350,289
9924,1,348,283
9925,1,350,273
9926,1,352,272
9927,1,352,270
9928,1,352,272
9929,1,352,273
9930,1,350,277
9931,1,348,279
9932,1,348,285
9933,1,348,290
9934,1,348,296
9935,1,352,309
9936,1,352,317
9937,1,352,326
9938,1,352,336
9939,1,354,338
9940,1,365,188
9941,1,369,143
9942,1,373,103
9943,1,376,66
9944,1,380,34
9945,1,384,5
9946,0,0,0
9947,0,0,0
9948,0,0,0
9949,0,0,0
9950,0,0,0
9951,0,0,0
9952,0,0,0
9953,0,0,0
9954,0,0,0
9955,0,0,0
9956,0,0,0
9957,0,0,0
9958,0,0,0
9959,0,0,0
9960,0,0,0
9961,0,0,0
9962,0,0,0
9963,0,0,0
9964,0,0,0
9965,0,0,0
9966,0,0,0
9967,0,0,0
9968,0,0,0
9969,0,0,0
9970,0,0,0
9971,0,0,0
9972,0,0,0
9973,0,0,0
9974,0,0,0
9975,1,459,3
9976,1,459,20
9977,1,463,73
9978,1,465,100
9979,1,466,128
9980,1,468,153
9981,0,0,0
9982,1,470,262
9983,1,470,272
9984,1,472,279
9985,1,472,287
9986,1,472,294
9987,1,474,300
9988,0,0,0
9989,1,472,283
9990,1,470,272
9991,1,468,262
9992,1,465,255
9993,1,461,239
9994,1,459,234
9995,1,457,230
9996,1,455,226
9997,1,453,224
9998,1,450,222
9999,1,448,224
10000,1,446,226
10001,1,444,228
10002,1,442,232
10003,1,438,245
10004,1,436,253
10005,1,435,260
10006,1,433,272
10007,1,438,275
10008,1,461,270
10009,1,485,264
10010,1,498,262
10011,1,508,260
10012,1,513,260
10013,1,519,262
10014,1,532,270
10015,1,538,273
10016,1,543,279
10017,1,549,283
10018,1,555,290
10019,1,564,306
10020,1,568,313
10021,1,571,321
10022,1,575,328
10023,1,579,340
10024,0,0,0
10025,1,570,290
10026,1,558,256
10027,1,551,228
10028,1,543,204
10029,1,536,183
10030,1,525,145
10031,1,517,128
10032,1,511,115
10033,1,506,102
10034,1,500,90
10035,1,489,71
10036,1,483,64
10037,1,476,56
10038,1,472,52
10039,1,465,49
10040,1,453,47
10041,1,446,49
10042,1,440,52
10043,1,435,56
10044,1,427,64
10045,1,416,83
10046,1,408,94
10047,1,403,109
10048,1,397,124
10049,1,390,139
10050,1,386,158
10051,1,375,198
10052,1,382,162
10053,1,382,143
10054,1,386,134
10055,1,388,126
10056,1,390,120
10057,1,391,120
10058,1,393,120
10059,1,393,120
10060,1,395,124
10061,1,397,128
10062,1,397,132
10063,1,399,136
10064,1,401,139
10065,1,401,143
10066,1,405,154
10067,1,405,160
10068,1,406,166
10069,1,406,173
10070,1,408,179
10071,1,408,187
10072,1,412,202
10073,1,412,211
10074,1,446,230
10075,1,476,245
10076,1,502,260
10077,1,543,285
10078,1,562,300
10079,1,581,313
10080,1,601,330
10081,1,616,343
10082,1,650,377
10083,1,667,398
10084,1,684,419
10085,1,697,438
10086,1,708,442
10087,1,729,440
10088,1,738,443
10089,1,751,445
10090,1,761,451
10091,1,772,457
10092,1,781,457
10093,1,798,459
10094,1,806,460
10095,1,811,460
10096,1,817,464
10097,1,823,464
10098,1,830,466
10099,1,830,470
10100,1,830,470
10101,1,830,470
10102,1,830,472
10103,1,832,472
10104,1,832,472
10105,1,834,472
10106,1,834,472
10107,1,834,472
10108,1,836,472
10109,1,836,470
10110,1,836,470
10111,1,836,470
10112,1,838,470
10113,1,838,468
10114,1,838,468
10115,1,838,470
10116,1,838,472
10117,0,0,0
10118,0,0,0
10119,1,513,290
10120,1,519,283
10121,1,521,279
10122,1,525,277
10123,1,528,275
10124,1,534,275
10125,1,538,275
10126,1,541,277
10127,1,543,281
10128,1,547,285
10129,1,553,296
10130,1,556,306
10131,1,558,313
10132,0,0,0
10133,1,543,304
10134,1,528,270
10135,1,498,228
10136,1,487,215
10137,1,480,204
10138,1,472,194
10139,1,465,187
10140,1,453,179
10141,1,450,175
10142,1,446,173
10143,1,442,173
10144,1,438,173
10145,1,435,175
10146,1,431,177
10147,1,429,181
10148,1,427,185
10149,1,425,188
10150,1,423,198
10151,1,421,204
10152,1,420,209
10153,1,420,215
10154,1,418,221
10155,1,418,228
10156,1,418,245
10157,1,429,245
10158,1,438,249
10159,1,448,253
10160,1,455,256
10161,1,470,268
10162,1,476,272
10163,1,483,279
10164,1,489,287
10165,1,495,296
10166,1,508,315
10167,1,513,328
10168,1,519,341
10169,1,498,300
10170,1,483,264
10171,1,461,222
10172,1,455,207
10173,1,450,198
10174,1,444,190
10175,1,440,185
10176,1,436,179
10177,1,431,175
10178,1,427,173
10179,1,425,173
10180,1,423,173
10181,1,423,175
10182,1,420,181
10183,1,420,183
10184,1,418,187
10185,1,418,192
10186,1,416,196
10187,1,416,207
10188,1,416,213
10189,1,416,219
10190,1,416,226
10191,1,414,234
10192,1,408,249
10193,1,401,249
10194,1,393,253
10195,1,386,258
10196,1,380,262
10197,1,375,268
10198,1,363,281
10199,1,358,290
10200,1,352,298
10201,1,348,307
10202,1,343,317
10203,1,333,343
10204,1,328,357
10205,1,324,370
10206,1,324,349
10207,1,326,330
10208,1,326,302
10209,1,330,292
10210,1,331,287
10211,1,333,281
10212,1,335,277
10213,1,337,273
10214,1,337,273
10215,1,339,273
10216,1,341,275
10217,1,341,277
10218,1,343,281
10219,1,345,289
10220,1,346,294
10221,1,348,300
10222,1,348,306
10223,1,350,313
10224,1,352,328
10225,1,352,336
10226,1,354,330
10227,1,354,323
10228,1,354,309
10229,1,356,290
10230,1,360,283
10231,1,360,277
10232,1,361,272
10233,1,361,268
10234,1,361,264
10235,1,361,262
10236,1,363,260
10237,1,363,260
10238,1,363,262
10239,1,365,266
10240,1,367,275
10241,1,367,281
10242,1,367,287
10243,1,369,294
10244,1,369,304
10245,0,0,0
10246,0,0,0
10247,0,0,0
10248,1,375,264
10249,1,378,238
10250,1,380,202
10251,1,382,188
10252,1,384,177
10253,1,386,168
10254,1,386,162
10255,1,390,151
10256,1,390,147
10257,1,391,145
10258,1,393,143
10259,1,393,143
10260,1,395,143
10261,1,397,145
10262,1,397,147
10263,1,399,151
10264,1,401,153
10265,1,401,156
10266,1,405,166
10267,1,405,171
10268,1,406,179
10269,1,408,185
10270,1,408,192
10271,1,410,207
10272,1,412,215
10273,1,412,222
10274,1,416,236
10275,1,431,238
10276,1,468,241
10277,1,483,245
10278,1,498,249
10279,1,511,255
10280,1,525,258
10281,1,538,266
10282,1,562,279
10283,1,573,287
10284,1,585,296
10285,1,596,306
10286,1,607,317
10287,1,626,341
10288,1,635,353
10289,1,645,368
10290,1,652,381
10291,1,652,368
10292,1,641,328
10293,1,637,313
10294,1,633,302
10295,1,630,294
10296,1,626,287
10297,1,620,279
10298,1,616,277
10299,1,615,275
10300,1,613,275
10301,1,611,275
10302,1,609,275
10303,1,605,281
10304,1,603,285
10305,1,603,290
10306,0,0,0
10307,0,0,0
10308,0,0,0
10309,0,0,0
10310,0,0,0
10311,1,609,302
10312,1,616,281
10313,1,633,249
10314,1,641,236
10315,1,648,222
10316,1,656,211
10317,1,663,202
10318,1,676,187
10319,1,682,179
10320,1,690,175
10321,1,697,171
10322,1,703,170
10323,1,710,170
10324,1,723,173
10325,1,731,177
10326,1,736,181
10327,1,744,188
10328,1,750,198
10329,1,763,221
10330,1,718,226
10331,1,678,230
10332,1,658,230
10333,1,643,232
10334,1,624,238
10335,1,616,241
10336,1,611,243
10337,1,607,247
10338,1,603,251
10339,1,598,258
10340,1,594,264
10341,1,585,260
10342,1,577,258
10343,1,571,255
10344,1,564,253
10345,1,551,251
10346,1,543,253
10347,1,538,253
10348,1,530,256
10349,1,525,260
10350,1,513,268
10351,1,508,275
10352,1,502,283
10353,1,496,290
10354,1,491,298
10355,0,0,0
10356,1,476,332
10357,1,470,341
10358,1,465,358
10359,1,461,370
10360,1,481,268
10361,1,487,239
10362,1,493,219
10363,1,498,202
10364,1,500,188
10365,1,504,177
10366,1,510,162
10367,1,513,156
10368,1,515,151
10369,1,517,149
10370,1,521,147
10371,1,525,145
10372,1,526,145
10373,1,528,145
10374,1,530,147
10375,1,532,151
10376,1,536,156
10377,1,538,160
10378,1,540,166
10379,1,540,170
10380,1,543,177
10381,1,547,188
10382,1,547,196
10383,1,549,204
10384,1,551,211
10385,1,551,222
10386,1,534,236
10387,1,504,262
10388,1,491,273
10389,1,481,285
10390,1,468,300
10391,1,459,313
10392,1,438,343
10393,1,427,360
10394,1,418,377
10395,1,408,396
10396,1,405,402
10397,1,427,334
10398,1,433,313
10399,1,438,300
10400,1,446,289
10401,1,450,279
10402,1,459,266
10403,1,463,262
10404,1,466,258
10405,1,470,256
10406,1,472,256
10407,1,476,256
10408,1,480,260
10409,1,483,264
10410,1,485,268
10411,1,489,272
10412,1,491,277
10413,1,495,289
10414,1,496,294
10415,1,498,302
10416,1,500,309
10417,1,502,319
10418,0,0,0
10419,1,528,302
10420,1,543,289
10421,1,558,275
10422,1,571,260
10423,1,596,239
10424,1,609,230
10425,1,620,222
10426,1,631,217
10427,1,645,211
10428,1,656,209
10429,1,678,207
10430,1,690,207
10431,1,701,209
10432,1,712,213
10433,1,723,219
10434,1,746,232
10435,1,757,241
10436,1,768,253
10437,1,778,266
10438,1,789,281
10439,1,810,315
10440,1,821,336
10441,1,828,355
10442,1,840,381
10443,1,849,404
10444,1,868,457
10445,1,877,483
10446,1,883,491
10447,1,886,479
10448,1,885,476
10449,1,886,474
10450,1,886,474
10451,1,888,474
10452,1,892,479
10453,1,894,485
10454,1,898,493
10455,1,907,498
10456,0,0,0
10457,0,0,0
10458,0,0,0
10459,0,0,0
10460,0,0,0
10461,0,0,0
10462,0,0,0
10463,0,0,0
10464,0,0,0
10465,0,0,0
10466,0,0,0
10467,0,0,0
10468,0,0,0
10469,0,0,0
10470,0,0,0
10471,0,0,0
10472,0,0,0
10473,0,0,0
10474,0,0,0
10475,0,0,0
10476,0,0,0
10477,0,0,0
10478,0,0,0
10479,0,0,0
10480,0,0,0
10481,1,495,290
10482,1,491,283
10483,1,487,279
10484,1,481,275
10485,1,476,273
10486,1,470,272
10487,1,465,272
10488,1,461,273
10489,1,457,277
10490,1,453,281
10491,1,450,285
10492,1,442,298
10493,1,438,307
10494,1,435,317
10495,1,423,306
10496,1,421,294
10497,1,410,281
10498,1,408,275
10499,1,406,272
10500,1,405,268
10501,1,403,268
10502,1,401,270
10503,1,401,273
10504,1,399,277
10505,1,397,281
10506,1,397,285
10507,1,393,298
10508,1,393,306
10509,1,393,311
10510,1,388,304
10511,1,384,294
10512,1,382,287
10513,1,376,275
10514,1,375,272
10515,1,373,270
10516,1,371,268
10517,1,369,266
10518,1,365,266
10519,1,363,270
10520,1,363,273
10521,1,361,279
10522,1,360,285
10523,1,356,302
10524,1,354,309
10525,1,354,317
10526,1,352,328
10527,1,382,281
10528,1,414,239
10529,1,427,226
10530,1,436,215
10531,1,446,205
10532,1,455,198
10533,1,463,192
10534,1,476,185
10535,1,483,183
10536,1,489,183
10537,1,493,183
10538,1,498,183
10539,1,508,185
10540,1,511,188
10541,1,517,190
10542,0,0,0
10543,1,525,200
10544,1,530,209
10545,1,534,215
10546,1,538,221
10547,1,540,226
10548,1,543,234
10549,1,549,249
10550,1,553,256
10551,1,555,266
10552,1,556,273
10553,1,558,281
10554,1,553,247
10555,1,545,188
10556,1,541,166
10557,1,540,147
10558,1,536,128
10559,1,532,113
10560,1,528,86
10561,1,525,75
10562,1,523,64
10563,1,519,54
10564,1,517,47
10565,1,511,34
10566,1,510,30
10567,1,508,26
10568,1,504,26
10569,1,502,24
10570,1,496,26
10571,1,495,30
10572,1,491,35
10573,1,489,41
10574,1,485,51
10575,1,483,60
10576,1,478,86
10577,1,474,102
10578,1,472,117
10579,1,468,136
10580,1,433,222
10581,1,410,277
10582,1,405,292
10583,1,401,302
10584,1,399,311
10585,1,397,319
10586,1,393,336
10587,1,393,341
10588,1,393,347
10589,1,391,357
10590,1,391,353
10591,1,391,349
10592,1,390,349
10593,0,0,0
10594,0,0,0
10595,0,0,0
10596,0,0,0
10597,0,0,0
10598,0,0,0
10599,0,0,0
10600,0,0,0
10601,0,0,0
10602,0,0,0
10603,0,0,0
10604,0,0,0
10605,0,0,0
10606,0,0,0
10607,0,0,0
10608,0,0,0
10609,0,0,0
10610,0,0,0
10611,0,0,0
10612,0,0,0
10613,0,0,0
10614,0,0,0
10615,0,0,0
10616,1,378,345
10617,1,376,345
10618,1,376,345
10619,1,376,345
10620,1,376,343
10621,0,0,0
10622,0,0,0
10623,0,0,0
10624,0,0,0
10625,0,0,0
10626,0,0,0
10627,0,0,0
10628,1,506,306
10629,1,510,300
10630,1,513,290
10631,1,519,283
10632,1,525,277
10633,1,528,273
10634,1,534,272
10635,1,538,272
10636,1,541,272
10637,1,545,272
10638,1,549,275
10639,1,555,283
10640,1,558,289
10641,1,562,296
10642,1,564,302
10643,0,0,0
10644,1,536,273
10645,1,517,249
10646,1,502,230
10647,1,489,217
10648,1,478,205
10649,1,461,192
10650,1,453,187
10651,1,448,183
10652,1,442,181
10653,1,436,181
10654,1,429,179
10655,1,423,181
10656,1,421,183
10657,1,418,185
10658,1,416,188
10659,1,412,192
10660,1,408,200
10661,1,405,205
10662,1,403,211
10663,1,401,217
10664,1,401,224
10665,1,397,238
10666,1,397,247
10667,1,403,253
10668,1,410,260
10669,1,416,266
10670,1,427,279
10671,1,433,287
10672,1,436,296
10673,1,442,307
10674,1,446,317
10675,0,0,0
10676,1,435,292
10677,1,433,277
10678,1,429,268
10679,1,425,262
10680,1,423,256
10681,1,420,253
10682,1,418,251
10683,1,416,251
10684,1,414,253
10685,1,412,255
10686,1,412,260
10687,1,410,264
10688,1,410,270
10689,1,408,275
10690,1,408,283
10691,1,408,296
10692,1,408,304
10693,1,408,311
10694,1,408,319
10695,1,408,328
10696,1,416,311
10697,1,420,300
10698,1,423,292
10699,1,427,283
10700,1,431,275
10701,1,435,272
10702,1,440,268
10703,1,444,268
10704,1,448,268
10705,1,450,268
10706,1,455,268
10707,1,461,273
10708,1,465,277
10709,1,468,283
10710,1,472,290
10711,1,474,296
10712,1,480,313
10713,0,0,0
10714,1,487,336
10715,0,0,0
10716,0,0,0
10717,1,459,232
10718,1,453,213
10719,1,448,196
10720,1,444,185
10721,1,440,175
10722,1,438,168
10723,1,431,154
10724,1,429,151
10725,1,427,147
10726,1,425,145
10727,1,423,145
10728,1,421,145
10729,1,420,145
10730,1,418,147
10731,1,418,151
10732,1,416,153
10733,1,414,162
10734,1,414,166
10735,1,414,171
10736,1,412,177
10737,1,412,185
10738,1,412,198
10739,1,412,205
10740,1,412,213
10741,1,412,221
10742,1,412,230
10743,1,408,238
10744,1,397,243
10745,1,391,247
10746,1,388,251
10747,1,384,256
10748,1,380,262
10749,1,375,275
10750,1,371,283
10751,1,367,292
10752,1,363,304
10753,1,360,315
10754,1,354,340
10755,1,352,353
10756,1,367,332
10757,1,376,309
10758,1,386,296
10759,1,397,279
10760,1,405,275
10761,1,408,272
10762,1,414,268
10763,1,418,268
10764,1,421,268
10765,1,429,270
10766,1,433,272
10767,1,435,275
10768,1,438,279
10769,1,442,283
10770,1,446,294
10771,1,451,302
10772,0,0,0
10773,0,0,0
10774,0,0,0
10775,0,0,0
10776,1,465,302
10777,1,466,292
10778,1,468,283
10779,1,468,275
10780,1,474,268
10781,1,476,264
10782,1,480,262
10783,1,481,260
10784,1,483,260
10785,1,485,262
10786,1,489,264
10787,1,491,268
10788,1,493,273
10789,1,495,279
10790,1,496,287
10791,1,500,304
10792,1,502,313
10793,1,504,326
10794,1,506,338
10795,0,0,0
10796,1,468,253
10797,1,461,238
10798,1,455,226
10799,1,450,215
10800,1,446,209
10801,1,438,200
10802,1,435,196
10803,1,431,194
10804,1,429,192
10805,1,427,192
10806,1,423,194
10807,1,420,196
10808,1,420,200
10809,1,418,204
10810,1,416,207
10811,1,416,211
10812,1,412,222
10813,1,412,228
10814,1,433,238
10815,1,461,245
10816,1,485,253
10817,1,528,266
10818,1,549,273
10819,1,566,283
10820,1,585,292
10821,1,603,304
10822,1,637,328
10823,1,654,341
10824,1,671,357
10825,1,684,372
10826,1,678,338
10827,1,665,304
10828,1,650,264
10829,1,645,251
10830,1,639,241
10831,1,635,232
10832,1,633,226
10833,1,626,221
10834,1,624,219
10835,1,622,219
10836,1,620,219
10837,1,618,222
10838,1,615,226
10839,1,615,230
10840,1,613,234
10841,1,613,239
10842,1,611,247
10843,1,611,258
10844,1,609,266
10845,1,609,273
10846,1,609,283
10847,1,609,290
10848,1,609,300
10849,1,622,283
10850,1,631,272
10851,1,637,262
10852,1,645,258
10853,1,652,253
10854,1,665,245
10855,1,673,243
10856,1,680,243
10857,1,688,243
10858,1,693,245
10859,1,708,253
10860,1,716,260
10861,1,723,268
10862,1,729,277
10863,1,736,287
10864,1,750,311
10865,1,757,324
10866,1,765,340
10867,1,768,358
10868,1,776,375
10869,1,781,394
10870,1,793,438
10871,1,796,459
10872,0,0,0
10873,0,0,0
10874,0,0,0
10875,1,802,445
10876,1,802,445
10877,1,802,445
10878,1,802,447
10879,1,802,455
10880,1,804,459
10881,1,804,459
10882,1,806,459
10883,1,806,460
10884,1,806,460
10885,1,808,460
10886,1,808,462
10887,0,0,0
10888,0,0,0
10889,0,0,0
10890,0,0,0
10891,0,0,0
10892,0,0,0
10893,0,0,0
10894,0,0,0
10895,0,0,0
10896,0,0,0
10897,0,0,0
10898,0,0,0
10899,0,0,0
10900,0,0,0
10901,0,0,0
10902,0,0,0
10903,0,0,0
10904,0,0,0
10905,1,495,306
10906,1,476,289
10907,1,466,279
10908,1,457,277
10909,1,450,275
10910,1,442,273
10911,1,435,272
10912,1,420,273
10913,1,412,275
10914,1,405,279
10915,1,399,283
10916,1,391,289
10917,1,378,302
10918,1,373,309
10919,1,367,319
10920,1,360,330
10921,1,356,340
10922,1,348,328
10923,1,348,315
10924,1,345,304
10925,1,346,294
10926,1,348,287
10927,1,350,275
10928,1,352,272
10929,1,352,270
10930,1,354,270
10931,1,356,272
10932,1,358,273
10933,1,360,279
10934,1,360,283
10935,1,361,289
10936,1,361,294
10937,1,363,300
10938,1,365,315
10939,1,367,321
10940,1,363,311
10941,1,363,300
10942,1,361,290
10943,1,363,279
10944,1,363,273
10945,1,363,270
10946,1,361,266
10947,1,361,264
10948,1,360,264
10949,1,360,264
10950,1,360,266
10951,1,358,270
10952,1,356,273
10953,1,356,279
10954,1,354,294
10955,1,354,302
10956,1,354,313
10957,1,354,324
10958,1,354,334
10959,1,361,275
10960,1,363,243
10961,1,367,217
10962,1,371,196
10963,1,373,179
10964,1,378,154
10965,1,378,145
10966,1,380,137
10967,1,382,130
10968,1,384,126
10969,1,388,119
10970,1,390,117
10971,1,390,115
10972,1,391,115
10973,1,393,115
10974,1,395,117
10975,1,397,119
10976,1,399,122
10977,1,401,126
10978,1,401,130
10979,1,403,136
10980,1,406,147
10981,1,408,154
10982,1,408,160
10983,1,410,168
10984,1,412,175
10985,1,414,192
10986,1,416,200
10987,1,416,209
10988,1,418,221
10989,1,451,239
10990,1,500,266
10991,1,523,279
10992,1,541,290
10993,1,562,306
10994,1,575,317
10995,1,596,336
10996,1,630,372
10997,1,648,391
10998,1,663,408
10999,1,656,374
11000,1,643,343
11001,1,631,311
11002,1,628,302
11003,1,624,292
11004,1,622,287
11005,1,618,283
11006,1,615,279
11007,1,613,279
11008,1,611,279
11009,1,611,281
11010,1,609,283
11011,1,607,290
11012,1,607,296
11013,1,607,302
11014,1,605,307
11015,0,0,0
11016,0,0,0
11017,0,0,0
11018,0,0,0
11019,0,0,0
11020,0,0,0
11021,0,0,0
11022,1,615,304
11023,1,618,296
11024,1,620,292
11025,1,622,290
11026,1,624,289
11027,1,628,287
11028,1,630,285
11029,1,633,287
11030,1,635,289
11031,1,635,290
11032,1,635,294
11033,1,633,298
11034,1,633,304
11035,1,631,309
11036,1,630,317
11037,1,630,323
11038,1,630,340
11039,1,630,349
11040,1,630,360
11041,0,0,0
11042,0,0,0
11043,0,0,0
11044,0,0,0
11045,0,0,0
11046,0,0,0
11047,0,0,0
11048,0,0,0
11049,0,0,0
11050,0,0,0
11051,0,0,0
11052,0,0,0
11053,0,0,0
11054,0,0,0
11055,0,0,0
11056,0,0,0
11057,0,0,0
11058,0,0,0
11059,0,0,0
11060,0,0,0
11061,0,0,0
11062,0,0,0
11063,0,0,0
11064,0,0,0
11065,0,0,0
11066,0,0,0
11067,0,0,0
11068,0,0,0
11069,0,0,0
11070,0,0,0
11071,0,0,0
11072,0,0,0
11073,0,0,0
11074,1,517,298
11075,1,519,289
11076,1,521,279
11077,1,521,275
11078,1,521,273
11079,1,521,272
11080,1,521,272
11081,1,521,272
11082,1,523,273
11083,1,523,277
11084,1,525,281
11085,1,525,290
11086,1,525,294
11087,1,525,302
11088,0,0,0
11089,1,504,290
11090,1,485,283
11091,1,476,277
11092,1,470,275
11093,1,465,272
11094,1,459,270
11095,1,444,273
11096,1,436,277
11097,1,431,281
11098,1,425,285
11099,1,418,292
11100,1,412,300
11101,1,401,315
11102,0,0,0
11103,1,390,336
11104,1,391,326
11105,1,397,309
11106,1,406,290
11107,1,408,285
11108,1,410,279
11109,1,414,275
11110,1,418,272
11111,1,423,272
11112,1,427,272
11113,1,429,273
11114,1,433,275
11115,1,435,279
11116,1,442,289
11117,1,444,294
11118,1,446,300
11119,1,446,307
11120,1,448,317
11121,1,450,321
11122,0,0,0
11123,0,0,0
11124,1,442,296
11125,1,438,260
11126,1,433,234
11127,1,425,185
11128,1,421,162
11129,1,418,143
11130,1,414,124
11131,1,412,109
11132,1,405,81
11133,1,401,69
11134,1,399,60
11135,1,395,51
11136,1,393,43
11137,1,388,30
11138,1,384,26
11139,1,382,24
11140,1,378,22
11141,1,375,22
11142,1,371,26
11143,1,363,34
11144,1,360,41
11145,1,356,51
11146,1,352,60
11147,1,348,73
11148,1,341,103
11149,1,337,120
11150,1,335,139
11151,1,333,160
11152,0,0,0
11153,0,0,0
11154,0,0,0
11155,1,371,281
11156,1,373,290
11157,1,375,296
11158,1,378,307
11159,1,378,313
11160,0,0,0
11161,1,373,307
11162,1,371,298
11163,1,369,290
11164,1,361,279
11165,1,358,275
11166,1,356,272
11167,1,352,268
11168,1,348,268
11169,1,345,268
11170,1,341,268
11171,1,337,272
11172,1,335,275
11173,1,331,279
11174,1,328,292
11175,1,324,300
11176,1,320,309
11177,1,318,321
11178,1,316,332
11179,1,311,353
11180,0,0,0
11181,1,316,321
11182,1,320,306
11183,1,322,294
11184,1,324,283
11185,1,330,277
11186,1,331,273
11187,1,333,272
11188,1,335,272
11189,1,337,270
11190,1,339,272
11191,1,341,273
11192,1,343,277
11193,1,345,283
11194,1,345,289
11195,1,348,298
11196,1,350,306
11197,1,352,311
11198,1,371,290
11199,1,386,270
11200,1,416,234
11201,1,429,221
11202,1,442,207
11203,1,455,196
11204,1,468,188
11205,1,480,179
11206,1,504,168
11207,1,517,164
11208,1,530,162
11209,1,541,162
11210,1,553,162
11211,1,577,168
11212,1,590,173
11213,1,603,181
11214,1,615,190
11215,1,628,202
11216,1,652,228
11217,1,663,245
11218,1,675,264
11219,1,682,279
11220,1,648,279
11221,1,620,275
11222,1,611,275
11223,1,607,277
11224,1,601,279
11225,1,600,281
11226,1,596,283
11227,1,592,292
11228,1,590,296
11229,0,0,0
11230,0,0,0
11231,0,0,0
11232,1,603,287
11233,1,611,279
11234,1,618,272
11235,1,624,266
11236,1,630,262
11237,1,641,256
11238,1,646,256
11239,1,652,256
11240,1,658,260
11241,1,663,262
11242,1,673,272
11243,1,671,272
11244,1,656,262
11245,1,646,255
11246,1,637,249
11247,1,635,249
11248,1,628,249
11249,1,624,251
11250,1,620,253
11251,1,616,256
11252,1,615,260
11253,1,611,272
11254,1,609,275
11255,1,607,283
11256,1,607,290
11257,0,0,0
11258,0,0,0
11259,0,0,0
11260,0,0,0
11261,0,0,0
11262,0,0,0
11263,1,560,260
11264,1,547,239
11265,1,536,221
11266,1,525,204
11267,1,513,188
11268,1,504,175
11269,1,483,153
11270,1,474,143
11271,1,463,136
11272,1,453,128
11273,1,444,124
11274,1,425,119
11275,1,414,117
11276,1,405,119
11277,1,393,120
11278,1,384,126
11279,1,363,139
11280,1,354,149
11281,1,343,162
11282,1,333,173
11283,1,324,188
11284,1,378,251
11285,1,388,262
11286,1,395,270
11287,1,401,277
11288,1,405,283
11289,1,408,290
11290,1,412,300
11291,1,416,306
11292,1,416,307
11293,1,420,294
11294,1,418,281
11295,1,421,266
11296,1,421,260
11297,1,423,253
11298,1,423,249
11299,1,425,245
11300,1,427,243
11301,1,429,243
11302,1,429,245
11303,1,431,247
11304,1,431,251
11305,1,433,262
11306,1,433,270
11307,1,435,279
11308,1,435,287
11309,1,435,298
11310,1,427,277
11311,1,421,222
11312,1,420,207
11313,1,416,196
11314,1,416,188
11315,1,414,181
11316,1,412,173
11317,1,412,171
11318,1,410,171
11319,1,410,171
11320,1,410,171
11321,1,410,175
11322,1,410,177
11323,1,410,181
11324,1,410,185
11325,1,410,188
11326,1,412,200
11327,1,412,205
11328,1,412,211
11329,1,412,219
11330,1,412,224
11331,1,414,232
11332,1,410,239
11333,1,406,238
11334,1,405,238
11335,1,401,238
11336,1,399,239
11337,1,395,243
11338,1,393,247
11339,1,391,253
11340,1,390,258
11341,1,388,266
11342,1,384,281
11343,1,382,290
11344,1,380,302
11345,1,378,313
11346,1,378,326
11347,1,373,357
11348,1,382,343
11349,1,390,324
11350,1,397,307
11351,1,403,296
11352,1,408,289
11353,1,420,279
11354,1,423,277
11355,1,427,275
11356,1,431,275
11357,1,435,273
11358,1,442,277
11359,1,444,279
11360,1,448,283
11361,1,451,289
11362,1,453,294
11363,1,459,306
11364,0,0,0
11365,0,0,0
11366,0,0,0
11367,1,465,287
11368,1,468,275
11369,1,468,270
11370,1,468,266
11371,1,468,264
11372,1,470,264
11373,1,470,264
11374,1,472,264
11375,1,472,268
11376,1,472,272
11377,1,472,277
11378,1,472,283
11379,0,0,0
11380,0,0,0
11381,0,0,0
11382,0,0,0
11383,0,0,0
11384,1,461,245
11385,1,455,226
11386,1,451,209
11387,1,450,196
11388,1,446,185
11389,1,444,170
11390,1,442,162
11391,1,440,158
11392,1,438,154
11393,1,438,153
11394,1,438,151
11395,1,436,151
11396,1,436,151
11397,1,435,153
11398,1,435,154
11399,1,435,158
11400,1,435,166
11401,1,435,170
11402,1,435,175
11403,1,435,181
11404,1,435,188
11405,1,435,202
11406,1,436,209
11407,1,461,222
11408,1,487,234
11409,1,508,241
11410,1,545,262
11411,1,564,272
11412,1,581,283
11413,1,596,294
11414,1,611,307
11415,1,626,321
11416,1,656,351
11417,1,669,368
11418,1,682,385
11419,1,693,404
11420,1,703,411
11421,1,667,340
11422,1,658,317
11423,1,650,302
11424,1,643,290
11425,1,637,279
11426,1,626,266
11427,1,622,260
11428,1,616,256
11429,1,613,255
11430,1,609,255
11431,1,603,256
11432,1,601,258
11433,1,600,260
11434,1,596,264
11435,1,594,270
11436,1,592,275
11437,1,588,287
11438,1,588,294
11439,1,588,302
11440,1,586,309
11441,1,585,321
11442,0,0,0
11443,0,0,0
11444,1,592,307
11445,1,592,296
11446,1,594,289
11447,1,600,275
11448,1,601,270
11449,1,603,266
11450,1,603,262
11451,1,605,260
11452,1,607,260
11453,1,609,260
11454,1,609,260
11455,1,611,264
11456,1,615,268
11457,1,616,273
11458,1,620,287
11459,1,622,294
11460,1,622,304
11461,1,624,313
11462,1,626,323
11463,1,586,258
11464,1,568,230
11465,1,553,207
11466,1,540,190
11467,1,530,175
11468,1,513,153
11469,1,508,145
11470,1,500,137
11471,1,495,134
11472,1,489,130
11473,1,481,124
11474,1,478,122
11475,1,472,122
11476,1,470,122
11477,1,466,124
11478,1,463,126
11479,1,459,132
11480,1,457,136
11481,1,453,139
11482,1,451,145
11483,1,450,151
11484,1,448,162
11485,1,446,170
11486,1,444,177
11487,1,444,185
11488,1,442,192
11489,1,440,209
11490,1,438,221
11491,1,418,241
11492,1,401,256
11493,1,390,272
11494,1,363,302
11495,1,352,317
11496,1,341,334
11497,1,330,353
11498,1,318,368
11499,1,307,392
11500,1,318,334
11501,1,326,309
11502,1,331,296
11503,1,335,285
11504,1,339,275
11505,1,345,264
11506,1,346,260
11507,1,350,258
11508,1,352,256
11509,1,354,256
11510,1,358,260
11511,1,360,262
11512,1,361,266
11513,1,363,270
11514,1,365,275
11515,1,369,287
11516,1,371,294
11517,1,373,302
11518,1,375,309
11519,1,376,315
11520,0,0,0
11521,0,0,0
11522,0,0,0
11523,1,378,324
11524,1,376,311
11525,1,375,302
11526,1,375,285
11527,1,375,279
11528,1,373,273
11529,1,371,272
11530,1,367,268
11531,1,365,266
11532,1,363,266
11533,1,363,268
11534,1,361,268
11535,1,361,272
11536,1,358,283
11537,1,356,289
11538,1,356,294
11539,1,354,304
11540,1,352,313
11541,1,350,324
11542,1,376,273
11543,1,391,241
11544,1,405,215
11545,1,414,194
11546,1,423,179
11547,1,438,154
11548,1,444,145
11549,1,451,137
11550,1,457,132
11551,1,461,126
11552,1,470,120
11553,1,476,119
11554,1,480,119
11555,1,483,117
11556,1,487,119
11557,1,495,122
11558,1,498,124
11559,1,502,128
11560,1,506,132
11561,1,510,136
11562,1,511,141
11563,1,517,153
11564,1,521,158
11565,1,525,166
11566,1,526,173
11567,1,528,181
11568,1,534,196
11569,1,536,205
11570,1,538,215
11571,1,540,224
11572,1,541,232
11573,1,560,232
11574,1,570,230
11575,1,579,230
11576,1,586,230
11577,1,594,232
11578,1,609,238
11579,1,616,241
11580,1,622,247
11581,1,630,255
11582,1,637,262
11583,1,643,272
11584,1,654,294
11585,1,635,294
11586,1,603,275
11587,1,577,264
11588,1,562,256
11589,1,530,249
11590,1,517,249
11591,1,508,249
11592,1,498,249
11593,1,489,251
11594,1,474,256
11595,1,468,260
11596,1,463,266
11597,1,457,272
11598,1,453,277
11599,1,444,290
11600,1,442,296
11601,1,438,306
11602,1,435,313
11603,1,433,321
11604,1,431,330
11605,0,0,0
11606,1,421,338
11607,1,414,298
11608,1,408,273
11609,1,401,251
11610,1,390,209
11611,1,386,192
11612,1,380,177
11613,1,376,162
11614,1,371,149
11615,1,361,126
11616,1,358,119
11617,1,354,111
11618,1,348,103
11619,1,345,100
11620,1,335,94
11621,1,330,94
11622,1,324,94
11623,1,318,98
11624,1,313,102
11625,1,307,109
11626,1,296,126
11627,1,290,139
11628,1,285,153
11629,1,279,168
11630,1,273,185
11631,1,262,226
11632,1,258,249
11633,1,281,256
11634,1,307,253
11635,1,326,251
11636,1,345,251
11637,1,352,253
11638,1,358,255
11639,1,363,258
11640,1,367,262
11641,1,375,272
11642,1,376,275
11643,1,378,281
11644,1,382,285
11645,1,384,292
11646,1,386,300
11647,1,390,313
11648,1,391,321
11649,0,0,0
11650,0,0,0
11651,0,0,0
11652,1,390,306
11653,1,388,296
11654,1,386,290
11655,1,382,285
11656,1,378,279
11657,1,376,275
11658,1,375,273
11659,1,375,273
11660,1,373,273
11661,1,371,273
11662,1,367,279
11663,1,365,283
11664,1,363,290
11665,1,360,296
11666,1,360,304
11667,1,358,313
11668,1,354,332
11669,1,352,341
11670,1,352,355
11671,0,0,0
11672,1,352,275
11673,1,356,205
11674,1,358,181
11675,1,360,160
11676,1,361,145
11677,1,363,132
11678,1,365,111
11679,1,365,103
11680,1,367,98
11681,1,367,92
11682,1,369,86
11683,1,371,83
11684,1,373,83
11685,1,375,83
11686,1,375,83
11687,1,376,83
11688,1,376,85
11689,1,378,90
11690,1,380,92
11691,1,382,96
11692,1,382,102
11693,1,384,107
11694,1,388,120
11695,1,390,126
11696,1,390,134
11697,1,391,141
11698,1,393,151
11699,1,395,166
11700,1,395,175
11701,1,397,185
11702,1,397,192
11703,1,399,204
11704,1,401,222
11705,1,420,230
11706,1,440,232
11707,1,459,236
11708,1,478,239
11709,1,495,243
11710,1,523,253
11711,1,538,260
11712,1,551,268
11713,1,564,275
11714,1,575,283
11715,1,600,306
11716,1,613,317
11717,1,624,332
11718,1,633,343
11719,1,637,341
11720,1,630,302
11721,1,626,294
11722,1,622,287
11723,1,618,277
11724,1,618,272
11725,1,613,262
11726,1,611,260
11727,1,611,258
11728,1,609,260
11729,1,607,260
11730,1,607,264
11731,1,605,272
11732,1,603,275
11733,1,603,283
11734,1,603,289
11735,0,0,0
11736,0,0,0
11737,0,0,0
11738,0,0,0
11739,0,0,0
11740,0,0,0
11741,0,0,0
11742,1,609,332
11743,1,611,317
11744,1,613,306
11745,1,615,298
11746,1,620,281
11747,1,622,275
11748,1,626,272
11749,1,628,268
11750,1,631,268
11751,1,633,268
11752,1,637,268
11753,1,639,270
11754,1,641,273
11755,1,645,275
11756,1,646,281
11757,1,652,294
11758,1,654,304
11759,1,656,311
11760,1,658,321
11761,1,622,279
11762,1,573,219
11763,1,555,198
11764,1,540,181
11765,1,528,170
11766,1,517,158
11767,1,498,143
11768,1,489,136
11769,1,481,132
11770,1,476,130
11771,1,470,128
11772,1,465,126
11773,1,453,126
11774,1,450,128
11775,1,446,128
11776,1,442,132
11777,1,438,136
11778,1,433,143
11779,1,429,147
11780,1,427,154
11781,1,423,158
11782,1,421,166
11783,1,418,181
11784,1,416,188
11785,1,416,196
11786,1,414,204
11787,1,412,213
11788,1,410,230
11789,1,408,239
11790,1,408,249
11791,1,408,258
11792,1,406,268
11793,1,406,277
11794,1,401,234
11795,1,399,209
11796,1,397,188
11797,1,397,170
11798,1,395,153
11799,1,393,124
11800,1,391,113
11801,1,391,102
11802,1,390,94
11803,1,390,85
11804,1,388,71
11805,1,386,68
11806,1,386,64
11807,1,384,62
11808,1,382,60
11809,1,380,62
11810,1,378,66
11811,1,376,71
11812,1,375,77
11813,1,373,85
11814,1,371,96
11815,1,367,120
11816,1,365,136
11817,1,363,153
11818,1,363,166
11819,1,425,185
11820,1,474,205
11821,1,491,213
11822,1,506,221
11823,1,517,228
11824,1,526,236
11825,1,541,251
11826,1,547,258
11827,1,555,266
11828,1,558,273
11829,1,564,283
11830,1,571,298
11831,1,575,307
11832,1,579,317
11833,1,583,324
11834,1,585,336
11835,0,0,0
11836,1,594,319
11837,1,596,307
11838,1,598,298
11839,1,600,290
11840,1,600,285
11841,1,600,277
11842,1,600,273
11843,1,600,272
11844,1,601,270
11845,1,601,272
11846,1,603,273
11847,1,605,277
11848,1,605,283
11849,1,607,289
11850,1,607,296
11851,1,607,311
11852,1,609,319
11853,1,609,330
11854,1,609,341
11855,0,0,0
11856,0,0,0
11857,1,545,222
11858,1,530,194
11859,1,519,171
11860,1,510,153
11861,1,500,137
11862,1,487,115
11863,1,480,105
11864,1,476,98
11865,1,470,92
11866,1,466,88
11867,1,459,83
11868,1,453,81
11869,0,0,0
11870,0,0,0
11871,0,0,0
11872,0,0,0
11873,1,438,86
11874,1,436,90
11875,1,435,94
11876,1,433,100
11877,1,429,105
11878,1,427,117
11879,1,427,122
11880,1,425,130
11881,1,423,137
11882,1,423,147
11883,1,421,162
11884,1,421,171
11885,1,420,181
11886,1,420,188
11887,1,420,200
11888,1,431,222
11889,1,461,230
11890,1,485,239
11891,1,508,249
11892,1,526,256
11893,1,562,275
11894,1,579,285
11895,1,596,298
11896,1,611,309
11897,1,626,323
11898,1,641,338
11899,1,669,370
11900,1,682,387
11901,1,695,404
11902,1,705,417
11903,1,697,362
11904,1,682,306
11905,1,678,287
11906,1,673,270
11907,1,669,258
11908,1,667,249
11909,1,661,234
11910,1,660,230
11911,1,656,226
11912,1,654,224
11913,1,652,224
11914,1,650,224
11915,1,648,226
11916,1,648,230
11917,1,646,234
11918,1,646,239
11919,1,645,245
11920,1,645,256
11921,1,643,264
11922,1,643,273
11923,1,643,281
11924,1,643,290
11925,1,641,309
11926,1,641,319
11927,1,641,330
11928,1,641,341
11929,1,641,351
11930,1,643,366
11931,1,643,362
11932,0,0,0
11933,0,0,0
11934,0,0,0
11935,0,0,0
11936,0,0,0
11937,0,0,0
11938,0,0,0
11939,0,0,0
11940,0,0,0
11941,0,0,0
11942,0,0,0
11943,0,0,0
11944,0,0,0
11945,0,0,0
11946,0,0,0
11947,0,0,0
11948,0,0,0
11949,0,0,0
11950,0,0,0
11951,0,0,0
11952,0,0,0
11953,0,0,0
11954,0,0,0
11955,0,0,0
11956,0,0,0
11957,0,0,0
11958,0,0,0
11959,0,0,0
11960,0,0,0
11961,0,0,0
11962,0,0,0
11963,0,0,0
11964,0,0,0
11965,0,0,0
11966,0,0,0
11967,0,0,0
11968,0,0,0
11969,0,0,0
11970,0,0,0
11971,0,0,0
11972,0,0,0
11973,0,0,0
11974,0,0,0
11975,0,0,0
11976,0,0,0
11977,0,0,0
11978,0,0,0
11979,1,498,294
11980,1,495,287
11981,1,489,281
11982,1,483,277
11983,1,476,273
11984,1,472,273
11985,1,468,273
11986,1,466,275
11987,1,463,279
11988,1,459,285
11989,1,457,290
11990,1,453,296
11991,1,453,302
11992,1,451,307
11993,1,442,245
11994,1,435,224
11995,1,431,204
11996,1,425,185
11997,1,421,170
11998,1,412,139
11999,1,408,128
12000,1,405,117
12001,1,403,107
12002,1,399,98
12003,1,395,92
12004,1,388,81
12005,1,384,77
12006,1,380,75
12007,1,375,75
12008,1,371,75
12009,1,361,83
12010,1,358,88
12011,1,352,94
12012,1,348,105
12013,1,345,115
12014,1,335,143
12015,1,331,154
12016,1,436,245
12017,1,465,270
12018,1,481,285
12019,1,504,307
12020,1,513,317
12021,1,519,324
12022,1,523,332
12023,1,528,338
12024,1,536,324
12025,1,553,290
12026,1,560,279
12027,1,570,270
12028,1,577,260
12029,1,585,253
12030,1,598,241
12031,1,603,236
12032,1,611,234
12033,1,616,232
12034,1,622,232
12035,1,633,234
12036,1,641,238
12037,1,646,241
12038,1,652,245
12039,1,658,253
12040,1,669,270
12041,1,675,279
12042,1,680,294
12043,1,682,302
12044,1,669,289
12045,1,656,279
12046,1,652,268
12047,1,648,264
12048,1,645,264
12049,1,641,266
12050,1,637,266
12051,1,633,272
12052,1,633,275
12053,1,631,279
12054,1,630,283
12055,1,630,289
12056,1,626,302
12057,1,626,309
12058,1,626,317
12059,1,633,307
12060,1,637,285
12061,1,650,245
12062,1,656,228
12063,1,661,213
12064,1,667,200
12065,1,673,188
12066,1,678,177
12067,1,688,160
12068,1,693,153
12069,1,699,149
12070,1,705,145
12071,1,710,143
12072,1,720,143
12073,1,723,145
12074,1,729,149
12075,1,735,154
12076,1,738,162
12077,1,748,181
12078,1,703,207
12079,1,661,228
12080,1,639,239
12081,1,626,247
12082,1,607,258
12083,1,603,264
12084,1,598,270
12085,1,594,273
12086,1,592,279
12087,1,588,283
12088,1,577,266
12089,1,575,260
12090,1,570,255
12091,1,566,249
12092,1,562,247
12093,1,556,243
12094,1,553,243
12095,1,549,243
12096,1,547,245
12097,1,543,247
12098,1,538,256
12099,1,536,262
12100,1,532,268
12101,1,528,277
12102,1,526,285
12103,1,521,307
12104,1,519,321
12105,1,517,330
12106,1,521,330
12107,1,528,313
12108,1,538,302
12109,1,549,289
12110,1,551,283
12111,1,555,281
12112,1,558,279
12113,1,560,279
12114,1,566,279
12115,1,570,283
12116,1,571,285
12117,1,573,290
12118,1,577,294
12119,1,581,306
12120,1,583,309
12121,1,588,307
12122,1,592,294
12123,1,596,287
12124,1,601,273
12125,1,605,268
12126,1,607,264
12127,1,611,262
12128,1,613,262
12129,1,615,262
12130,1,616,264
12131,1,618,266
12132,1,620,270
12133,1,624,275
12134,1,626,283
12135,1,631,298
12136,1,633,306
12137,1,635,315
12138,1,637,326
12139,1,639,336
12140,1,633,309
12141,1,633,300
12142,1,630,294
12143,1,628,289
12144,1,626,281
12145,1,626,275
12146,1,624,273
12147,1,622,273
12148,1,620,273
12149,1,618,275
12150,1,618,279
12151,1,616,283
12152,1,615,289
12153,1,615,294
12154,1,615,300
12155,1,615,306
12156,1,615,324
12157,1,613,332
12158,1,613,340
12159,1,613,351
12160,1,611,366
12161,0,0,0
12162,0,0,0
12163,0,0,0
12164,0,0,0
12165,0,0,0
12166,0,0,0
12167,0,0,0
12168,0,0,0
12169,0,0,0
12170,0,0,0
12171,0,0,0
12172,0,0,0
12173,0,0,0
12174,0,0,0
12175,0,0,0
12176,0,0,0
12177,1,536,377
12178,1,536,377
12179,1,534,377
12180,1,534,377
12181,1,534,377
12182,1,534,377
12183,1,534,377
12184,1,534,377
12185,1,536,377
12186,1,536,379
12187,0,0,0
12188,1,510,309
12189,1,517,302
12190,1,525,294
12191,1,532,287
12192,1,538,281
12193,1,551,275
12194,1,558,272
12195,1,566,272
12196,1,571,272
12197,1,577,272
12198,1,588,277
12199,1,596,283
12200,1,600,289
12201,1,607,294
12202,1,611,302
12203,1,620,317
12204,0,0,0
12205,1,577,268
12206,1,553,239
12207,1,536,219
12208,1,508,188
12209,1,498,179
12210,1,487,170
12211,1,480,164
12212,1,472,158
12213,1,466,156
12214,1,457,153
12215,1,451,151
12216,1,448,151
12217,1,444,153
12218,1,440,154
12219,1,433,160
12220,1,431,164
12221,1,427,168
12222,1,425,173
12223,1,423,177
12224,1,420,188
12225,1,418,196
12226,1,416,204
12227,1,416,211
12228,1,414,219
12229,1,412,234
12230,1,410,241
12231,1,410,251
12232,1,406,255
12233,1,401,256
12234,1,397,258
12235,1,390,264
12236,1,388,268
12237,1,384,272
12238,1,382,277
12239,1,378,285
12240,1,373,302
12241,1,371,309
12242,1,410,292
12243,1,429,277
12244,1,450,270
12245,1,481,258
12246,1,493,256
12247,1,504,255
12248,1,513,253
12249,1,521,255
12250,1,536,258
12251,1,543,262
12252,1,549,266
12253,1,555,270
12254,1,560,275
12255,1,566,279
12256,1,573,292
12257,1,577,298
12258,1,583,306
12259,1,585,313
12260,1,590,321
12261,1,596,302
12262,1,601,290
12263,1,603,283
12264,1,603,277
12265,1,605,272
12266,1,609,266
12267,1,613,262
12268,1,615,260
12269,1,616,260
12270,1,618,260
12271,1,620,266
12272,1,622,270
12273,1,624,275
12274,1,626,281
12275,1,628,289
12276,1,630,298
12277,1,631,317
12278,1,631,330
12279,1,633,341
12280,1,633,345
12281,1,624,326
12282,1,618,298
12283,1,613,287
12284,1,611,279
12285,1,611,275
12286,1,611,272
12287,1,607,266
12288,1,605,266
12289,1,603,266
12290,1,601,268
12291,1,601,270
12292,1,600,275
12293,1,600,281
12294,1,598,285
12295,1,598,292
12296,1,596,298
12297,1,598,298
12298,1,603,283
12299,1,603,275
12300,1,605,270
12301,1,605,266
12302,1,607,262
12303,1,611,260
12304,1,615,258
12305,1,615,258
12306,1,615,260
12307,1,616,262
12308,1,616,270
12309,1,616,275
12310,1,618,283
12311,1,618,292
12312,1,620,300
12313,1,622,319
12314,1,624,330
12315,0,0,0
12316,1,583,241
12317,1,562,196
12318,1,547,166
12319,1,523,117
12320,1,513,100
12321,1,506,86
12322,1,500,73
12323,1,493,62
12324,0,0,0
12325,0,0,0
12326,0,0,0
12327,0,0,0
12328,0,0,0
12329,1,457,24
12330,0,0,0
12331,0,0,0
12332,0,0,0
12333,0,0,0
12334,0,0,0
12335,0,0,0
12336,0,0,0
12337,0,0,0
12338,0,0,0
12339,1,433,62
12340,1,431,77
12341,1,429,85
12342,1,427,92
12343,1,427,100
12344,1,425,109
12345,1,423,126
12346,1,423,136
12347,1,423,145
12348,1,421,154
12349,1,421,166
12350,1,420,185
12351,1,420,196
12352,1,420,207
12353,1,420,219
12354,1,412,238
12355,1,399,268
12356,1,395,281
12357,1,390,296
12358,1,386,309
12359,1,380,324
12360,1,376,341
12361,1,369,381
12362,1,365,392
12363,0,0,0
12364,1,440,311
12365,1,450,300
12366,1,474,277
12367,1,485,270
12368,1,495,264
12369,1,500,260
12370,1,508,258
12371,1,519,258
12372,1,525,260
12373,1,528,260
12374,1,532,264
12375,1,536,266
12376,1,543,275
12377,1,547,279
12378,1,551,285
12379,1,553,292
12380,1,556,300
12381,1,558,306
12382,1,551,292
12383,1,543,283
12384,1,540,279
12385,1,536,275
12386,1,530,272
12387,1,521,268
12388,1,517,268
12389,1,511,270
12390,1,508,272
12391,1,502,273
12392,1,495,283
12393,1,491,290
12394,1,487,296
12395,0,0,0
12396,0,0,0
12397,1,448,232
12398,1,438,209
12399,1,431,192
12400,1,423,181
12401,1,420,170
12402,1,416,162
12403,1,408,151
12404,1,405,147
12405,1,403,143
12406,1,399,143
12407,1,397,143
12408,1,393,143
12409,1,393,145
12410,1,391,147
12411,1,390,151
12412,1,390,154
12413,1,388,162
12414,1,386,168
12415,1,386,173
12416,1,386,181
12417,1,384,187
12418,1,384,200
12419,1,384,207
12420,1,382,215
12421,1,382,224
12422,1,382,232
12423,1,382,241
12424,1,382,258
12425,1,382,268
12426,1,382,245
12427,1,382,219
12428,1,382,192
12429,1,382,154
12430,1,380,137
12431,1,380,122
12432,1,382,111
12433,1,382,98
12434,1,382,79
12435,1,382,71
12436,1,382,64
12437,1,382,60
12438,1,382,54
12439,1,382,51
12440,1,384,51
12441,1,384,51
12442,1,384,54
12443,1,384,58
12444,1,384,64
12445,1,384,81
12446,1,382,92
12447,1,382,103
12448,1,382,119
12449,1,382,134
12450,1,405,205
12451,1,423,245
12452,1,435,268
12453,1,440,279
12454,1,444,290
12455,1,450,306
12456,1,453,313
12457,1,457,321
12458,1,457,326
12459,0,0,0
12460,1,442,290
12461,1,435,283
12462,1,431,275
12463,1,427,272
12464,1,423,266
12465,1,418,262
12466,1,410,258
12467,1,406,258
12468,1,403,258
12469,1,397,260
12470,1,393,264
12471,1,386,272
12472,1,382,279
12473,1,378,285
12474,1,375,294
12475,1,371,306
12476,1,363,326
12477,1,360,340
12478,1,358,353
12479,1,356,366
12480,1,354,343
12481,1,356,309
12482,1,356,292
12483,1,356,283
12484,1,356,277
12485,1,356,272
12486,1,358,266
12487,1,358,260
12488,1,358,260
12489,1,360,260
12490,1,360,260
12491,1,360,262
12492,1,360,268
12493,1,361,272
12494,1,361,277
12495,1,361,283
12496,1,363,289
12497,1,361,292
12498,1,361,285
12499,1,361,279
12500,1,361,275
12501,1,363,272
12502,1,361,270
12503,1,360,272
12504,1,358,272
12505,1,358,275
12506,1,356,279
12507,1,356,283
12508,1,356,296
12509,1,356,304
12510,1,354,313
12511,1,354,323
12512,1,352,334
12513,1,354,357
12514,0,0,0
12515,1,358,290
12516,1,361,258
12517,1,363,238
12518,1,367,209
12519,1,369,198
12520,1,371,190
12521,1,371,183
12522,1,373,177
12523,1,375,171
12524,1,376,170
12525,1,378,168
12526,1,378,168
12527,1,380,168
12528,1,382,170
12529,1,384,173
12530,1,386,177
12531,1,386,181
12532,1,388,185
12533,1,390,188
12534,1,391,200
12535,1,393,207
12536,1,393,213
12537,1,393,221
12538,1,395,228
12539,1,397,243
12540,1,399,251
12541,1,399,260
12542,1,401,268
12543,1,399,272
12544,1,391,260
12545,1,390,256
12546,1,386,255
12547,1,384,255
12548,1,382,255
12549,1,380,255
12550,1,376,260
12551,1,375,264
12552,1,371,268
12553,1,369,273
12554,1,367,281
12555,1,363,300
12556,1,361,309
12557,1,360,323
12558,1,358,334
12559,1,356,326
12560,1,360,290
12561,1,360,283
12562,1,361,279
12563,1,361,275
12564,1,361,272
12565,1,363,270
12566,1,363,270
12567,1,363,272
12568,1,365,273
12569,1,365,275
12570,1,367,281
12571,1,367,290
12572,1,367,294
12573,1,369,302
12574,1,369,309
12575,1,371,317
12576,1,371,328
12577,1,369,321
12578,1,367,311
12579,1,365,300
12580,1,363,292
12581,1,360,277
12582,1,360,273
12583,1,358,272
12584,1,358,268
12585,1,356,268
12586,1,354,268
12587,1,352,268
12588,1,352,270
12589,1,350,273
12590,1,348,277
12591,1,348,283
12592,1,345,298
12593,1,345,307
12594,1,345,317
12595,1,343,328
12596,1,341,340
12597,1,345,266
12598,1,348,241
12599,1,348,221
12600,1,350,205
12601,1,352,192
12602,1,354,173
12603,1,356,166
12604,1,356,160
12605,1,358,154
12606,1,360,151
12607,1,360,147
12608,1,361,147
12609,1,363,147
12610,1,363,147
12611,1,363,151
12612,1,365,153
12613,1,367,158
12614,1,369,162
12615,1,369,168
12616,1,371,173
12617,1,371,179
12618,1,375,192
12619,1,375,198
12620,1,376,205
12621,1,376,213
12622,1,378,222
12623,1,380,238
12624,1,382,247
12625,1,384,256
12626,1,410,251
12627,1,431,247
12628,1,466,243
12629,1,483,243
12630,1,496,243
12631,1,510,245
12632,1,525,247
12633,1,538,251
12634,1,562,258
12635,1,573,264
12636,1,585,272
12637,1,596,277
12638,1,603,285
12639,1,626,304
12640,1,635,315
12641,1,645,326
12642,1,652,340
12643,1,661,353
12644,1,671,366
12645,1,665,341
12646,1,660,324
12647,1,652,306
12648,1,648,294
12649,1,641,275
12650,1,639,268
12651,1,635,262
12652,1,631,258
12653,1,630,256
12654,1,626,253
12655,1,620,253
12656,1,618,253
12657,1,616,255
12658,1,615,256
12659,1,611,260
12660,1,609,270
12661,1,607,275
12662,1,605,283
12663,1,603,290
12664,1,603,298
12665,1,613,289
12666,1,620,272
12667,1,626,262
12668,1,635,251
12669,1,643,241
12670,1,658,228
12671,1,665,222
12672,1,671,219
12673,1,678,215
12674,1,686,215
12675,1,691,215
12676,1,706,219
12677,1,712,222
12678,1,720,228
12679,1,725,236
12680,0,0,0
12681,1,616,102
12682,1,600,85
12683,1,586,71
12684,1,577,60
12685,1,570,52
12686,1,556,45
12687,1,551,41
12688,1,547,41
12689,1,541,41
12690,0,0,0
12691,0,0,0
12692,0,0,0
12693,0,0,0
12694,0,0,0
12695,0,0,0
12696,0,0,0
12697,1,521,71
12698,0,0,0
12699,0,0,0
12700,1,517,90
12701,1,517,98
12702,1,515,111
12703,1,515,119
12704,1,513,128
12705,1,513,136
12706,1,513,145
12707,1,513,162
12708,1,513,171
12709,1,513,181
12710,1,513,190
12711,1,513,200
12712,1,513,219
12713,1,513,228
12714,1,513,239
12715,1,513,249
12716,1,513,260
12717,1,513,270
12718,0,0,0
12719,0,0,0
12720,0,0,0
12721,0,0,0
12722,0,0,0
12723,0,0,0
12724,0,0,0
12725,0,0,0
12726,0,0,0
12727,0,0,0
12728,0,0,0
12729,0,0,0
12730,0,0,0
12731,0,0,0
12732,0,0,0
12733,0,0,0
12734,0,0,0
12735,0,0,0
12736,0,0,0
12737,0,0,0
12738,0,0,0
12739,0,0,0
12740,0,0,0
12741,0,0,0
12742,0,0,0
12743,0,0,0
12744,0,0,0
12745,0,0,0
12746,0,0,0
12747,0,0,0
12748,0,0,0
12749,0,0,0
12750,0,0,0
12751,0,0,0
12752,0,0,0
12753,0,0,0
12754,0,0,0
12755,0,0,0
12756,0,0,0
12757,0,0,0
12758,0,0,0
12759,0,0,0
12760,0,0,0
12761,0,0,0
12762,0,0,0
12763,0,0,0
12764,0,0,0
12765,1,496,300
12766,1,491,290
12767,1,485,283
12768,1,480,279
12769,1,474,275
12770,1,465,272
12771,1,461,270
12772,1,455,270
12773,1,451,272
12774,1,446,273
12775,1,438,281
12776,1,433,287
12777,1,431,289
12778,0,0,0
12779,1,421,309
12780,1,416,319
12781,1,448,262
12782,1,461,241
12783,1,472,226
12784,1,480,213
12785,1,489,204
12786,1,500,192
12787,1,506,187
12788,1,510,185
12789,1,515,183
12790,1,519,181
12791,1,526,181
12792,1,528,183
12793,1,532,185
12794,1,536,188
12795,1,538,190
12796,1,543,200
12797,1,547,204
12798,1,549,209
12799,1,551,215
12800,1,553,222
12801,1,555,228
12802,1,558,243
12803,1,562,251
12804,1,562,258
12805,1,566,264
12806,1,571,226
12807,1,579,179
12808,1,583,160
12809,1,586,145
12810,1,590,130
12811,1,594,117
12812,1,601,94
12813,1,605,86
12814,1,607,77
12815,1,611,71
12816,1,615,66
12817,1,620,58
12818,1,624,56
12819,1,628,56
12820,1,630,58
12821,1,633,60
12822,1,637,64
12823,1,645,77
12824,1,646,86
12825,1,650,98
12826,1,652,111
12827,1,656,124
12828,0,0,0
12829,1,618,255
12830,1,611,275
12831,1,607,290
12832,1,603,302
12833,0,0,0
12834,0,0,0
12835,1,596,332
12836,1,596,340
12837,1,596,347
12838,1,594,351
12839,0,0,0
12840,0,0,0
12841,0,0,0
12842,0,0,0
12843,0,0,0
12844,0,0,0
12845,0,0,0
12846,0,0,0
12847,0,0,0
12848,0,0,0
12849,0,0,0
12850,0,0,0
12851,0,0,0
12852,0,0,0
12853,0,0,0
12854,0,0,0
12855,0,0,0
12856,0,0,0
12857,0,0,0
12858,0,0,0
12859,0,0,0
12860,0,0,0
12861,0,0,0
12862,0,0,0
12863,0,0,0
12864,0,0,0
12865,1,581,341
12866,1,583,341
12867,1,581,341
12868,1,581,341
12869,1,581,341
12870,1,581,341
12871,1,579,340
12872,0,0,0
12873,0,0,0
12874,0,0,0
12875,0,0,0
12876,0,0,0
12877,0,0,0
12878,0,0,0
12879,0,0,0
12880,0,0,0
12881,0,0,0
12882,0,0,0
12883,1,504,307
12884,1,508,300
12885,1,511,292
12886,1,517,279
12887,1,519,275
12888,1,523,273
12889,1,525,272
12890,1,528,270
12891,1,532,270
12892,1,536,272
12893,1,538,275
12894,1,540,279
12895,1,543,283
12896,1,547,300
12897,1,549,307
12898,1,551,315
12899,0,0,0
12900,0,0,0
12901,1,564,272
12902,1,564,247
12903,1,566,228
12904,1,568,213
12905,1,568,200
12906,1,570,192
12907,1,570,177
12908,1,571,171
12909,1,571,170
12910,1,573,166
12911,1,573,166
12912,1,575,166
12913,1,575,166
12914,1,577,168
12915,1,577,170
12916,1,579,173
12917,1,579,181
12918,1,581,187
12919,1,581,192
12920,1,583,198
12921,1,583,204
12922,1,585,219
12923,1,585,226
12924,1,586,232
12925,1,588,241
12926,1,588,249
12927,1,588,256
12928,1,592,272
12929,1,600,260
12930,1,605,253
12931,1,609,249
12932,1,615,245
12933,1,622,241
12934,1,626,241
12935,1,630,241
12936,1,633,245
12937,1,637,247
12938,1,645,256
12939,1,648,262
12940,1,650,270
12941,1,620,268
12942,1,594,258
12943,1,547,251
12944,1,526,249
12945,1,511,247
12946,1,496,249
12947,1,483,249
12948,1,474,253
12949,1,455,258
12950,1,446,264
12951,1,438,268
12952,1,431,273
12953,1,425,279
12954,1,414,292
12955,1,408,302
12956,1,405,309
12957,1,401,317
12958,0,0,0
12959,0,0,0
12960,1,405,307
12961,1,410,298
12962,1,416,290
12963,1,421,281
12964,1,427,270
12965,1,431,266
12966,1,435,264
12967,1,440,262
12968,1,444,260
12969,1,448,260
12970,1,455,262
12971,1,461,266
12972,1,465,270
12973,1,468,275
12974,1,472,281
12975,1,478,298
12976,1,481,306
12977,1,485,313
12978,0,0,0
12979,1,493,340
12980,0,0,0
12981,1,515,326
12982,1,521,313
12983,1,528,300
12984,1,536,289
12985,1,547,273
12986,1,553,268
12987,1,556,262
12988,1,562,260
12989,1,566,258
12990,1,571,256
12991,1,579,258
12992,1,583,260
12993,1,586,264
12994,1,590,268
12995,1,594,273
12996,1,600,283
12997,1,603,292
12998,1,605,300
12999,1,607,307
13000,1,611,317
13001,1,615,330
13002,1,620,317
13003,1,622,304
13004,1,622,294
13005,1,622,289
13006,1,628,279
13007,1,630,273
13008,1,631,270
13009,1,633,268
13010,1,633,266
13011,1,635,266
13012,1,637,268
13013,1,635,270
13014,1,637,273
13015,1,637,279
13016,1,639,283
13017,1,643,300
13018,1,645,307
13019,1,615,283
13020,1,592,258
13021,1,571,241
13022,1,541,215
13023,1,530,207
13024,1,521,200
13025,1,510,194
13026,1,502,190
13027,1,487,185
13028,1,481,185
13029,1,476,185
13030,1,470,185
13031,1,466,187
13032,1,461,188
13033,1,453,194
13034,1,451,198
13035,1,448,204
13036,1,444,207
13037,1,442,213
13038,1,438,224
13039,1,435,232
13040,1,433,238
13041,1,431,245
13042,1,425,255
13043,1,399,266
13044,1,388,273
13045,1,378,279
13046,1,371,287
13047,1,361,296
13048,1,346,315
13049,1,337,328
13050,1,330,340
13051,1,324,353
13052,1,320,351
13053,1,324,319
13054,1,331,281
13055,1,333,270
13056,1,337,260
13057,1,337,255
13058,1,341,249
13059,1,345,245
13060,1,345,243
13061,1,346,245
13062,1,348,245
13063,1,350,247
13064,1,352,253
13065,1,354,256
13066,1,356,262
13067,1,356,268
13068,1,358,273
13069,1,360,289
13070,1,361,294
13071,1,361,302
13072,1,363,311
13073,1,363,319
13074,1,365,313
13075,1,363,292
13076,1,363,283
13077,1,363,277
13078,1,360,273
13079,1,358,270
13080,1,356,264
13081,1,356,264
13082,1,356,262
13083,1,354,264
13084,1,352,266
13085,1,350,273
13086,1,350,279
13087,1,348,283
13088,1,348,292
13089,1,346,302
13090,1,346,321
13091,1,345,332
13092,1,345,343
13093,0,0,0
13094,0,0,0
13095,1,354,258
13096,1,360,217
13097,1,360,204
13098,1,363,192
13099,1,363,183
13100,1,365,175
13101,1,369,166
13102,1,371,162
13103,1,371,160
13104,1,373,158
13105,1,375,158
13106,1,376,160
13107,1,378,160
13108,1,378,164
13109,1,380,166
13110,1,382,170
13111,1,384,179
13112,1,386,185
13113,1,386,190
13114,1,388,196
13115,1,388,204
13116,1,390,211
13117,1,391,224
13118,1,393,234
13119,1,393,241
13120,1,395,249
13121,1,395,256
13122,1,390,247
13123,1,386,243
13124,1,384,239
13125,1,382,238
13126,1,380,238
13127,1,376,238
13128,1,376,239
13129,1,375,241
13130,1,373,245
13131,1,371,251
13132,1,369,262
13133,1,367,270
13134,1,365,279
13135,1,365,290
13136,1,363,300
13137,1,363,309
13138,1,414,289
13139,1,433,277
13140,1,448,275
13141,1,463,275
13142,1,476,275
13143,1,498,275
13144,1,510,277
13145,1,519,281
13146,1,526,285
13147,1,536,290
13148,1,551,300
13149,1,558,306
13150,1,564,313
13151,1,570,321
13152,1,577,328
13153,1,585,341
13154,1,590,351
13155,0,0,0
13156,1,603,328
13157,1,603,317
13158,1,611,304
13159,1,613,289
13160,1,613,279
13161,1,615,273
13162,1,616,268
13163,1,618,264
13164,1,624,260
13165,1,626,260
13166,1,628,260
13167,1,630,260
13168,1,633,264
13169,1,637,270
13170,1,637,275
13171,1,641,283
13172,1,641,290
13173,1,643,300
13174,1,646,319
13175,1,648,332
13176,1,650,340
13177,1,637,289
13178,1,630,260
13179,1,624,239
13180,1,615,211
13181,1,611,202
13182,1,609,192
13183,1,607,187
13184,1,603,181
13185,1,601,175
13186,1,600,173
13187,1,598,173
13188,1,596,173
13189,1,596,173
13190,1,594,177
13191,1,594,181
13192,1,592,183
13193,1,592,187
13194,1,592,192
13195,1,592,204
13196,1,592,209
13197,1,592,215
13198,1,592,222
13199,1,592,230
13200,1,592,238
13201,1,592,253
13202,1,592,260
13203,1,600,243
13204,1,613,213
13205,1,622,190
13206,1,641,147
13207,1,650,130
13208,1,658,113
13209,1,665,100
13210,1,673,88
13211,1,686,68
13212,1,693,58
13213,1,701,51
13214,1,706,45
13215,1,714,41
13216,1,725,37
13217,1,735,32
13218,1,740,34
13219,1,748,37
13220,1,753,39
13221,1,761,45
13222,1,774,60
13223,1,781,69
13224,1,787,81
13225,1,795,94
13226,1,800,107
13227,1,813,141
13228,1,819,162
13229,1,825,181
13230,1,830,204
13231,1,836,226
13232,1,847,279
13233,1,853,307
13234,1,856,336
13235,1,862,366
13236,1,866,392
13237,1,875,457
13238,1,879,489
13239,1,881,504
13240,0,0,0
13241,0,0,0
13242,0,0,0
13243,0,0,0
13244,0,0,0
13245,0,0,0
13246,0,0,0
13247,0,0,0
13248,0,0,0
13249,0,0,0
13250,0,0,0
13251,0,0,0
13252,0,0,0
13253,0,0,0
13254,0,0,0
13255,0,0,0
13256,0,0,0
13257,0,0,0
13258,0,0,0
13259,0,0,0
13260,0,0,0
13261,0,0,0
13262,0,0,0
13263,0,0,0
13264,0,0,0
13265,0,0,0
13266,0,0,0
13267,0,0,0
13268,0,0,0
13269,0,0,0
13270,0,0,0
13271,0,0,0
13272,0,0,0
13273,0,0,0
13274,0,0,0
13275,0,0,0
13276,0,0,0
13277,0,0,0
13278,0,0,0
13279,0,0,0
13280,0,0,0
13281,1,885,307
13282,1,873,298
13283,1,862,292
13284,1,851,289
13285,1,836,289
13286,1,825,290
13287,1,817,294
13288,0,0,0
13289,0,0,0
13290,0,0,0
13291,0,0,0
13292,1,770,357
13293,1,765,370
13294,0,0,0
13295,1,650,238
13296,1,631,217
13297,1,616,202
13298,1,603,188
13299,1,592,181
13300,1,575,170
13301,1,566,166
13302,1,560,164
13303,1,555,164
13304,1,549,164
13305,1,545,166
13306,1,538,171
13307,1,534,175
13308,1,530,181
13309,1,528,187
13310,1,525,192
13311,1,521,207
13312,1,519,215
13313,1,517,222
13314,1,517,232
13315,1,515,241
13316,1,513,260
13317,1,511,270
13318,1,510,279
13319,1,510,290
13320,1,510,302
13321,1,508,324
13322,1,508,336
13323,0,0,0
13324,1,506,358
13325,1,506,364
13326,1,504,360
13327,1,502,358
13328,1,502,358
13329,1,502,358
13330,1,502,358
13331,1,502,360
13332,1,502,364
13333,0,0,0
13334,0,0,0
13335,0,0,0
13336,0,0,0
13338,0,0,0
13339,0,0,0
13340,0,0,0
13341,0,0,0
13342,0,0,0
13343,0,0,0
13337,0,0,0
